,Full name,Age,G,MP,PER,TS%,3PAr,FTr,ORB%,DRB%,TRB%,AST%,STL%,BLK%,TOV%,USG%, ,OWS,DWS,WS,WS/48, ,OBPM,DBPM,BPM,VORP
1,Trae Young,23,76,2652,25.4,.603,.395,.358,2.1,9.6,5.9,46.7,1.3,0.2,14.5,34.4,,9.0,1.0,10.0,.181,,7.1,-2.0,5.2,4.8
2,Kevin Huerter,23,74,2188,11.9,.570,.541,.068,1.6,11.0,6.4,13.2,1.2,1.1,10.4,17.5,,1.8,1.0,2.8,.062,,-0.5,-0.7,-1.2,0.4
3,Clint Capela,27,74,2042,21.4,.604,.002,.280,15.0,31.9,23.5,6.6,1.3,4.1,6.1,15.5,,5.6,2.7,8.3,.195,,2.1,-0.1,2.0,2.1
4,Bogdan Bogdanović,29,63,1848,15.4,.562,.578,.145,1.7,13.0,7.4,15.5,1.8,0.7,7.7,21.6,,2.5,1.2,3.7,.095,,1.5,-0.2,1.3,1.5
5,Danilo Gallinari,33,66,1672,14.3,.579,.492,.261,2.3,17.8,10.1,8.5,0.8,0.6,5.4,18.4,,2.8,0.8,3.6,.105,,1.0,-1.2,-0.2,0.8
6,John Collins,24,54,1663,18.7,.610,.273,.262,6.2,21.5,13.9,8.9,1.0,3.0,7.7,20.5,,3.6,1.4,5.1,.146,,1.5,0.0,1.5,1.5
7,De'Andre Hunter,24,53,1577,10.6,.547,.339,.289,1.8,10.4,6.1,6.1,1.1,1.2,9.6,19.9,,0.4,0.7,1.1,.034,,-2.4,-1.5,-3.9,-0.8
8,Delon Wright,29,77,1452,13.8,.576,.431,.234,3.8,12.7,8.3,16.6,3.1,1.2,13.2,10.3,,2.2,1.5,3.6,.121,,-0.2,2.4,2.2,1.6
9,Onyeka Okongwu,21,48,992,19.8,.714,.000,.487,12.8,18.4,15.6,7.6,1.5,5.4,13.8,14.0,,3.1,1.1,4.2,.202,,0.0,0.8,0.8,0.7
10,Lou Williams,35,56,799,12.1,.500,.319,.244,2.2,9.7,6.0,18.6,1.7,0.3,10.8,21.7,,0.2,0.4,0.6,.034,,-2.0,-1.4,-3.4,-0.3
11,Cam Reddish,22,34,797,12.8,.537,.446,.233,2.8,8.7,5.8,6.9,2.2,1.2,10.4,23.2,,0.1,0.5,0.6,.034,,-0.8,-0.7,-1.5,0.1
12,Timothé Luwawu-Cabarrot,26,52,685,9.3,.556,.656,.220,2.7,10.3,6.6,7.7,1.3,0.8,8.9,14.3,,0.6,0.3,0.9,.061,,-2.3,-1.0,-3.3,-0.2
13,Gorgui Dieng,32,44,371,17.3,.624,.607,.232,9.5,26.1,17.8,12.7,1.5,3.1,13.9,16.9,,0.8,0.4,1.2,.155,,1.4,0.8,2.1,0.4
14,Skylar Mays,24,28,220,11.7,.589,.391,.141,2.5,9.9,6.2,10.8,1.6,0.0,12.8,15.5,,0.2,0.1,0.3,.061,,-1.2,-0.8,-2.0,0.0
15,Solomon Hill,30,13,139,3.3,.200,.650,.000,4.8,13.3,9.1,10.3,1.4,1.3,4.8,6.6,,-0.1,0.1,0.0,-0.006,,-5.2,1.2,-4.0,-0.1
16,Jalen Johnson,20,22,120,11.3,.590,.317,.171,1.8,21.8,11.9,3.7,1.2,1.5,17.0,19.3,,-0.1,0.1,0.0,.013,,-3.9,-1.1,-4.9,-0.1
17,Kevin Knox,22,17,111,10.1,.457,.578,.267,5.9,15.7,10.8,8.8,0.9,0.8,3.8,20.6,,0.0,0.1,0.1,.031,,-4.4,-2.5,-6.9,-0.1
18,Chaundee Brown Jr.,23,3,83,10.3,.525,.600,.240,1.3,17.0,9.2,6.4,1.2,0.0,0.0,14.6,,0.1,0.0,0.1,.080,,-2.4,-1.7,-4.1,0.0
19,Wes Iwundu,27,3,82,7.1,.557,.278,.222,4.0,13.3,8.7,0.0,0.6,0.0,4.8,11.1,,0.1,0.0,0.1,.046,,-4.1,-2.7,-6.8,-0.1
20,Lance Stephenson,31,6,70,4.5,.396,.231,.154,1.6,21.8,11.7,19.9,0.0,0.0,22.4,11.2,,-0.1,0.0,0.0,-0.023,,-6.8,-0.8,-7.7,-0.1
21,Malcolm Hill,26,3,46,19.0,.871,.625,.500,4.8,9.5,7.1,2.9,4.3,1.9,0.0,9.3,,0.2,0.1,0.2,.252,,0.3,3.5,3.8,0.1
22,Cameron Oliver,25,2,43,21.4,.705,.200,.200,5.1,10.1,7.6,11.1,1.1,2.1,0.0,16.6,,0.2,0.0,0.2,.219,,2.3,-0.5,1.7,0.0
23,Sharife Cooper,20,13,39,-5.4,.250,.429,.000,0.0,14.0,7.0,16.3,0.0,0.0,26.3,21.3,,-0.2,0.0,-0.2,-0.297,,-11.3,-5.0,-16.3,-0.1
24,Cat Barber,27,3,13,-11.2,.000,.000,1.000,8.5,16.7,12.6,26.7,0.0,0.0,14.8,22.7,,-0.1,0.0,-0.1,-0.450,,-15.8,-7.6,-23.5,-0.1
25,Jayson Tatum,23,76,2731,21.8,.578,.416,.300,3.5,20.2,12.1,21.1,1.4,1.6,10.9,32.1,,5.0,4.6,9.6,.169,,4.3,0.6,4.9,4.8
26,Marcus Smart,27,71,2296,13.6,.540,.501,.249,2.0,10.5,6.4,25.6,2.6,0.7,16.6,18.3,,1.9,3.7,5.6,.116,,-1.2,1.7,0.5,1.5
27,Jaylen Brown,25,66,2220,18.9,.574,.381,.261,2.6,16.7,9.8,17.9,1.6,0.7,11.6,30.5,,2.3,3.4,5.8,.124,,1.9,0.1,2.1,2.2
28,Al Horford,35,69,2005,16.7,.574,.466,.167,6.0,22.2,14.3,16.4,1.2,4.2,9.6,14.8,,3.7,3.8,7.6,.181,,1.4,2.9,4.3,3.2
29,Grant Williams,23,77,1875,11.2,.635,.597,.220,3.8,11.8,7.9,5.7,1.0,2.8,11.6,12.6,,2.4,2.6,5.1,.130,,-1.4,1.1,-0.4,0.8
30,Robert Williams,24,61,1804,22.1,.745,.003,.245,14.6,20.5,17.6,9.7,1.5,6.8,13.4,11.5,,6.0,3.9,9.9,.262,,2.4,3.1,5.5,3.4
31,Dennis Schröder,28,49,1433,13.5,.543,.329,.248,2.2,10.0,6.2,22.0,1.4,0.3,13.8,23.1,,1.0,1.8,2.8,.092,,-1.2,0.0,-1.2,0.3
32,Josh Richardson,28,44,1087,12.2,.570,.455,.207,2.7,9.6,6.2,8.7,1.6,1.9,9.4,16.7,,1.0,1.5,2.6,.113,,-1.0,1.2,0.3,0.6
33,Payton Pritchard,24,71,1001,15.0,.578,.657,.056,3.5,10.8,7.2,20.4,1.2,0.5,9.7,18.6,,1.8,1.2,3.1,.148,,1.7,0.1,1.8,1.0
34,Romeo Langford,22,44,728,9.3,.520,.451,.185,4.6,10.7,7.7,3.6,1.4,2.0,7.4,13.0,,0.2,1.0,1.3,.084,,-2.3,1.1,-1.2,0.2
35,Derrick White,27,26,713,12.9,.544,.483,.326,2.0,11.1,6.7,18.2,1.0,2.0,10.8,18.2,,0.9,0.9,1.8,.121,,-1.4,0.5,-0.9,0.2
36,Aaron Nesmith,22,52,574,7.3,.507,.632,.143,2.9,13.6,8.4,5.4,1.7,0.8,13.8,17.2,,-0.4,0.9,0.4,.038,,-4.9,0.7,-4.3,-0.3
37,Enes Freedom,29,35,411,15.0,.585,.052,.289,16.5,25.4,21.0,2.7,0.6,3.1,15.5,13.9,,0.6,0.7,1.4,.160,,-1.2,-0.2,-1.4,0.1
38,Daniel Theis,29,21,393,17.0,.658,.250,.286,7.6,19.1,13.5,8.0,1.1,3.3,10.6,15.8,,0.9,0.7,1.6,.190,,-1.0,0.9,-0.1,0.2
39,Sam Hauser,24,26,158,14.8,.650,.880,.000,3.5,16.0,9.9,9.1,0.3,1.2,3.8,14.5,,0.4,0.2,0.6,.171,,2.7,-0.3,2.3,0.2
40,Jabari Parker,26,12,112,14.8,.632,.421,.237,5.0,21.7,13.5,7.9,1.8,0.8,16.0,19.6,,0.1,0.2,0.3,.141,,-0.4,1.1,0.7,0.1
41,Juancho Hernangómez,26,18,96,3.8,.307,.667,.333,10.4,17.6,14.1,4.0,2.1,1.9,16.2,17.0,,-0.3,0.2,-0.1,-0.050,,-6.9,-1.4,-8.3,-0.2
42,Luke Kornet,26,12,85,18.8,.582,.190,.143,13.0,18.6,15.9,13.5,1.8,2.1,0.0,11.6,,0.3,0.2,0.4,.239,,0.6,1.4,2.1,0.1
43,Brodric Thomas,25,12,60,10.0,.520,.500,.278,3.7,14.1,9.0,26.0,0.8,1.5,22.9,19.2,,0.0,0.1,0.1,.052,,-3.6,0.8,-2.8,0.0
44,Bruno Fernando,23,20,58,12.6,.586,.071,.357,13.4,14.6,14.0,9.6,0.0,4.7,23.6,16.1,,0.0,0.1,0.1,.102,,-3.2,0.4,-2.8,0.0
45,Malik Fitts,24,8,28,26.1,.750,.600,.000,7.9,18.8,13.5,28.6,0.0,0.0,0.0,15.7,,0.2,0.0,0.2,.348,,8.6,1.2,9.8,0.1
46,Nik Stauskas,28,6,15,6.2,.509,1.000,.333,0.0,0.0,0.0,9.4,0.0,0.0,12.7,23.1,,0.0,0.0,0.0,-0.025,,-2.4,-4.8,-7.3,0.0
47,Kelan Martin,26,3,6,-11.3,.000,.333,.000,18.5,17.6,18.0,0.0,0.0,0.0,0.0,22.0,,-0.1,0.0,0.0,-0.382,,-14.7,-10.5,-25.1,0.0
48,Matt Ryan,24,1,5,3.5,.300,1.000,.000,0.0,0.0,0.0,0.0,9.9,0.0,0.0,44.0,,0.0,0.0,0.0,-0.250,,-9.9,-3.8,-13.7,0.0
49,Juwan Morgan,24,1,4,0.0,,,,0.0,0.0,0.0,0.0,0.0,0.0,,0.0,,0.0,0.0,0.0,.024,,-4.0,-2.0,-6.0,0.0
50,C.J. Miles,34,1,2,-7.8,,,,0.0,0.0,0.0,0.0,0.0,0.0,,0.0,,0.0,0.0,0.0,.030,,-16.3,0.0,-16.3,0.0
51,Joe Johnson,40,1,2,38.7,1.000,.000,.000,0.0,0.0,0.0,0.0,0.0,0.0,0.0,22.0,,0.0,0.0,0.0,.335,,12.1,2.8,15.0,0.0
52,Justin Jackson,26,1,2,22.7,.532,.000,2.000,0.0,0.0,0.0,0.0,0.0,0.0,0.0,41.4,,0.0,0.0,0.0,.251,,1.9,-4.4,-2.5,0.0
53,Patty Mills,33,81,2346,10.4,.563,.715,.074,0.9,6.2,3.6,10.6,1.1,0.6,8.2,16.4,,1.9,0.9,2.8,.058,,-0.3,-1.4,-1.7,0.2
54,Kevin Durant,33,55,2047,25.6,.634,.269,.367,1.6,19.6,10.8,29.1,1.1,2.3,12.9,31.2,,6.4,2.0,8.4,.198,,6.4,0.7,7.2,4.8
55,Bruce Brown,25,72,1774,15.0,.575,.186,.253,6.3,14.7,10.6,11.5,2.1,2.6,9.1,15.0,,2.8,2.0,4.8,.130,,-0.4,1.1,0.7,1.2
56,James Harden,32,44,1627,20.4,.576,.435,.496,2.9,20.2,11.7,39.7,1.7,1.7,19.8,28.3,,2.6,1.8,4.4,.130,,3.7,0.4,4.1,2.5
57,James Johnson,34,62,1191,10.3,.513,.277,.179,4.8,14.6,9.8,14.5,1.2,2.6,12.7,13.7,,0.6,1.1,1.7,.068,,-2.7,0.6,-2.2,-0.1
58,Cam Thomas,20,67,1176,11.7,.519,.346,.209,1.5,13.1,7.5,9.7,1.4,0.6,9.1,22.1,,0.0,0.8,0.8,.033,,-2.0,-1.4,-3.4,-0.4
59,Kyrie Irving,29,29,1091,21.4,.592,.388,.209,1.6,10.8,6.3,25.2,1.8,1.4,9.8,29.4,,2.4,0.9,3.3,.147,,4.2,-1.2,3.0,1.4
60,LaMarcus Aldridge,36,47,1050,19.6,.604,.100,.223,7.8,18.7,13.4,6.3,0.6,4.0,8.0,22.4,,2.1,1.0,3.1,.141,,1.3,-0.6,0.7,0.7
61,Kessler Edwards,21,48,987,8.3,.516,.509,.071,5.0,13.8,9.5,4.1,1.4,2.2,13.2,13.8,,-0.2,0.9,0.6,.031,,-3.1,-0.8,-3.8,-0.5
62,Nic Claxton,22,47,974,18.6,.672,.000,.352,10.4,18.9,14.8,6.4,1.2,4.7,11.1,15.1,,2.3,1.2,3.5,.171,,0.3,0.2,0.5,0.6
63,Blake Griffin,32,56,958,13.7,.518,.463,.243,7.0,18.6,13.0,15.0,1.4,1.3,8.2,16.9,,1.2,0.9,2.1,.106,,-0.6,0.1,-0.5,0.3
64,DeAndre' Bembry,27,48,949,12.4,.609,.169,.164,4.5,12.8,8.7,8.5,2.4,2.4,11.6,11.7,,1.1,1.1,2.1,.108,,-2.0,1.6,-0.4,0.4
65,Seth Curry,31,19,569,14.6,.645,.588,.100,0.8,8.4,4.7,12.5,1.4,0.5,10.2,18.5,,1.0,0.3,1.3,.112,,1.5,-0.8,0.7,0.4
66,Jevon Carter,26,46,552,6.5,.462,.730,.057,1.8,11.2,6.6,10.9,1.2,1.6,12.7,15.9,,-0.4,0.4,-0.1,-0.005,,-3.6,-0.9,-4.4,-0.3
67,Andre Drummond,28,24,535,23.8,.610,.005,.421,19.4,30.6,25.1,9.8,2.0,3.8,13.5,21.5,,1.3,0.9,2.2,.199,,1.7,-0.5,1.2,0.4
68,Joe Harris,30,14,423,9.6,.624,.710,.048,1.3,12.8,7.2,4.5,0.8,0.4,11.2,14.5,,0.3,0.2,0.5,.060,,-0.9,-0.5,-1.4,0.1
69,Goran Dragić,35,16,408,8.6,.460,.419,.197,3.0,10.4,6.8,24.7,1.7,0.7,20.6,16.9,,-0.2,0.3,0.1,.006,,-3.3,-1.1,-4.4,-0.3
70,Day'Ron Sharpe,20,32,391,20.7,.593,.047,.275,23.2,21.4,22.3,6.7,1.2,3.4,15.2,21.7,,0.8,0.5,1.2,.152,,-0.3,-2.5,-2.8,-0.1
71,David Duke Jr.,22,22,341,10.0,.444,.343,.194,9.8,11.5,10.7,6.6,2.0,1.8,7.1,15.9,,0.0,0.3,0.3,.048,,-3.0,-0.9,-3.9,-0.2
72,Paul Millsap,36,24,270,11.2,.443,.318,.200,12.0,23.6,17.9,11.8,0.9,3.6,10.6,16.5,,0.1,0.3,0.4,.069,,-3.6,0.5,-3.1,-0.1
73,Langston Galloway,30,4,58,1.8,.462,.615,.000,1.9,12.8,7.5,11.0,0.0,0.0,27.8,13.3,,-0.1,0.0,-0.1,-0.072,,-7.7,-2.8,-10.4,-0.1
74,Shaquille Harrison,28,2,23,4.6,.333,.333,.000,4.9,13.8,9.5,16.6,2.1,3.9,25.0,15.0,,-0.1,0.0,0.0,-0.067,,-9.0,0.6,-8.3,0.0
75,James Ennis III,31,2,14,14.7,.357,.286,.000,16.0,22.7,19.4,0.0,3.5,6.4,0.0,21.5,,0.0,0.0,0.0,.034,,-0.5,-0.6,-1.1,0.0
76,Wenyen Gabriel,24,1,1,11.8,,,,0.0,100.0,54.5,0.0,0.0,0.0,,0.0,,0.0,0.0,0.0,.167,,-1.9,0.3,-1.6,0.0
77,Miles Bridges,23,80,2837,17.9,.593,.383,.274,3.3,17.8,10.4,15.7,1.3,2.2,9.9,22.6,,5.0,2.3,7.2,.123,,1.8,-0.3,1.5,2.5
78,Terry Rozier,27,73,2458,17.6,.566,.508,.151,2.4,11.3,6.8,19.7,1.8,1.0,7.2,23.2,,4.3,1.6,5.9,.115,,2.4,-0.7,1.7,2.3
79,LaMelo Ball,20,75,2422,19.7,.554,.451,.194,4.7,17.4,11.0,35.7,2.4,1.2,15.3,28.2,,3.4,2.5,5.8,.116,,3.3,0.1,3.4,3.3
80,Kelly Oubre Jr.,26,76,1999,14.9,.560,.593,.203,4.1,12.0,8.0,6.2,1.8,1.5,6.2,23.0,,1.8,1.4,3.3,.079,,0.2,-1.6,-1.4,0.3
81,Cody Martin,26,71,1866,12.7,.579,.376,.253,4.6,11.7,8.1,12.4,2.3,1.6,11.5,12.1,,2.4,1.5,3.9,.101,,-1.2,0.7,-0.5,0.7
82,Mason Plumlee,31,73,1793,14.7,.603,.006,.534,10.2,23.3,16.7,16.4,1.6,2.7,20.2,11.7,,2.7,2.0,4.7,.127,,-1.5,1.5,0.0,0.9
83,P.J. Washington,23,65,1768,13.6,.588,.566,.152,4.8,15.5,10.1,11.2,1.5,3.3,12.6,15.6,,1.8,1.6,3.4,.091,,-0.2,0.2,-0.1,0.9
84,Gordon Hayward,31,49,1564,15.1,.570,.357,.241,2.5,12.8,7.6,16.1,1.4,1.3,10.6,20.7,,1.9,1.0,2.8,.087,,0.1,-0.8,-0.7,0.5
85,Jalen McDaniels,24,55,895,12.7,.595,.425,.283,4.3,16.0,10.1,8.7,1.4,2.3,11.2,15.3,,1.0,0.7,1.7,.093,,-1.9,-0.4,-2.3,-0.1
86,Montrezl Harrell,28,25,524,21.7,.672,.012,.529,10.6,14.2,12.3,13.9,1.0,2.2,9.4,19.0,,1.9,0.3,2.2,.203,,2.6,-0.8,1.8,0.5
87,Ish Smith,33,37,511,9.6,.434,.135,.103,2.2,9.7,5.9,25.9,1.9,1.8,15.7,19.1,,-0.5,0.3,-0.1,-0.011,,-3.7,-0.7,-4.5,-0.3
88,Nick Richards,24,50,367,15.9,.689,.000,.478,9.7,15.2,12.4,4.9,1.2,5.4,18.1,15.4,,0.6,0.3,1.0,.125,,-2.6,-0.2,-2.8,-0.1
89,James Bouknight,21,31,304,10.1,.459,.348,.220,7.6,10.6,9.1,11.9,1.1,0.3,8.8,23.7,,-0.1,0.1,0.0,.001,,-3.4,-3.7,-7.1,-0.4
90,JT Thor,19,33,262,9.7,.525,.491,.364,4.4,13.1,8.7,9.2,1.5,4.0,13.6,12.0,,0.1,0.2,0.3,.058,,-3.1,0.1,-3.0,-0.1
91,Isaiah Thomas,32,17,219,16.0,.557,.483,.125,1.4,8.8,5.1,17.0,1.5,1.3,7.3,26.5,,0.2,0.1,0.4,.078,,-0.1,-2.6,-2.7,0.0
92,Kai Jones,21,21,63,9.2,.628,.143,.571,5.0,13.7,9.2,8.6,0.8,3.0,25.5,15.9,,0.0,0.0,0.0,.009,,-5.2,-1.4,-6.6,-0.1
93,Vernon Carey Jr.,20,4,17,17.2,.546,.000,.500,18.4,12.6,15.6,0.0,2.8,0.0,12.0,20.8,,0.0,0.0,0.0,.099,,-2.8,-5.2,-8.0,0.0
94,Scottie Lewis,21,2,7,14.6,.568,,,0.0,0.0,0.0,16.2,6.9,0.0,0.0,5.3,,0.0,0.0,0.0,.164,,0.0,5.9,6.0,0.0
95,Arnoldas Kulboka,24,2,5,-10.7,.000,1.000,.000,0.0,0.0,0.0,0.0,0.0,0.0,0.0,8.5,,0.0,0.0,0.0,-0.217,,-14.7,-7.1,-21.8,0.0
96,DeMar DeRozan,32,76,2743,23.1,.590,.093,.386,2.3,13.7,8.0,23.3,1.2,0.8,9.2,31.8,,7.0,1.8,8.8,.154,,3.4,-0.9,2.5,3.1
97,Nikola Vučević,31,73,2418,18.2,.533,.287,.105,6.6,30.7,18.7,15.2,1.4,2.5,10.1,24.5,,1.4,3.2,4.5,.090,,0.8,0.1,0.9,1.8
98,Zach LaVine,26,67,2328,20.0,.605,.401,.316,1.1,13.8,7.4,20.8,0.9,0.9,11.2,28.8,,4.5,1.3,5.8,.120,,3.9,-1.5,2.4,2.6
99,Ayo Dosunmu,22,77,2110,11.2,.596,.348,.146,1.4,9.9,5.7,16.5,1.4,1.2,15.9,14.1,,1.7,1.3,3.0,.069,,-1.9,-0.1,-2.0,0.0
100,Coby White,21,61,1675,12.6,.564,.548,.141,1.1,11.0,6.1,15.0,0.8,0.6,9.3,19.8,,1.6,0.8,2.4,.067,,-0.4,-1.7,-2.1,0.0
101,Javonte Green,28,65,1519,14.0,.637,.311,.295,6.8,13.6,10.2,5.3,2.2,1.8,7.6,11.5,,2.9,1.5,4.4,.139,,-0.6,0.7,0.1,0.8
102,Lonzo Ball,24,35,1212,14.5,.575,.679,.073,3.3,14.3,8.8,20.0,2.6,2.2,17.2,17.4,,0.8,1.4,2.2,.088,,0.9,1.6,2.5,1.4
103,Alex Caruso,27,41,1147,11.7,.528,.492,.285,3.3,11.2,7.3,18.5,3.0,1.1,16.5,13.3,,0.7,1.2,2.0,.082,,-2.2,2.3,0.2,0.6
104,Troy Brown Jr.,22,66,1055,10.1,.525,.516,.101,4.2,17.4,10.8,8.2,1.7,0.4,8.8,12.3,,0.5,0.9,1.4,.065,,-1.7,-0.2,-1.8,0.1
105,Derrick Jones Jr.,24,51,899,13.0,.633,.313,.359,7.6,13.6,10.6,4.4,1.4,3.2,11.7,12.5,,1.4,0.8,2.2,.119,,-1.5,0.5,-0.9,0.2
106,Tony Bradley,24,55,549,14.9,.600,.000,.236,13.8,24.3,19.1,6.7,0.9,5.2,20.0,13.6,,0.6,0.7,1.3,.112,,-2.0,0.2,-1.8,0.0
107,Matt Thomas,27,40,459,9.9,.564,.679,.149,0.7,11.5,6.1,5.8,0.9,0.6,5.3,14.5,,0.3,0.2,0.6,.058,,-1.2,-1.4,-2.6,-0.1
108,Patrick Williams,20,17,422,12.7,.637,.284,.402,4.6,13.8,9.2,4.8,1.0,1.8,11.8,14.2,,0.6,0.3,0.9,.099,,-0.9,-0.7,-1.5,0.0
109,Tristan Thompson,30,23,376,15.0,.575,.022,.522,12.3,20.3,16.3,5.1,1.6,1.6,9.6,14.7,,0.6,0.4,1.0,.126,,-0.9,-0.8,-1.7,0.0
110,Alfonzo McKinnie,29,17,206,5.6,.457,.443,.131,7.1,10.9,9.0,3.2,0.5,1.3,9.8,15.3,,-0.2,0.1,-0.1,-0.015,,-5.6,-3.4,-9.0,-0.4
111,Tyler Cook,24,20,200,13.0,.643,.000,.842,9.1,20.7,14.9,2.0,1.0,1.7,11.8,13.0,,0.4,0.2,0.5,.127,,-3.0,-1.1,-4.1,-0.1
112,Malcolm Hill,26,16,166,11.0,.568,.705,.227,6.1,13.5,9.8,5.6,0.9,1.0,5.8,13.6,,0.2,0.1,0.3,.091,,-1.5,-1.6,-3.1,0.0
113,Alize Johnson,25,16,121,10.2,.537,.087,.304,15.0,18.5,16.7,8.6,1.2,0.0,23.5,12.4,,0.1,0.1,0.2,.063,,-3.4,-0.6,-4.0,-0.1
114,Devon Dotson,22,11,85,9.8,.538,.391,.391,1.3,10.5,6.0,23.9,0.6,0.0,15.6,16.6,,0.1,0.0,0.1,.048,,-3.4,-1.5,-4.9,-0.1
115,Marko Simonovic,22,9,35,10.2,.428,.333,.733,16.2,16.0,16.1,0.0,1.4,2.5,9.2,27.5,,0.0,0.0,0.0,-0.011,,-6.1,-5.0,-11.1,-0.1
116,Mac McClung,23,1,3,8.7,1.000,.000,.000,0.0,0.0,0.0,0.0,0.0,0.0,50.0,29.4,,0.0,0.0,0.0,-0.251,,-6.9,-8.4,-15.3,0.0
117,Jordan Bell,27,1,2,29.9,,,,56.6,0.0,28.1,0.0,24.4,0.0,,0.0,,0.0,0.0,0.0,.600,,-8.1,10.8,2.7,0.0
118,Darius Garland,22,68,2430,19.0,.576,.387,.205,1.8,8.2,5.1,39.9,1.8,0.3,16.2,27.8,,3.8,2.5,6.3,.125,,3.4,-0.8,2.6,2.8
119,Evan Mobley,20,69,2331,16.1,.549,.111,.304,6.9,19.8,13.5,11.6,1.2,4.4,12.4,20.4,,1.5,3.7,5.2,.107,,-0.9,1.5,0.6,1.5
120,Isaac Okoro,21,67,1981,10.4,.589,.364,.360,4.1,7.1,5.6,8.5,1.4,1.0,10.4,12.4,,2.4,1.9,4.2,.103,,-2.4,0.7,-1.7,0.1
121,Lauri Markkanen,24,61,1878,14.7,.582,.541,.226,3.5,16.5,10.2,6.6,1.2,1.4,6.5,19.5,,2.7,2.3,5.0,.127,,0.4,-0.1,0.4,1.1
122,Jarrett Allen,23,56,1809,23.0,.698,.018,.428,12.0,24.5,18.4,8.2,1.2,3.7,12.7,18.1,,5.4,3.0,8.5,.225,,2.7,1.2,3.9,2.7
123,Kevin Love,33,74,1665,19.6,.594,.627,.260,5.9,29.2,17.8,15.3,0.8,1.0,10.4,25.1,,3.2,2.5,5.7,.164,,4.4,0.1,4.5,2.7
124,Cedi Osman,26,66,1462,13.3,.563,.628,.229,1.9,9.0,5.5,14.1,1.8,0.6,9.6,21.1,,1.3,1.6,2.9,.094,,-0.3,0.5,0.2,0.8
125,Lamar Stevens,24,63,1015,11.3,.544,.204,.235,5.2,12.5,8.9,6.5,1.5,1.6,10.4,17.1,,0.4,1.2,1.6,.078,,-3.2,0.3,-2.9,-0.2
126,Dean Wade,25,51,980,10.1,.584,.654,.138,3.6,13.1,8.5,7.3,1.5,0.6,6.5,11.1,,1.1,1.1,2.3,.111,,-1.9,1.3,-0.6,0.4
127,Ricky Rubio,31,34,970,14.0,.488,.423,.251,1.7,14.1,8.0,34.6,2.5,0.6,16.5,24.9,,-0.1,1.4,1.3,.064,,-1.0,1.2,0.2,0.5
128,Caris LeVert,27,19,567,12.4,.511,.289,.203,2.6,9.7,6.2,20.5,1.4,0.8,11.6,22.3,,0.1,0.6,0.7,.057,,-2.1,-1.1,-3.1,-0.2
129,Brandon Goodwin,26,36,502,11.8,.501,.357,.247,3.1,11.4,7.4,26.0,2.5,0.2,17.4,18.2,,0.1,0.7,0.7,.069,,-2.6,1.1,-1.6,0.1
130,Dylan Windler,25,50,459,8.8,.519,.714,.184,5.2,16.0,10.7,10.0,1.5,0.6,13.1,11.8,,0.2,0.6,0.8,.084,,-2.9,1.2,-1.7,0.0
131,Rajon Rondo,35,21,408,13.9,.567,.552,.229,1.4,14.3,8.0,35.3,2.2,0.2,22.7,16.2,,0.5,0.5,1.0,.119,,-0.7,1.0,0.3,0.2
132,Collin Sexton,23,11,316,11.2,.523,.298,.258,4.6,7.9,6.3,11.9,1.6,0.0,15.6,27.9,,-0.4,0.3,-0.1,-0.009,,-3.5,-0.7,-4.1,-0.2
133,Denzel Valentine,28,22,204,8.4,.516,.710,.000,5.0,15.4,10.3,7.6,1.7,0.0,13.9,15.6,,-0.1,0.2,0.2,.045,,-2.7,0.3,-2.4,0.0
134,Ed Davis,32,31,201,9.3,.632,.000,.875,7.9,26.9,17.6,4.5,0.7,4.0,18.4,6.0,,0.2,0.3,0.5,.126,,-4.2,2.5,-1.8,0.0
135,Moses Brown,22,14,176,21.4,.636,.000,.500,14.8,31.4,23.2,0.0,1.1,3.5,7.8,19.3,,0.4,0.3,0.8,.207,,-0.2,-1.7,-1.9,0.0
136,Kevin Pangos,29,24,166,6.5,.408,.565,.087,1.4,5.9,3.7,24.6,0.9,0.0,12.8,14.6,,-0.1,0.1,0.1,.016,,-4.7,-1.4,-6.1,-0.2
137,RJ Nembhard Jr.,22,14,63,8.0,.380,.111,.222,5.4,6.9,6.1,26.1,0.8,0.0,13.2,16.0,,0.0,0.0,0.0,.010,,-4.4,-1.5,-5.9,-0.1
138,Tacko Fall,26,11,59,11.3,.398,.000,.583,13.4,29.4,21.6,4.6,0.0,9.1,16.6,13.6,,-0.1,0.1,0.1,.043,,-4.1,0.8,-3.4,0.0
139,Justin Anderson,28,3,47,10.7,.666,.750,.500,0.0,13.8,7.1,17.3,1.1,0.0,17.0,11.1,,0.1,0.0,0.1,.124,,-3.0,0.4,-2.6,0.0
140,Luke Kornet,26,2,15,8.7,.316,.200,.600,15.1,7.2,11.1,8.8,0.0,5.9,0.0,18.6,,0.0,0.0,0.0,.008,,-6.7,-3.2,-9.9,0.0
141,Tre Scott,25,2,11,20.4,.500,.167,.000,10.3,9.8,10.1,0.0,4.5,8.1,0.0,24.1,,0.0,0.0,0.0,.138,,-4.8,1.8,-3.0,0.0
142,Malik Newman,24,1,8,28.6,.680,.200,.400,0.0,13.5,6.9,27.8,0.0,0.0,14.5,38.1,,0.0,0.0,0.0,.179,,6.3,0.1,6.4,0.0
143,Tim Frazier,31,2,8,-10.3,.500,.000,.000,0.0,0.0,0.0,17.9,0.0,0.0,50.0,22.1,,-0.1,0.0,0.0,-0.283,,-17.8,-5.8,-23.6,0.0
144,Dorian Finney-Smith,28,80,2644,12.5,.604,.629,.120,5.1,10.7,7.9,8.2,1.7,1.3,9.9,13.8,,3.4,3.2,6.6,.121,,0.1,0.7,0.8,1.9
145,Jalen Brunson,25,79,2524,17.1,.583,.250,.211,1.9,11.7,6.8,24.3,1.3,0.1,10.1,21.9,,4.9,2.7,7.5,.143,,0.9,0.0,0.9,1.9
146,Luka Dončić,22,65,2301,25.1,.571,.406,.349,2.7,26.0,14.3,46.0,1.6,1.4,15.3,37.4,,3.8,3.8,7.6,.159,,6.4,1.8,8.2,5.9
147,Reggie Bullock,30,68,1902,9.2,.558,.782,.096,1.9,12.2,7.0,6.1,1.1,0.7,7.1,13.3,,1.2,2.0,3.2,.080,,-1.5,0.0,-1.4,0.3
148,Dwight Powell,30,82,1798,18.1,.725,.092,.529,10.7,14.3,12.5,8.1,1.0,2.0,11.5,14.0,,6.0,2.2,8.2,.219,,0.4,0.5,0.9,1.3
149,Maxi Kleber,30,59,1450,11.0,.537,.720,.184,5.4,21.5,13.4,6.5,1.0,3.6,10.9,13.3,,0.7,2.3,3.0,.098,,-1.6,1.2,-0.4,0.6
150,Tim Hardaway Jr.,29,42,1245,12.7,.520,.574,.194,1.2,12.8,7.0,11.4,1.5,0.4,5.6,22.0,,0.5,1.5,2.0,.077,,-0.4,0.2,-0.2,0.6
151,Josh Green,21,67,1039,11.9,.578,.305,.176,5.6,11.7,8.6,11.0,2.2,1.2,13.8,13.9,,1.0,1.4,2.4,.111,,-2.4,1.4,-1.0,0.3
152,Kristaps Porziņģis,26,34,1002,21.8,.561,.341,.335,7.1,21.9,14.5,11.7,1.3,5.3,8.3,28.6,,1.6,1.8,3.4,.161,,2.2,0.8,3.0,1.3
153,Frank Ntilikina,23,58,685,10.4,.513,.498,.112,1.9,10.9,6.4,14.7,2.0,0.9,11.7,17.4,,0.1,0.9,0.9,.065,,-2.8,0.9,-1.9,0.0
154,Spencer Dinwiddie,28,23,650,19.0,.624,.428,.449,1.5,10.8,6.2,22.0,1.3,0.8,9.6,22.3,,1.8,0.7,2.5,.182,,2.9,0.1,2.9,0.8
155,Sterling Brown,26,49,628,8.4,.495,.594,.097,4.6,21.8,13.2,7.5,1.1,1.0,12.5,13.2,,-0.1,0.9,0.8,.061,,-3.4,0.5,-2.9,-0.1
156,Trey Burke,29,42,441,10.0,.475,.381,.107,1.0,7.3,4.2,20.7,1.4,0.0,10.4,25.6,,-0.4,0.4,0.0,.003,,-3.6,-1.4,-5.0,-0.3
157,Marquese Chriss,24,34,346,14.8,.518,.187,.246,10.6,22.5,16.5,7.7,1.9,3.1,10.3,21.5,,0.2,0.6,0.8,.108,,-3.8,0.0,-3.8,-0.2
158,Dāvis Bertāns,29,22,306,11.2,.540,.827,.096,2.2,18.2,10.2,7.1,1.0,1.8,4.4,16.7,,0.2,0.4,0.6,.098,,-0.4,-0.3,-0.7,0.1
159,Willie Cauley-Stein,28,18,177,8.4,.474,.057,.057,8.2,15.7,11.9,7.0,1.7,1.5,16.3,10.9,,0.0,0.2,0.2,.063,,-4.1,0.9,-3.1,0.0
160,Moses Brown,22,26,169,15.5,.588,.000,.860,10.5,29.6,20.1,0.9,0.9,4.8,16.9,22.1,,0.1,0.3,0.4,.111,,-4.7,-0.2,-4.8,-0.1
161,Theo Pinson,26,19,148,11.9,.553,.769,.256,1.5,14.3,7.9,15.9,1.7,1.2,10.3,14.7,,0.2,0.2,0.4,.122,,-1.5,1.0,-0.5,0.1
162,Boban Marjanović,33,23,128,18.5,.615,.057,.314,6.9,27.0,16.9,4.8,0.0,2.1,15.8,33.3,,-0.1,0.2,0.1,.045,,-3.2,-1.2,-4.4,-0.1
163,Brandon Knight,30,5,65,13.0,.561,.680,.320,0.0,13.7,6.8,18.6,0.8,0.0,12.3,22.5,,0.1,0.1,0.1,.091,,-2.7,-1.9,-4.6,0.0
164,Carlik Jones,24,3,19,-4.0,.127,.143,.286,5.8,11.7,8.8,32.3,2.6,0.0,27.6,25.8,,-0.2,0.0,-0.1,-0.338,,-13.0,-4.3,-17.3,-0.1
165,George King,28,4,19,-12.3,.085,.800,.400,0.0,29.3,14.6,0.0,0.0,0.0,14.5,16.3,,-0.1,0.0,-0.1,-0.296,,-16.5,-3.5,-20.1,-0.1
166,Eugene Omoruyi,24,4,18,17.0,.518,.400,.800,12.3,30.9,21.6,15.8,0.0,0.0,0.0,16.9,,0.1,0.0,0.1,.201,,3.3,0.7,4.0,0.0
167,Charlie Brown Jr.,24,3,15,5.1,.200,.600,.000,0.0,7.4,3.7,8.9,6.7,6.0,0.0,15.0,,-0.1,0.0,0.0,-0.050,,-7.7,5.1,-2.6,0.0
168,Isaiah Thomas,32,1,13,12.6,.375,.375,.000,0.0,0.0,0.0,52.6,0.0,0.0,0.0,27.7,,0.0,0.0,0.0,.006,,-0.6,-3.7,-4.2,0.0
169,Moses Wright,23,3,13,17.3,.470,.250,.750,8.5,17.1,12.8,10.4,0.0,7.0,0.0,18.4,,0.0,0.0,0.0,.160,,0.3,-0.7,-0.3,0.0
170,JaQuori McLaughlin,24,4,11,-2.9,.000,.500,.000,0.0,0.0,0.0,22.3,0.0,0.0,0.0,8.2,,0.0,0.0,0.0,-0.101,,-9.4,-4.2,-13.6,0.0
171,Nikola Jokić,26,74,2476,32.8,.661,.220,.357,9.6,35.5,23.0,42.6,2.2,2.3,15.6,31.9,,10.8,4.5,15.2,.296,,9.2,4.5,13.7,9.8
172,Aaron Gordon,26,75,2376,15.3,.602,.312,.276,6.1,14.3,10.3,11.6,0.9,1.7,12.5,19.7,,3.2,2.0,5.2,.105,,0.5,-1.1,-0.6,0.9
173,Will Barton,31,71,2277,13.4,.548,.480,.142,2.2,14.1,8.3,17.6,1.2,1.2,11.8,20.8,,1.2,1.9,3.2,.067,,0.4,-0.9,-0.5,0.9
174,Monte Morris,26,75,2239,14.7,.583,.406,.109,1.4,9.6,5.6,21.4,1.2,0.6,8.8,17.4,,3.9,1.5,5.4,.116,,0.8,-0.8,0.0,1.1
175,Jeff Green,35,75,1849,12.5,.627,.318,.374,2.6,11.1,7.0,7.3,0.7,1.3,10.3,16.3,,2.7,1.2,3.9,.101,,-1.2,-1.3,-2.5,-0.2
176,Austin Rivers,29,67,1480,7.2,.546,.660,.126,1.5,6.9,4.3,8.0,1.7,0.4,12.8,12.6,,0.1,1.1,1.2,.037,,-3.5,-0.3,-3.8,-0.7
177,Bones Hyland,21,69,1310,14.4,.558,.627,.219,1.2,14.4,8.0,21.2,1.5,1.4,12.1,23.8,,1.1,1.3,2.4,.088,,0.3,-0.7,-0.4,0.5
178,Facundo Campazzo,30,65,1184,11.1,.503,.652,.264,2.2,8.6,5.5,24.1,2.6,1.8,16.9,14.7,,0.6,1.3,2.0,.081,,-2.1,1.3,-0.8,0.4
179,JaMychal Green,31,67,1085,14.1,.587,.379,.284,8.6,19.9,14.5,7.6,1.9,2.2,13.4,17.2,,1.2,1.4,2.7,.118,,-2.0,0.1,-1.8,0.0
180,Zeke Nnaji,21,41,698,13.5,.629,.430,.349,9.3,14.1,11.8,3.4,1.1,1.7,9.7,14.9,,1.2,0.6,1.8,.123,,-0.7,-1.6,-2.2,0.0
181,Davon Reed,26,48,668,12.2,.624,.534,.093,2.4,15.2,9.0,10.7,1.8,1.2,8.7,12.1,,0.9,0.7,1.6,.117,,-0.6,0.3,-0.3,0.3
182,Bryn Forbes,28,35,610,10.6,.578,.593,.156,1.1,4.3,2.7,8.0,0.6,0.3,8.1,20.3,,0.5,0.2,0.7,.054,,-1.1,-3.2,-4.3,-0.4
183,DeMarcus Cousins,31,31,431,17.6,.565,.359,.422,13.4,30.6,22.3,19.1,2.2,2.7,22.0,31.9,,-0.2,0.8,0.6,.065,,-2.8,-0.2,-3.1,-0.1
184,PJ Dozier,25,18,340,8.7,.463,.485,.131,4.8,15.6,10.3,11.3,1.6,1.6,11.0,15.2,,-0.1,0.4,0.3,.038,,-3.0,1.0,-2.0,0.0
185,Michael Porter Jr.,23,9,265,7.5,.416,.466,.087,3.9,20.4,12.4,8.9,1.9,0.7,10.1,19.7,,-0.5,0.3,-0.2,-0.032,,-3.9,0.5,-3.5,-0.1
186,Vlatko Čančar,24,15,176,12.7,.657,.293,.341,5.2,14.1,9.8,13.2,0.6,1.5,16.0,14.0,,0.3,0.1,0.4,.114,,-0.9,-0.9,-1.7,0.0
187,Markus Howard,22,31,176,16.1,.567,.693,.228,1.3,6.1,3.8,6.2,2.5,0.0,5.9,29.4,,0.1,0.2,0.3,.082,,0.8,-2.0,-1.2,0.0
188,Bol Bol,22,14,81,13.5,.565,.148,.185,5.7,21.4,13.8,9.1,0.6,2.2,12.0,18.0,,0.0,0.1,0.1,.065,,-0.5,-0.4,-1.0,0.0
189,Petr Cornelie,26,13,38,9.6,.418,.533,.267,21.3,19.9,20.6,10.8,1.3,2.4,19.3,24.0,,-0.1,0.0,0.0,-0.015,,-6.1,-2.7,-8.8,-0.1
190,Rayjon Tucker,24,3,29,13.6,.798,1.000,2.000,4.0,11.2,7.7,16.7,1.7,0.0,0.0,5.7,,0.1,0.0,0.1,.213,,0.6,1.3,1.9,0.0
191,James Ennis III,31,3,14,3.7,.311,.333,.167,8.2,7.7,8.0,29.8,0.0,0.0,13.4,23.3,,0.0,0.0,0.0,-0.134,,-7.2,-4.0,-11.1,0.0
192,Carlik Jones,24,2,4,8.9,.500,.000,.000,0.0,0.0,0.0,0.0,0.0,0.0,0.0,21.9,,0.0,0.0,0.0,-0.030,,-3.0,-3.7,-6.7,0.0
193,Saddiq Bey,22,82,2704,14.0,.529,.537,.224,4.1,14.1,8.8,13.8,1.3,0.5,7.1,21.3,,2.4,1.6,4.0,.071,,0.9,-1.2,-0.3,1.2
194,Cade Cunningham,20,64,2088,13.1,.504,.352,.163,2.9,16.2,9.2,29.1,1.8,1.9,17.5,27.5,,-2.4,1.9,-0.5,-0.011,,-1.1,-0.5,-1.6,0.2
195,Isaiah Stewart,20,71,1816,14.0,.550,.094,.210,12.8,24.5,18.4,6.9,0.6,3.9,13.7,14.6,,1.6,1.8,3.4,.091,,-2.5,-0.8,-3.3,-0.6
196,Killian Hayes,20,66,1647,9.3,.461,.364,.161,2.2,12.0,6.9,24.6,2.3,1.9,18.4,15.7,,-1.0,1.5,0.5,.014,,-4.3,0.8,-3.5,-0.6
197,Cory Joseph,30,65,1600,11.4,.579,.393,.283,1.9,10.3,5.9,21.8,1.3,1.0,15.9,14.3,,1.7,0.8,2.5,.075,,-2.0,-0.1,-2.1,0.0
198,Jerami Grant,27,47,1500,16.1,.556,.363,.371,1.9,12.4,6.9,12.5,1.4,2.9,9.5,25.7,,1.2,1.1,2.3,.075,,1.4,-0.2,1.2,1.2
199,Hamidou Diallo,23,58,1269,15.7,.541,.177,.266,5.6,18.7,11.8,9.8,2.7,1.2,9.0,21.8,,0.6,1.5,2.1,.079,,-1.2,0.7,-0.5,0.5
200,Frank Jackson,23,53,1164,10.6,.530,.578,.215,1.7,6.7,4.0,7.6,1.1,0.7,6.7,20.9,,0.3,0.4,0.7,.031,,-1.8,-1.7,-3.5,-0.4
201,Trey Lyles,26,51,990,16.7,.576,.380,.458,6.2,21.2,13.3,9.5,1.1,2.4,10.5,22.3,,1.3,0.9,2.2,.106,,0.5,-0.4,0.0,0.5
202,Kelly Olynyk,30,40,764,16.7,.561,.416,.311,7.3,18.3,12.5,23.3,2.0,2.2,15.1,21.5,,0.8,0.8,1.6,.104,,0.5,1.0,1.6,0.7
203,Rodney McGruder,30,51,754,11.6,.577,.649,.116,4.2,12.1,8.0,9.6,1.4,0.8,9.2,14.8,,0.7,0.4,1.2,.075,,-0.7,-0.7,-1.4,0.1
204,Josh Jackson,24,39,707,9.9,.501,.450,.223,2.5,17.1,9.4,10.7,1.4,2.3,12.1,19.0,,-0.4,0.6,0.2,.013,,-3.5,-0.2,-3.7,-0.3
205,Saben Lee,22,37,604,13.8,.499,.339,.401,3.1,13.0,7.8,26.2,2.9,1.8,14.7,17.3,,0.3,0.7,0.9,.073,,-1.9,1.5,-0.4,0.2
206,Marvin Bagley III,22,18,490,17.7,.585,.175,.270,8.0,19.8,13.6,6.9,1.3,1.3,7.4,21.2,,0.7,0.4,1.1,.107,,0.4,-0.9,-0.6,0.2
207,Luka Garza,23,32,389,15.6,.535,.333,.415,15.3,12.3,13.9,8.3,1.1,1.4,9.4,21.1,,0.5,0.2,0.8,.093,,-0.5,-2.0,-2.5,-0.1
208,Isaiah Livers,23,19,383,11.1,.629,.711,.156,4.0,12.5,8.0,8.0,1.7,1.6,13.5,12.4,,0.4,0.3,0.7,.085,,-1.3,-0.2,-1.5,0.0
209,Braxton Key,24,9,191,13.9,.508,.286,.186,6.5,21.5,13.6,8.4,2.3,5.2,10.6,19.0,,0.0,0.3,0.2,.059,,-3.7,0.5,-3.2,-0.1
210,Jamorko Pickett,24,13,176,7.6,.491,.780,.040,3.5,16.8,9.8,5.8,0.0,3.6,8.9,13.6,,0.0,0.1,0.1,.015,,-2.8,-2.1,-5.0,-0.1
211,Cassius Stanley,22,9,155,8.0,.516,.370,.217,3.3,10.3,6.6,3.9,1.6,1.2,10.6,15.6,,0.0,0.1,0.1,.021,,-4.9,-1.0,-5.8,-0.2
212,Derrick Walton,26,3,108,5.9,.342,.500,.154,1.9,8.4,5.0,26.4,3.2,3.3,28.4,15.4,,-0.3,0.1,-0.2,-0.071,,-5.3,1.0,-4.3,-0.1
213,Justin Robinson,24,5,91,4.9,.457,.750,.214,2.3,6.3,4.2,14.3,0.5,1.0,14.0,16.8,,-0.1,0.0,-0.1,-0.041,,-4.7,-2.3,-6.9,-0.1
214,Carsen Edwards,23,4,79,5.5,.378,.533,.033,2.6,5.8,4.1,26.2,1.2,0.0,14.1,19.2,,-0.1,0.0,-0.1,-0.075,,-6.0,-3.4,-9.3,-0.1
215,Micah Potter,23,3,31,13.6,.505,.182,.182,13.3,18.4,15.7,0.0,1.6,2.9,7.8,17.8,,0.0,0.0,0.0,.073,,-4.0,-3.0,-7.1,0.0
216,Cheick Diallo,25,3,31,12.3,.517,.000,.750,13.3,29.4,20.9,0.0,1.6,0.0,8.6,16.1,,0.0,0.0,0.1,.108,,-4.2,-3.3,-7.5,0.0
217,Deividas Sirvydis,21,3,27,0.1,.150,.700,.000,0.0,25.3,12.0,4.9,5.4,3.3,0.0,15.9,,-0.1,0.1,-0.1,-0.139,,-10.8,2.2,-8.7,0.0
218,Trayvon Palmer,27,1,17,-5.7,.000,.000,.000,0.0,13.4,6.4,0.0,0.0,0.0,50.0,5.0,,-0.1,0.0,0.0,-0.133,,-13.1,-1.8,-15.0,-0.1
219,Jaysean Paige,27,1,7,-22.2,.000,.667,.000,0.0,16.3,7.7,18.1,0.0,0.0,25.0,24.5,,-0.1,0.0,-0.1,-0.574,,-25.0,-6.5,-31.5,0.0
220,Andrew Wiggins,26,73,2329,15.0,.560,.392,.231,4.1,10.9,7.6,10.8,1.6,2.1,9.0,23.1,,1.8,3.4,5.1,.105,,0.3,0.1,0.4,1.4
221,Jordan Poole,22,76,2283,16.1,.598,.548,.251,1.7,10.5,6.2,21.0,1.3,1.0,13.7,26.0,,3.1,2.9,6.0,.126,,1.3,-0.3,1.0,1.7
222,Stephen Curry,33,64,2211,21.4,.601,.613,.243,1.7,14.4,8.3,30.4,1.9,1.0,13.2,30.8,,4.6,3.4,8.0,.173,,5.4,0.4,5.8,4.4
223,Kevon Looney,25,82,1732,15.7,.586,.003,.343,13.5,23.8,18.8,13.2,1.4,2.9,13.8,12.2,,3.5,3.2,6.8,.187,,-0.9,1.7,0.9,1.3
224,Otto Porter Jr.,28,63,1396,15.9,.581,.519,.147,6.9,21.0,14.2,9.6,2.4,2.0,7.7,15.0,,2.2,2.7,4.9,.168,,1.0,2.1,3.1,1.8
225,Draymond Green,31,46,1329,14.3,.582,.210,.354,3.8,23.2,13.8,32.5,2.2,3.6,31.9,14.3,,0.8,2.8,3.6,.131,,-1.4,4.6,3.2,1.8
226,Damion Lee,29,63,1256,10.9,.561,.488,.196,2.4,14.9,8.8,7.1,1.5,0.5,8.4,15.8,,0.9,1.8,2.7,.102,,-2.4,0.4,-2.0,0.0
227,Gary Payton II,29,71,1247,17.8,.679,.349,.169,6.5,14.9,10.8,7.6,3.8,1.7,9.8,14.3,,2.5,2.6,5.2,.199,,0.3,3.4,3.7,1.8
228,Jonathan Kuminga,19,70,1185,15.2,.600,.324,.413,5.1,16.1,10.8,8.4,1.3,1.8,12.0,22.7,,1.3,1.8,3.0,.123,,-1.3,-0.2,-1.5,0.1
229,Nemanja Bjelica,33,71,1142,14.2,.573,.436,.237,6.1,21.5,14.1,19.8,1.8,2.2,18.7,17.8,,1.0,2.1,3.0,.128,,-0.9,2.3,1.4,1.0
230,Juan Toscano-Anderson,28,73,994,11.0,.561,.370,.298,3.2,15.8,9.7,17.6,2.4,1.6,20.4,14.7,,0.3,1.8,2.0,.098,,-3.3,2.4,-0.8,0.3
231,Klay Thompson,31,32,941,16.7,.547,.517,.089,1.8,12.4,7.3,16.1,0.8,1.7,6.7,29.6,,0.6,1.2,1.8,.091,,2.6,-1.6,1.1,0.7
232,Moses Moody,19,52,607,10.5,.573,.601,.197,3.2,11.0,7.2,5.3,0.6,1.6,6.1,15.2,,0.6,0.7,1.3,.101,,-1.4,-1.1,-2.5,-0.1
233,Andre Iguodala,38,31,603,12.3,.478,.612,.165,3.9,13.9,9.1,24.7,2.2,3.5,17.7,11.4,,0.5,1.1,1.6,.125,,-0.9,3.7,2.7,0.7
234,Chris Chiozza,26,34,372,4.4,.407,.654,.037,2.7,7.7,5.3,22.5,1.7,0.0,28.0,13.4,,-0.5,0.5,0.0,-0.004,,-5.7,-0.2,-6.0,-0.4
235,Quinndary Weatherspoon,25,11,73,12.0,.647,.238,.238,3.1,17.4,10.5,10.1,0.7,1.3,11.5,15.7,,0.1,0.1,0.2,.148,,-4.5,0.1,-4.4,0.0
236,Jeff Dowtin,24,4,28,9.5,.500,.167,.000,4.0,22.7,13.7,14.6,0.0,3.4,14.3,10.9,,0.0,0.0,0.1,.089,,-4.3,0.7,-3.6,0.0
237,Jalen Green,19,67,2138,12.5,.547,.480,.247,1.7,10.0,5.8,13.1,1.0,0.8,11.3,23.7,,0.5,0.2,0.7,.015,,-0.5,-2.4,-2.9,-0.5
238,Christian Wood,26,68,2094,19.1,.595,.383,.378,5.7,30.4,18.0,12.2,1.2,2.8,11.0,23.3,,2.9,2.0,4.9,.112,,2.1,-0.4,1.6,1.9
239,Jae'Sean Tate,26,78,2056,14.3,.567,.277,.252,7.2,15.3,11.2,16.9,1.7,1.8,14.6,19.6,,1.9,1.1,3.0,.071,,-1.3,-0.5,-1.8,0.1
240,Kevin Porter Jr.,21,61,1907,13.5,.531,.511,.239,2.5,13.0,7.7,30.7,1.7,1.0,17.7,24.1,,0.0,0.8,0.8,.021,,-0.1,-1.6,-1.6,0.2
241,Garrison Mathews,25,65,1712,11.0,.602,.837,.390,2.0,10.2,6.1,5.3,1.6,1.3,7.1,14.4,,2.2,0.5,2.8,.078,,-1.3,-1.0,-2.3,-0.1
242,Eric Gordon,33,57,1669,12.1,.614,.534,.239,1.0,6.5,3.7,14.1,0.8,1.0,14.6,18.6,,1.5,-0.1,1.4,.040,,-0.1,-2.2,-2.3,-0.1
243,Kenyon Martin Jr.,21,79,1656,14.3,.603,.321,.235,5.3,14.5,9.9,9.4,1.0,2.2,9.4,16.3,,2.3,0.6,2.9,.084,,0.0,-1.2,-1.2,0.4
244,Alperen Şengün,19,72,1489,16.0,.552,.223,.442,10.1,18.9,14.5,19.1,1.9,4.1,18.8,22.0,,0.8,1.3,2.1,.068,,-1.6,0.6,-1.0,0.4
245,Josh Christopher,20,74,1334,12.2,.534,.378,.226,4.3,11.1,7.7,17.3,2.3,0.9,17.2,21.1,,-0.4,0.7,0.3,.010,,-2.2,-1.3,-3.5,-0.5
246,Armoni Brooks,23,41,690,8.4,.490,.849,.076,1.9,11.1,6.4,10.3,1.4,1.0,8.1,17.4,,-0.2,0.2,0.0,.002,,-2.6,-1.8,-4.4,-0.4
247,David Nwaba,29,46,609,15.3,.567,.278,.381,7.4,20.0,13.6,8.5,2.2,2.9,9.3,15.8,,0.8,0.5,1.3,.105,,-0.6,0.0,-0.6,0.2
248,Daniel Theis,29,26,584,10.7,.554,.441,.223,6.0,18.5,12.2,5.1,0.9,2.6,13.6,16.5,,0.1,0.3,0.3,.028,,-2.6,-0.9,-3.4,-0.2
249,D.J. Augustin,34,34,510,9.7,.596,.706,.279,1.5,7.4,4.4,20.5,0.9,0.0,22.8,16.4,,0.2,0.0,0.2,.017,,-1.4,-2.9,-4.3,-0.3
250,Dennis Schröder,28,15,404,11.5,.519,.414,.279,1.6,12.0,6.8,32.0,1.4,0.7,19.9,20.6,,0.1,0.1,0.2,.020,,-2.5,-1.9,-4.4,-0.2
251,Daishen Nix,19,24,261,8.1,.480,.388,.448,2.9,11.0,6.9,21.5,2.7,0.0,24.5,17.3,,-0.3,0.1,-0.2,-0.033,,-5.4,-1.0,-6.4,-0.3
252,Usman Garuba,19,24,239,12.9,.510,.455,.159,9.6,28.7,19.1,9.6,2.0,4.1,11.3,9.4,,0.2,0.3,0.5,.105,,-1.8,0.9,-0.9,0.1
253,Danuel House Jr.,28,16,233,6.8,.467,.459,.257,1.9,18.5,10.1,11.5,1.0,1.9,17.9,18.3,,-0.3,0.1,-0.2,-0.049,,-4.8,-0.7,-5.6,-0.2
254,Bruno Fernando,23,10,94,26.5,.699,.024,.463,12.8,34.1,23.4,6.3,0.5,7.6,15.4,26.3,,0.2,0.1,0.3,.164,,1.3,0.2,1.5,0.1
255,Trevelin Queen,24,10,74,18.2,.619,.727,.121,10.3,13.4,11.9,8.8,3.2,1.2,16.8,23.9,,0.1,0.1,0.1,.080,,2.7,-0.8,1.9,0.1
256,Domantas Sabonis,25,47,1632,22.2,.649,.189,.452,10.4,28.6,19.4,22.2,1.4,1.2,17.3,21.7,,4.4,1.3,5.7,.168,,3.6,1.0,4.6,2.7
257,Oshae Brissett,23,67,1564,12.9,.530,.468,.324,7.6,18.1,12.8,6.4,1.4,1.6,8.5,17.3,,1.4,0.9,2.2,.069,,-0.5,-1.7,-2.2,-0.1
258,Chris Duarte,24,55,1541,12.3,.537,.411,.180,2.9,13.6,8.2,10.9,1.8,0.6,11.8,21.1,,0.2,0.7,0.9,.029,,-1.2,-1.1,-2.3,-0.1
259,Justin Holiday,32,49,1416,10.3,.568,.734,.090,1.4,9.4,5.3,8.8,1.2,1.1,9.3,15.9,,1.0,0.3,1.4,.047,,-0.8,-0.8,-1.7,0.1
260,Myles Turner,25,42,1235,17.4,.615,.466,.267,5.8,21.3,13.4,5.1,1.1,8.3,10.9,17.1,,1.7,1.4,3.1,.120,,0.1,1.4,1.4,1.1
261,Caris LeVert,27,39,1214,16.3,.530,.304,.235,2.7,11.2,6.9,22.8,1.4,1.3,9.9,26.8,,1.1,0.4,1.5,.060,,1.0,-1.3,-0.3,0.5
262,Malcolm Brogdon,29,36,1206,18.0,.557,.343,.308,3.0,14.3,8.6,26.9,1.2,1.0,11.1,24.6,,2.2,0.4,2.7,.106,,2.8,-0.5,2.3,1.3
263,Torrey Craig,31,51,1034,10.8,.555,.491,.125,6.3,14.9,10.5,7.7,1.1,1.6,11.6,13.9,,0.8,0.4,1.2,.056,,-1.6,-0.6,-2.2,-0.1
264,Duane Washington Jr.,21,48,968,10.2,.521,.504,.143,0.5,9.3,4.8,13.0,1.3,0.3,11.2,22.6,,-0.2,0.2,0.0,-0.002,,-1.9,-2.8,-4.8,-0.7
265,Tyrese Haliburton,21,26,938,20.5,.629,.424,.266,2.6,10.9,6.7,38.9,2.5,1.4,18.9,20.3,,2.5,0.6,3.0,.156,,3.7,-1.0,2.8,1.1
266,Buddy Hield,29,26,925,14.5,.563,.546,.086,2.7,13.4,8.0,20.3,1.3,0.9,13.0,22.4,,0.8,0.3,1.1,.059,,1.1,-2.2,-1.1,0.2
267,Lance Stephenson,31,40,744,14.5,.542,.281,.252,1.6,15.4,8.4,31.2,1.6,0.5,16.5,23.7,,0.5,0.3,0.8,.055,,-1.1,-1.7,-2.8,-0.1
268,Goga Bitadze,22,50,729,18.0,.595,.317,.373,11.9,15.3,13.5,11.2,1.4,5.0,13.6,19.9,,1.3,0.6,1.9,.122,,-0.2,-0.6,-0.8,0.2
269,Terry Taylor,22,33,714,19.0,.656,.173,.232,14.6,12.2,13.4,8.6,1.0,1.0,8.7,15.9,,2.2,0.2,2.4,.160,,2.2,-2.7,-0.6,0.3
270,T.J. McConnell,29,27,652,15.1,.525,.159,.111,3.4,12.2,7.7,28.7,2.2,1.3,11.7,16.2,,1.0,0.4,1.3,.098,,-0.4,1.4,0.9,0.5
271,Jeremy Lamb,29,39,613,13.4,.524,.513,.351,2.7,14.6,8.5,11.6,1.8,2.0,8.4,20.0,,0.5,0.4,0.9,.070,,-0.2,-0.2,-0.5,0.2
272,Keifer Sykes,28,32,566,5.9,.456,.474,.089,1.5,7.4,4.4,14.9,1.0,0.6,14.3,17.4,,-0.5,0.1,-0.5,-0.040,,-4.4,-2.5,-6.9,-0.7
273,Jalen Smith,21,22,543,20.2,.628,.390,.235,9.3,25.5,17.3,5.1,0.8,3.7,7.8,20.1,,1.3,0.4,1.7,.150,,2.9,-2.1,0.8,0.4
274,Isaiah Jackson,20,36,541,20.5,.607,.078,.427,12.2,18.7,15.4,2.9,2.3,8.4,14.0,22.5,,0.7,0.7,1.4,.126,,-1.6,0.1,-1.5,0.1
275,Kelan Martin,26,27,444,9.7,.492,.440,.077,4.0,9.5,6.7,6.8,1.4,1.8,7.5,18.1,,-0.1,0.2,0.1,.010,,-2.4,-0.9,-3.3,-0.1
276,Brad Wanamaker,32,22,293,6.5,.465,.236,.306,2.2,11.2,6.7,21.4,0.8,1.8,22.0,15.3,,-0.2,0.1,-0.1,-0.016,,-5.6,-1.0,-6.6,-0.3
277,Justin Anderson,28,13,269,10.3,.475,.609,.172,1.6,15.2,8.3,13.6,1.3,1.9,6.0,15.8,,0.1,0.1,0.2,.041,,-1.7,-1.6,-3.3,-0.1
278,Tristan Thompson,30,4,66,12.5,.527,.000,.333,11.6,18.9,15.2,4.6,0.0,2.6,12.7,20.4,,0.0,0.0,0.0,.013,,-3.2,-3.5,-6.8,-0.1
279,Gabe York,28,2,21,12.7,.435,.857,.714,0.0,10.8,5.3,25.1,4.7,4.1,9.8,20.8,,0.0,0.0,0.0,.059,,-3.7,2.2,-1.5,0.0
280,Reggie Perry,21,1,10,4.2,1.000,.000,.000,0.0,11.3,5.6,0.0,0.0,0.0,0.0,4.3,,0.0,0.0,0.0,.077,,-7.7,-1.2,-8.9,0.0
281,Nate Hinton,22,2,2,-45.2,.000,.000,.000,0.0,0.0,0.0,0.0,0.0,0.0,50.0,42.8,,-0.1,0.0,-0.1,-1.231,,-28.1,-14.5,-42.6,0.0
282,DeJon Jarreau,24,1,1,0.0,,,,0.0,0.0,0.0,0.0,0.0,0.0,,0.0,,0.0,0.0,0.0,-0.022,,-6.5,-1.5,-8.0,0.0
283,Ahmad Caver,25,1,1,76.2,1.000,.000,.000,0.0,0.0,0.0,0.0,0.0,0.0,0.0,42.8,,0.0,0.0,0.0,1.204,,31.0,5.9,36.9,0.0
284,Reggie Jackson,31,75,2337,12.1,.488,.419,.133,1.8,10.2,6.1,24.6,1.2,0.5,11.8,27.6,,-1.7,2.0,0.4,.008,,-1.4,-1.6,-3.0,-0.6
285,Terance Mann,25,81,2317,13.4,.572,.301,.238,4.9,14.3,9.7,13.1,1.2,0.8,9.9,16.0,,3.1,2.4,5.5,.113,,-0.8,0.2,-0.6,0.8
286,Luke Kennard,25,70,1919,13.3,.619,.662,.121,1.1,11.2,6.3,11.2,1.1,0.3,8.2,16.8,,2.8,1.7,4.5,.113,,0.8,-0.3,0.5,1.2
287,Ivica Zubac,24,76,1852,19.2,.660,.000,.459,12.8,23.7,18.4,9.8,1.0,3.5,16.1,16.8,,4.3,2.9,7.2,.187,,-0.1,0.8,0.7,1.3
288,Amir Coffey,24,69,1567,13.0,.598,.545,.251,1.8,11.2,6.7,11.4,1.2,0.8,8.0,15.8,,2.3,1.5,3.8,.116,,-0.3,0.0,-0.3,0.7
289,Marcus Morris,32,54,1564,13.7,.549,.398,.214,1.8,14.0,8.1,11.3,0.9,1.0,8.4,23.2,,0.9,1.5,2.4,.074,,-0.3,-1.0,-1.4,0.3
290,Nicolas Batum,33,59,1462,13.5,.608,.698,.098,2.2,15.8,9.2,9.7,1.9,2.4,9.0,13.3,,1.6,2.1,3.7,.123,,0.5,1.8,2.3,1.6
291,Eric Bledsoe,32,54,1361,12.5,.514,.348,.250,2.2,11.6,7.1,24.1,2.5,1.2,18.3,20.5,,-0.5,1.8,1.3,.047,,-2.1,1.3,-0.8,0.4
292,Isaiah Hartenstein,23,68,1216,22.0,.664,.082,.361,10.5,18.2,14.5,20.5,2.0,5.4,16.5,18.4,,3.3,2.2,5.5,.215,,1.4,3.1,4.5,2.0
293,Paul George,31,31,1077,18.6,.538,.404,.233,1.2,19.2,10.5,28.1,3.0,1.0,15.2,33.7,,-0.6,1.9,1.3,.057,,1.8,1.9,3.7,1.6
294,Brandon Boston Jr.,20,51,760,11.2,.481,.342,.222,2.4,12.7,7.7,10.1,1.7,1.5,8.0,22.4,,-0.5,0.9,0.4,.026,,-3.0,-0.4,-3.3,-0.3
295,Serge Ibaka,32,35,538,14.9,.567,.323,.151,8.1,21.0,14.8,10.2,0.6,4.1,13.9,19.4,,0.3,0.8,1.1,.096,,-1.3,0.3,-1.0,0.1
296,Robert Covington,31,23,509,19.4,.677,.673,.204,3.9,20.0,12.2,7.0,2.8,4.7,8.8,16.7,,1.1,1.0,2.1,.200,,1.9,2.2,4.1,0.8
297,Justise Winslow,25,37,479,12.4,.490,.206,.291,6.8,22.1,14.7,15.5,2.1,3.2,18.9,18.0,,-0.3,0.9,0.6,.056,,-3.5,2.0,-1.5,0.1
298,Xavier Moon,27,10,137,16.2,.545,.275,.098,1.6,9.0,5.4,27.0,2.5,1.9,10.1,19.0,,0.2,0.2,0.3,.121,,-1.1,1.0,-0.1,0.1
299,Keon Johnson,19,15,135,9.4,.440,.216,.412,4.8,11.4,8.2,13.7,2.5,1.3,10.4,21.9,,-0.1,0.2,0.1,.018,,-6.0,0.3,-5.7,-0.1
300,Rodney Hood,29,13,128,9.3,.603,.423,.192,1.7,6.4,4.1,8.5,1.1,1.3,12.4,11.1,,0.1,0.1,0.2,.075,,-1.8,-0.5,-2.4,0.0
301,Norman Powell,28,5,125,27.1,.682,.381,.556,2.6,9.1,5.9,19.5,0.8,2.7,8.2,30.0,,0.6,0.1,0.7,.272,,7.8,-0.1,7.7,0.3
302,Jay Scrubb,21,18,121,9.3,.486,.457,.217,1.8,11.9,7.0,9.7,1.6,2.1,12.2,20.8,,-0.1,0.1,0.0,.002,,-4.4,-0.4,-4.8,-0.1
303,Semi Ojeleye,27,10,98,12.0,.569,.310,.552,2.2,14.7,8.6,5.8,1.0,0.9,10.0,18.0,,0.1,0.1,0.2,.086,,-1.7,-1.4,-3.1,0.0
304,Wenyen Gabriel,24,6,46,8.3,.474,.385,.308,11.9,20.1,16.1,6.0,1.1,3.7,16.9,17.0,,0.0,0.1,0.0,.041,,-6.6,-0.9,-7.5,-0.1
305,James Ennis III,31,2,28,26.3,.784,.364,.364,7.8,11.0,9.5,0.0,1.7,3.0,7.3,21.6,,0.1,0.0,0.2,.277,,3.7,0.3,4.0,0.0
306,Moses Wright,23,1,1,31.2,,,,0.0,0.0,0.0,100.0,0.0,0.0,,0.0,,0.0,0.0,0.0,.443,,10.8,13.4,24.2,0.0
307,Russell Westbrook,33,78,2678,15.0,.512,.215,.324,4.4,18.8,11.6,31.6,1.3,0.7,17.3,27.3,,-0.6,2.3,1.7,.030,,-0.7,-0.9,-1.6,0.2
308,Malik Monk,23,76,2139,14.4,.597,.535,.142,1.9,11.0,6.4,15.2,1.4,1.2,12.2,20.1,,2.3,1.4,3.6,.081,,0.5,-1.0,-0.5,0.8
309,LeBron James,37,56,2084,26.2,.619,.367,.275,3.3,20.4,11.8,30.6,1.7,2.5,12.5,32.3,,5.2,2.3,7.5,.172,,6.9,0.8,7.7,5.1
310,Carmelo Anthony,37,69,1793,14.8,.579,.549,.220,3.7,13.5,8.6,5.6,1.3,2.6,6.9,20.4,,2.2,1.4,3.6,.097,,0.4,-0.8,-0.5,0.7
311,Talen Horton-Tucker,21,60,1511,11.0,.503,.338,.232,2.6,11.1,6.9,14.9,1.9,1.7,12.1,19.2,,-0.2,1.2,1.1,.033,,-3.2,-0.2,-3.3,-0.5
312,Austin Reaves,23,61,1418,11.5,.600,.525,.371,3.4,11.2,7.3,10.3,1.0,1.3,9.8,12.4,,2.1,0.8,2.9,.097,,-1.3,-0.6,-1.9,0.0
313,Avery Bradley,31,62,1406,7.8,.550,.600,.051,2.4,8.0,5.2,4.5,1.8,0.6,9.6,12.1,,0.3,0.9,1.2,.040,,-3.5,-0.1,-3.6,-0.6
314,Anthony Davis,28,40,1404,23.9,.578,.101,.351,8.1,22.0,15.1,14.7,1.7,5.7,9.3,27.1,,2.6,2.0,4.5,.155,,2.6,1.2,3.8,2.0
315,Stanley Johnson,25,48,1094,10.5,.564,.418,.295,3.4,11.9,7.6,9.8,1.9,1.1,11.0,12.5,,0.9,0.9,1.8,.079,,-2.8,0.1,-2.7,-0.2
316,Dwight Howard,36,60,971,18.2,.657,.068,.667,13.1,26.3,19.7,5.0,1.7,3.3,14.2,14.6,,2.2,1.3,3.5,.174,,-0.2,0.0,-0.2,0.4
317,Wayne Ellington,34,43,810,9.9,.593,.890,.046,1.3,8.9,5.1,5.0,1.4,0.5,7.3,13.8,,0.6,0.4,1.0,.062,,-0.7,-0.6,-1.4,0.1
318,Kent Bazemore,32,39,545,6.0,.451,.576,.122,2.6,11.0,6.8,8.1,2.2,1.5,12.5,13.2,,-0.4,0.5,0.1,.006,,-5.1,0.8,-4.3,-0.3
319,Trevor Ariza,36,24,462,7.0,.449,.747,.182,2.3,16.7,9.5,7.5,1.3,1.2,9.3,11.0,,-0.2,0.4,0.2,.020,,-3.3,-0.2,-3.4,-0.2
320,DeAndre Jordan,33,32,408,17.5,.657,.000,.292,13.5,31.8,22.7,4.5,1.2,5.7,17.3,12.8,,0.7,0.6,1.3,.153,,-1.5,0.9,-0.6,0.2
321,D.J. Augustin,34,21,373,9.7,.635,.791,.058,1.2,6.6,3.9,11.8,0.9,0.2,11.1,11.4,,0.5,0.1,0.6,.079,,-1.0,-1.6,-2.6,-0.1
322,Wenyen Gabriel,24,19,311,13.1,.558,.237,.392,11.8,16.5,14.2,5.5,0.6,2.6,10.3,17.5,,0.4,0.2,0.6,.096,,-3.3,-2.3,-5.7,-0.3
323,Rajon Rondo,35,18,289,6.5,.383,.423,.028,3.7,14.5,9.1,29.9,2.0,1.5,32.1,15.7,,-0.6,0.3,-0.3,-0.053,,-4.8,0.3,-4.5,-0.2
324,Isaiah Thomas,32,4,101,3.2,.422,.564,.282,1.1,7.4,4.3,8.1,0.0,1.8,10.2,20.8,,-0.2,0.0,-0.2,-0.084,,-6.0,-2.5,-8.5,-0.2
325,Mason Jones,23,4,51,17.8,.625,.267,1.000,2.1,18.9,10.5,10.9,1.9,0.0,4.4,19.0,,0.2,0.0,0.2,.201,,-1.2,0.3,-0.9,0.0
326,Darren Collison,34,3,37,-0.2,.286,.429,.000,0.0,11.6,5.8,6.8,1.3,0.0,12.5,9.3,,-0.1,0.0,-0.1,-0.070,,-10.0,-0.9,-10.9,-0.1
327,Mac McClung,23,1,22,4.7,.551,.600,.200,0.0,14.6,7.3,6.0,2.2,4.0,26.9,14.5,,0.0,0.0,0.0,-0.015,,-8.6,-0.2,-8.8,0.0
328,Chaundee Brown Jr.,23,2,21,-8.7,.143,.429,.000,0.0,10.2,5.1,0.0,0.0,0.0,12.5,16.4,,-0.1,0.0,-0.1,-0.306,,-11.6,-5.0,-16.6,-0.1
329,Jay Huff,23,4,20,0.6,.000,.667,.000,5.4,16.1,10.8,5.9,2.4,4.5,25.0,8.6,,-0.1,0.0,0.0,-0.117,,-8.3,0.9,-7.4,0.0
330,Sekou Doumbouya,21,2,16,40.7,.717,.250,.500,13.5,26.8,20.2,0.0,9.0,11.1,17.0,31.6,,0.0,0.1,0.1,.300,,8.8,10.0,18.8,0.1
331,Jemerrio Jones,26,2,15,14.8,.667,.000,.000,14.4,7.1,10.8,0.0,3.2,0.0,0.0,8.6,,0.0,0.0,0.1,.170,,-1.1,0.1,-1.0,0.0
332,Desmond Bane,23,76,2266,17.6,.592,.475,.141,2.1,13.6,7.7,13.5,1.9,1.1,8.7,23.1,,4.5,2.7,7.2,.153,,2.5,0.3,2.7,2.7
333,Jaren Jackson Jr.,22,78,2126,17.0,.535,.387,.333,5.7,16.9,11.2,5.8,1.6,7.4,9.9,25.4,,1.7,3.7,5.4,.121,,-0.9,0.8,-0.1,1.0
334,Steven Adams,28,76,1999,17.6,.560,.003,.518,17.9,22.0,19.9,16.1,1.6,2.7,19.6,12.0,,3.8,3.0,6.8,.163,,1.0,1.0,2.0,2.0
335,Ja Morant,22,57,1889,24.4,.575,.218,.353,4.2,14.1,9.0,34.1,1.7,1.0,12.6,33.7,,4.6,2.1,6.7,.171,,6.2,-0.1,6.1,3.9
336,De'Anthony Melton,23,73,1657,15.2,.529,.535,.173,4.0,17.1,10.4,16.0,3.0,2.1,13.0,21.3,,0.9,2.8,3.7,.107,,0.3,1.6,1.9,1.6
337,Tyus Jones,25,73,1549,16.5,.544,.371,.120,1.1,11.0,5.9,28.2,2.0,0.1,7.3,16.6,,3.4,1.6,5.1,.158,,1.2,0.5,1.7,1.4
338,Kyle Anderson,28,69,1484,14.4,.506,.232,.224,4.8,21.6,13.0,16.2,2.5,2.7,12.1,16.2,,1.0,2.5,3.5,.113,,-0.9,2.1,1.2,1.2
339,Ziaire Williams,20,62,1346,9.7,.559,.571,.130,2.0,8.2,5.0,6.3,1.2,0.8,8.4,14.9,,1.1,1.1,2.2,.080,,-2.4,-0.6,-3.0,-0.3
340,John Konchar,25,72,1292,14.0,.615,.481,.187,6.9,20.1,13.3,10.6,1.7,1.5,9.3,9.9,,2.4,1.8,4.2,.155,,0.2,1.3,1.5,1.2
341,Brandon Clarke,25,64,1246,23.7,.660,.049,.291,11.1,17.8,14.4,10.3,1.5,4.9,6.3,17.7,,4.4,1.9,6.3,.241,,3.1,1.1,4.2,2.0
342,Dillon Brooks,26,32,885,15.5,.515,.283,.202,3.4,8.8,6.0,15.4,1.9,0.8,8.0,28.8,,0.7,0.9,1.6,.087,,-1.0,-0.8,-1.8,0.0
343,Xavier Tillman Sr.,23,53,701,15.1,.510,.227,.329,9.6,14.5,12.0,11.6,3.3,1.9,12.1,16.4,,0.6,1.2,1.8,.121,,-1.1,1.8,0.7,0.5
344,Killian Tillie,23,36,461,7.6,.452,.677,.063,4.7,9.1,6.8,5.9,2.4,2.9,9.1,12.8,,-0.1,0.6,0.6,.058,,-3.8,1.1,-2.7,-0.1
345,Santi Aldama,21,32,360,10.2,.452,.364,.242,9.4,16.1,12.6,7.7,0.8,2.5,9.9,18.4,,-0.1,0.4,0.3,.044,,-4.2,-1.5,-5.7,-0.3
346,Jarrett Culver,22,37,338,8.7,.433,.348,.252,3.9,11.1,7.4,13.0,2.8,1.3,11.8,20.6,,-0.4,0.5,0.1,.012,,-5.7,0.3,-5.4,-0.3
347,Yves Pons,22,12,71,5.9,.385,.563,.125,7.2,10.6,8.8,1.7,0.7,5.0,5.6,10.3,,0.0,0.1,0.0,.030,,-4.9,-1.7,-6.6,-0.1
348,Sam Merrill,25,6,58,7.5,.485,.958,.167,1.8,11.1,6.3,9.0,0.0,0.0,7.2,19.6,,0.0,0.0,0.0,.029,,-2.2,-3.4,-5.6,-0.1
349,Dakota Mathias,26,6,16,11.0,.500,1.000,.000,0.0,13.4,6.5,8.0,3.0,0.0,0.0,15.4,,0.0,0.0,0.0,.114,,-1.4,1.7,0.3,0.0
350,Shaq Buchanan,25,2,10,0.6,.250,.500,.000,10.2,10.7,10.5,24.9,4.8,0.0,33.3,24.6,,-0.1,0.0,0.0,-0.230,,-11.0,0.3,-10.7,0.0
351,DaQuan Jeffries,24,3,9,8.4,.500,.500,.000,0.0,23.8,11.6,14.0,0.0,0.0,0.0,9.1,,0.0,0.0,0.0,.099,,-5.8,0.9,-4.9,0.0
352,Xavier Sneed,24,2,8,-7.1,.000,1.000,.000,12.8,13.4,13.1,0.0,0.0,0.0,0.0,10.2,,0.0,0.0,0.0,-0.143,,-14.5,-5.5,-19.9,0.0
353,Jon Teske,24,3,8,1.5,.000,.000,2.000,0.0,26.8,13.1,13.8,6.0,0.0,0.0,9.6,,0.0,0.0,0.0,-0.080,,-8.5,3.7,-4.8,0.0
354,Tyrell Terry,21,2,3,20.0,1.000,.000,.000,0.0,0.0,0.0,0.0,0.0,0.0,0.0,13.7,,0.0,0.0,0.0,.222,,-3.4,2.5,-1.0,0.0
355,Tyler Herro,22,66,2151,16.2,.561,.391,.195,1.7,15.4,8.7,20.9,1.0,0.4,12.5,28.8,,1.3,2.4,3.8,.084,,1.6,-0.9,0.7,1.5
356,Kyle Lowry,35,63,2133,15.0,.600,.609,.278,1.8,13.0,7.5,32.3,1.6,0.8,19.3,18.2,,3.7,2.7,6.4,.143,,1.1,0.8,2.0,2.1
357,Duncan Robinson,27,79,2043,10.6,.573,.860,.084,1.4,9.8,5.6,9.3,1.0,0.7,7.4,17.7,,1.9,2.0,3.9,.092,,-0.3,-0.3,-0.6,0.7
358,P.J. Tucker,36,71,1981,11.3,.593,.451,.143,5.8,16.2,11.1,10.6,1.5,0.8,12.7,11.7,,2.4,2.6,5.0,.121,,-0.8,1.4,0.6,1.3
359,Jimmy Butler,32,57,1931,23.6,.592,.140,.549,6.1,13.5,9.9,26.4,2.4,1.5,10.5,26.5,,6.2,2.9,9.2,.228,,4.5,1.9,6.3,4.0
360,Bam Adebayo,24,56,1825,21.8,.608,.008,.466,8.7,26.1,17.5,17.5,2.2,2.6,14.4,25.0,,3.6,3.5,7.2,.188,,1.7,2.1,3.8,2.7
361,Gabe Vincent,25,68,1589,10.6,.551,.630,.105,1.6,7.3,4.5,19.4,2.0,0.8,15.4,17.8,,0.7,1.9,2.5,.076,,-1.9,0.5,-1.4,0.2
362,Max Strus,25,68,1587,12.7,.614,.784,.094,1.7,12.5,7.2,8.8,0.9,1.1,8.8,18.1,,2.0,1.7,3.6,.110,,1.4,-0.4,0.9,1.2
363,Caleb Martin,26,60,1372,14.8,.611,.378,.227,5.9,13.0,9.5,7.0,2.1,2.3,10.3,16.3,,1.9,2.1,4.0,.139,,0.1,0.9,1.1,1.1
364,Dewayne Dedmon,32,67,1065,15.9,.632,.162,.345,11.4,29.4,20.6,6.7,1.1,4.2,17.3,16.9,,1.5,2.0,3.5,.157,,-2.2,1.1,-1.0,0.3
365,Omer Yurtseven,23,56,706,17.4,.546,.045,.247,13.9,33.0,23.6,11.0,1.2,3.0,13.0,19.9,,0.8,1.4,2.1,.145,,-1.4,0.4,-1.0,0.2
366,Markieff Morris,32,17,298,10.9,.547,.342,.079,6.6,10.5,8.6,12.1,1.0,0.4,14.5,20.6,,0.0,0.3,0.3,.054,,-1.5,-0.4,-1.9,0.0
367,KZ Okpala,22,21,244,10.4,.521,.377,.159,5.2,13.7,9.5,8.3,0.8,3.0,6.3,14.4,,0.2,0.3,0.5,.097,,-3.2,0.4,-2.8,-0.1
368,Kyle Guy,24,19,186,9.5,.526,.615,.185,2.5,7.8,5.2,13.5,1.9,0.6,15.6,19.9,,-0.1,0.2,0.1,.035,,-3.1,-0.3,-3.4,-0.1
369,Victor Oladipo,29,8,173,16.8,.608,.493,.260,2.0,12.9,7.5,26.3,1.4,0.6,16.4,25.1,,0.2,0.2,0.4,.124,,1.8,-0.5,1.3,0.1
370,Haywood Highsmith,25,19,163,7.0,.446,.609,.109,7.1,10.9,9.0,5.1,0.6,1.9,5.9,14.0,,0.0,0.2,0.1,.041,,-3.3,-1.3,-4.6,-0.1
371,Marcus Garrett,23,12,128,4.7,.280,.190,.238,8.1,12.2,10.2,7.0,2.0,2.5,7.9,8.8,,-0.1,0.2,0.1,.032,,-6.4,1.0,-5.4,-0.1
372,Chris Silva,25,9,88,11.9,.641,.000,.800,17.0,27.9,22.6,10.9,0.0,1.2,28.3,14.3,,0.1,0.1,0.3,.140,,-5.0,0.1,-4.9,-0.1
373,Udonis Haslem,41,13,83,8.6,.495,.129,.097,5.6,28.2,17.1,7.4,0.6,1.3,13.4,20.0,,-0.1,0.1,0.1,.033,,-6.4,-0.7,-7.1,-0.1
374,Mychal Mulder,27,2,44,10.7,.643,.800,.200,0.0,7.6,3.9,6.3,0.0,2.4,0.0,11.0,,0.1,0.0,0.1,.132,,-1.3,-2.6,-3.9,0.0
375,Javonte Smart,22,4,40,15.6,.588,.529,.000,2.9,11.2,7.1,8.1,2.5,2.6,10.5,21.1,,0.0,0.1,0.1,.094,,-0.2,-0.7,-0.9,0.0
376,Nik Stauskas,28,2,24,13.1,.564,.500,.500,4.8,9.3,7.1,6.0,0.0,0.0,0.0,18.1,,0.1,0.0,0.1,.142,,0.0,-1.3,-1.3,0.0
377,Jrue Holiday,31,67,2207,19.8,.593,.336,.189,3.4,10.9,7.2,31.8,2.4,1.3,15.0,23.5,,4.5,2.4,6.9,.150,,2.9,0.3,3.2,2.9
378,Giannis Antetokounmpo,27,67,2204,32.1,.633,.194,.615,6.6,30.4,18.7,31.7,1.6,4.0,12.2,34.9,,9.2,3.7,12.9,.281,,7.6,3.5,11.2,7.4
379,Khris Middleton,30,66,2141,18.1,.577,.425,.285,2.1,15.3,8.8,25.5,1.7,0.8,14.2,26.7,,3.2,2.2,5.3,.119,,1.9,-0.3,1.6,1.9
380,Bobby Portis,26,72,2028,17.7,.571,.388,.130,9.6,24.4,17.2,6.4,1.3,2.4,8.9,21.3,,2.9,2.6,5.5,.131,,1.2,-1.0,0.2,1.1
381,Grayson Allen,26,66,1805,12.7,.609,.684,.130,1.9,10.9,6.5,7.6,1.2,1.0,6.7,15.2,,2.8,1.4,4.2,.110,,0.6,-0.2,0.4,1.1
382,Pat Connaughton,29,65,1691,13.4,.620,.746,.109,2.9,14.0,8.6,6.6,1.7,0.9,6.3,14.0,,2.8,1.6,4.4,.125,,0.8,0.3,1.2,1.4
383,George Hill,35,54,1253,10.2,.552,.487,.225,3.3,9.7,6.6,12.4,1.6,0.5,11.9,11.7,,1.3,1.0,2.3,.087,,-2.2,0.6,-1.6,0.1
384,Jordan Nwora,23,62,1185,9.9,.506,.491,.093,3.4,16.1,9.9,7.0,1.0,1.4,10.6,19.4,,-0.4,1.1,0.6,.025,,-2.7,-1.5,-4.1,-0.6
385,Wesley Matthews,35,49,1002,6.9,.536,.714,.127,3.2,6.4,4.9,4.6,1.1,0.8,7.2,10.7,,0.6,0.6,1.2,.056,,-3.0,-0.3,-3.3,-0.3
386,Rodney Hood,29,39,581,6.7,.470,.611,.107,2.4,9.7,6.1,6.5,1.0,0.7,4.9,10.6,,0.1,0.4,0.5,.042,,-3.2,-0.2,-3.5,-0.2
387,Thanasis Antetokounmpo,29,48,473,12.5,.577,.109,.359,9.2,13.4,11.3,6.5,1.6,2.4,14.9,15.7,,0.4,0.5,0.9,.095,,-3.5,-0.1,-3.5,-0.2
388,Sandro Mamukelashvili,22,41,407,14.7,.618,.452,.191,9.3,12.0,10.7,7.4,1.1,2.1,10.7,14.6,,0.8,0.3,1.1,.135,,0.6,-1.0,-0.3,0.2
389,Jevon Carter,26,20,353,14.4,.679,.544,.101,1.5,11.2,6.5,18.8,1.4,1.1,8.8,10.9,,0.9,0.3,1.2,.167,,0.9,0.3,1.2,0.3
390,Donte DiVincenzo,25,17,341,7.9,.470,.627,.229,5.7,12.8,9.3,11.3,1.5,0.8,17.7,19.8,,-0.4,0.3,-0.1,-0.009,,-3.8,-1.6,-5.5,-0.3
391,Serge Ibaka,32,19,339,13.7,.601,.356,.144,7.0,23.9,15.7,5.4,0.6,2.0,8.3,15.2,,0.5,0.4,0.9,.128,,-1.4,-1.0,-2.4,0.0
392,Semi Ojeleye,27,20,308,5.0,.376,.586,.186,8.8,11.1,10.0,2.0,0.8,1.6,6.2,11.2,,-0.1,0.2,0.1,.011,,-4.9,-1.7,-6.6,-0.4
393,Brook Lopez,33,13,298,16.0,.570,.405,.176,6.9,11.9,9.4,3.0,1.3,4.8,7.8,21.9,,0.3,0.3,0.7,.108,,-0.7,-0.7,-1.3,0.1
394,DeMarcus Cousins,31,17,287,19.0,.572,.407,.322,9.1,26.8,18.1,9.3,2.7,2.7,10.6,22.4,,0.5,0.5,1.0,.162,,-0.3,0.9,0.6,0.2
395,Lindell Wigginton,23,19,199,10.2,.524,.426,.574,1.6,11.5,6.7,15.7,1.2,0.5,13.6,19.0,,0.0,0.1,0.2,.044,,-3.2,-1.9,-5.0,-0.2
396,Justin Robinson,24,17,198,4.3,.415,.649,.035,1.1,5.8,3.5,13.7,1.9,0.0,16.0,14.8,,-0.3,0.1,-0.1,-0.030,,-6.3,-0.3,-6.6,-0.2
397,Javonte Smart,22,13,160,2.5,.340,.419,.140,2.7,9.7,6.3,10.9,1.2,1.2,16.5,14.6,,-0.4,0.1,-0.2,-0.071,,-7.3,-0.8,-8.1,-0.2
398,DeAndre' Bembry,27,8,77,4.8,.375,.000,.000,5.6,9.4,7.6,9.4,1.2,0.0,11.1,5.0,,0.0,0.1,0.1,.053,,-4.4,0.5,-3.9,0.0
399,Greg Monroe,31,5,70,16.0,.520,.000,.409,17.0,14.8,15.9,4.0,2.1,2.8,10.4,17.7,,0.1,0.1,0.2,.119,,-2.2,-2.3,-4.5,0.0
400,Langston Galloway,30,3,49,-0.6,.077,.615,.000,4.4,17.0,10.8,16.9,1.0,0.0,7.1,12.2,,-0.2,0.0,-0.1,-0.133,,-8.5,-0.6,-9.1,-0.1
401,Georgios Kalaitzakis,23,9,48,5.8,.535,.364,.818,9.0,8.7,8.8,0.0,1.0,2.0,21.1,16.9,,0.0,0.0,0.0,-0.010,,-5.8,-2.1,-7.9,-0.1
402,Rayjon Tucker,24,2,42,20.5,.901,.429,.429,5.2,4.9,5.1,19.1,3.4,0.0,10.7,9.5,,0.2,0.0,0.2,.264,,3.5,1.1,4.6,0.1
403,Luke Kornet,26,1,3,-5.0,.000,.000,.000,36.1,0.0,17.7,0.0,0.0,0.0,0.0,14.2,,0.0,0.0,0.0,-0.154,,-14.2,-10.5,-24.7,0.0
404,Jeff Dowtin,24,1,3,-12.9,.000,1.000,.000,0.0,0.0,0.0,0.0,0.0,0.0,0.0,14.2,,0.0,0.0,0.0,-0.344,,-15.7,-6.9,-22.6,0.0
405,Javin DeLaurier,23,1,3,15.6,,,,0.0,34.6,17.7,0.0,16.0,0.0,,0.0,,0.0,0.0,0.0,.260,,-4.8,11.8,7.0,0.0
406,Karl-Anthony Towns,26,74,2476,24.1,.640,.301,.385,8.2,23.6,15.7,18.0,1.4,3.2,13.7,27.8,,7.1,3.2,10.3,.199,,4.5,0.5,5.0,4.4
407,Anthony Edwards,20,72,2466,16.5,.560,.484,.225,2.6,12.5,7.5,17.4,2.0,1.8,12.2,26.4,,1.8,2.4,4.3,.084,,1.6,-0.4,1.2,2.0
408,D'Angelo Russell,25,65,2077,16.3,.544,.531,.246,1.3,10.1,5.6,33.1,1.4,1.0,13.2,25.1,,2.9,1.5,4.4,.101,,2.2,-1.5,0.8,1.4
409,Malik Beasley,25,79,1976,11.9,.544,.749,.071,1.4,11.2,6.2,8.5,1.0,0.6,4.7,19.4,,1.7,1.2,2.9,.069,,0.7,-1.5,-0.7,0.7
410,Jarred Vanderbilt,22,74,1880,15.3,.612,.039,.363,12.0,23.9,17.8,6.7,2.5,2.4,14.8,10.9,,3.1,2.9,6.0,.153,,-0.8,1.0,0.2,1.1
411,Jaden McDaniels,21,70,1803,10.3,.553,.455,.128,4.4,13.2,8.7,6.1,1.4,2.9,11.4,15.3,,0.7,1.7,2.4,.065,,-2.9,-0.1,-2.9,-0.4
412,Patrick Beverley,33,58,1476,14.8,.539,.555,.305,4.4,13.2,8.7,24.5,2.2,3.4,12.9,16.1,,2.3,1.7,4.1,.132,,0.6,2.1,2.7,1.7
413,Naz Reid,22,77,1215,17.2,.588,.349,.313,8.8,18.0,13.3,8.7,1.6,5.6,13.2,21.4,,1.5,1.6,3.2,.125,,-0.5,0.5,0.0,0.6
414,Taurean Prince,27,69,1177,12.4,.589,.587,.210,2.3,13.8,7.9,8.1,1.9,1.9,11.1,17.0,,1.0,1.2,2.2,.090,,-1.0,0.0,-0.9,0.3
415,Jaylen Nowell,22,62,975,16.8,.581,.387,.223,2.4,11.4,6.8,20.2,1.3,1.0,7.4,21.0,,2.1,0.7,2.8,.138,,1.5,-0.7,0.8,0.7
416,Jordan McLaughlin,25,62,902,13.4,.535,.425,.200,2.6,8.8,5.6,26.1,3.0,1.1,14.9,11.8,,1.3,1.0,2.3,.123,,-1.2,1.6,0.4,0.6
417,Josh Okogie,23,49,516,9.0,.526,.452,.490,5.9,8.7,7.3,6.2,2.4,2.2,15.4,12.1,,0.1,0.5,0.7,.062,,-3.7,0.9,-2.7,-0.1
418,Nathan Knight,24,37,267,18.7,.603,.148,.682,12.5,21.8,17.1,11.9,1.2,2.9,13.6,20.7,,0.6,0.3,1.0,.171,,-0.7,0.1,-0.6,0.1
419,Leandro Bolmaro,21,35,241,5.4,.419,.333,.241,6.9,12.3,9.6,11.0,1.2,0.0,17.9,12.6,,-0.1,0.2,0.0,.004,,-5.1,-0.7,-5.8,-0.2
420,Jake Layman,27,34,231,9.0,.500,.479,.247,2.7,14.3,8.4,5.3,1.4,2.1,11.0,16.4,,-0.1,0.2,0.1,.024,,-3.3,-0.6,-3.9,-0.1
421,Greg Monroe,31,4,81,18.9,.578,.000,.318,7.8,24.4,15.9,28.1,2.3,7.1,21.8,16.6,,0.1,0.1,0.3,.149,,-0.3,4.8,4.5,0.1
422,McKinley Wright IV,23,5,19,9.5,.833,.667,.000,0.0,0.0,0.0,20.9,0.0,0.0,25.0,8.8,,0.0,0.0,0.0,.092,,-1.4,-2.8,-4.2,0.0
423,Chris Silva,25,1,3,3.8,,,,0.0,36.6,17.9,0.0,0.0,0.0,,0.0,,0.0,0.0,0.0,.052,,-5.3,-0.5,-5.8,0.0
424,Herbert Jones,23,78,2335,12.3,.573,.293,.283,4.5,9.6,7.0,10.0,2.7,2.5,13.4,13.7,,2.1,2.5,4.6,.096,,-2.0,1.5,-0.5,0.9
425,Jonas Valančiūnas,29,74,2240,21.2,.617,.168,.308,10.9,31.2,20.8,14.0,0.9,2.6,14.4,23.8,,4.6,2.7,7.3,.156,,2.0,-0.1,1.9,2.2
426,Devonte' Graham,26,76,2162,12.1,.514,.691,.172,1.9,7.3,4.5,21.0,1.6,0.5,10.7,19.5,,1.6,1.2,2.8,.062,,0.2,-1.2,-1.0,0.5
427,Brandon Ingram,24,55,1869,18.7,.554,.230,.328,2.0,17.3,9.5,27.8,0.9,1.3,11.8,29.3,,2.5,1.3,3.9,.099,,2.6,-0.6,2.0,1.9
428,Jaxson Hayes,21,70,1398,18.5,.680,.143,.472,8.9,16.2,12.5,4.7,1.2,3.8,10.1,16.4,,3.7,1.3,5.1,.174,,0.6,-0.3,0.2,0.8
429,Josh Hart,26,41,1374,15.2,.604,.337,.399,4.2,21.9,12.8,17.7,1.6,0.8,15.1,16.7,,2.1,1.4,3.4,.119,,-0.2,0.9,0.7,0.9
430,Nickeil Alexander-Walker,23,50,1317,10.5,.474,.483,.153,3.0,11.0,6.9,16.1,1.5,1.4,11.2,24.8,,-1.1,0.9,-0.1,-0.005,,-1.7,-1.3,-3.0,-0.3
431,Garrett Temple,35,59,1098,8.6,.494,.627,.139,2.9,11.8,7.2,9.2,1.9,2.0,11.8,13.9,,-0.1,1.0,0.8,.037,,-2.8,0.3,-2.5,-0.1
432,CJ McCollum,30,26,878,21.9,.580,.361,.204,2.3,12.5,7.3,31.3,1.9,0.1,9.5,29.4,,1.9,0.7,2.6,.140,,5.3,-0.7,4.6,1.5
433,Trey Murphy III,21,62,864,12.5,.558,.671,.184,5.9,13.1,9.4,6.2,1.3,0.8,5.1,15.7,,1.3,0.6,1.9,.104,,0.2,-1.4,-1.2,0.2
434,Willy Hernangómez,27,50,839,22.2,.582,.037,.431,18.5,26.3,22.3,11.9,1.2,2.2,11.6,22.5,,2.2,0.9,3.2,.180,,1.8,-1.5,0.2,0.5
435,Jose Alvarado,23,54,834,16.4,.520,.374,.180,3.2,10.2,6.6,26.9,4.2,0.8,11.2,18.4,,1.0,1.1,2.1,.121,,-0.5,2.4,1.9,0.8
436,Naji Marshall,24,55,735,12.3,.505,.390,.346,5.6,16.0,10.7,12.3,2.2,1.0,12.9,20.8,,0.0,0.7,0.8,.050,,-2.7,-0.5,-3.2,-0.2
437,Tomáš Satoranský,30,32,481,6.5,.373,.290,.234,4.1,10.8,7.4,20.6,1.4,0.2,16.3,12.6,,-0.3,0.3,0.0,-0.003,,-5.1,-0.5,-5.6,-0.4
438,Gary Clark,27,38,378,11.4,.547,.795,.114,6.6,20.1,13.2,6.4,1.7,1.8,9.8,11.6,,0.3,0.4,0.7,.092,,0.1,0.0,0.1,0.2
439,Kira Lewis Jr.,20,24,341,9.8,.466,.397,.082,2.9,10.0,6.3,21.7,1.6,0.3,14.7,22.3,,-0.3,0.2,-0.1,-0.017,,-2.8,-1.2,-4.0,-0.2
440,Tony Snell,30,15,277,8.6,.591,.716,.014,2.0,10.6,6.2,4.0,1.4,0.7,9.7,12.8,,0.2,0.2,0.3,.058,,-2.0,-0.6,-2.6,0.0
441,Larry Nance Jr.,29,9,182,14.2,.628,.163,.163,8.3,15.6,11.9,6.4,1.4,3.7,16.0,14.7,,0.2,0.2,0.4,.104,,-1.1,-0.8,-1.9,0.0
442,Tyrone Wallace,27,6,75,2.5,.383,.400,.250,0.0,12.1,5.9,1.8,2.0,1.3,8.3,13.9,,-0.2,0.1,-0.1,-0.057,,-7.7,-0.6,-8.2,-0.1
443,Jared Harper,24,5,43,36.9,.666,.462,.154,5.0,0.0,2.6,64.1,4.6,2.2,6.7,29.7,,0.3,0.1,0.4,.422,,14.2,3.1,17.3,0.2
444,Alize Johnson,25,4,28,15.9,.383,.000,.400,27.1,24.3,25.7,4.9,3.5,0.0,7.8,19.6,,0.0,0.0,0.1,.088,,-1.9,-3.0,-4.9,0.0
445,Didi Louzada,22,2,7,-1.2,.000,1.000,.000,31.0,0.0,15.8,17.1,0.0,0.0,0.0,18.4,,0.0,0.0,0.0,-0.238,,-4.1,-8.4,-12.5,0.0
446,Julius Randle,27,72,2544,15.7,.509,.313,.322,5.2,25.5,15.1,25.1,1.0,1.5,14.7,28.7,,-0.3,3.4,3.1,.059,,0.4,0.2,0.5,1.6
447,RJ Barrett,21,70,2417,13.7,.511,.338,.340,2.9,15.5,9.1,14.9,0.9,0.7,9.9,27.6,,0.1,2.2,2.3,.046,,-0.3,-1.3,-1.6,0.2
448,Evan Fournier,29,80,2358,12.3,.554,.641,.117,1.5,8.2,4.8,11.9,1.7,0.8,9.4,20.8,,1.5,2.2,3.7,.075,,-0.4,-0.3,-0.7,0.7
449,Alec Burks,30,81,2318,13.7,.559,.534,.363,2.1,16.6,9.2,15.7,1.8,1.1,9.7,17.7,,3.2,2.9,6.1,.126,,-0.4,1.2,0.8,1.7
450,Mitchell Robinson,23,72,1848,20.7,.722,.000,.528,16.8,19.1,17.9,3.2,1.6,7.1,12.4,11.4,,5.3,3.2,8.5,.221,,1.0,1.2,2.2,2.0
451,Immanuel Quickley,22,78,1802,14.6,.543,.547,.278,1.8,13.1,7.4,24.5,1.5,0.2,10.9,22.2,,2.5,1.8,4.2,.113,,0.2,0.0,0.2,1.0
452,Obi Toppin,23,72,1230,18.3,.614,.357,.262,5.9,17.7,11.7,10.9,1.0,2.6,9.6,20.8,,2.5,1.5,3.9,.153,,1.7,0.3,2.0,1.2
453,Kemba Walker,31,37,948,13.9,.537,.538,.192,1.6,11.2,6.3,22.2,1.4,0.7,10.7,20.8,,1.0,0.9,1.8,.093,,0.7,-0.2,0.4,0.6
454,Taj Gibson,36,52,946,12.0,.606,.229,.313,9.8,16.3,13.0,4.9,1.2,4.2,12.5,10.0,,1.4,1.2,2.7,.135,,-3.0,1.0,-2.0,0.0
455,Quentin Grimes,21,46,786,10.7,.565,.804,.081,3.2,9.8,6.4,8.5,2.0,1.4,10.3,15.1,,0.6,0.9,1.4,.087,,-1.2,0.9,-0.3,0.3
456,Derrick Rose,33,26,636,16.9,.541,.336,.113,3.5,9.8,6.6,27.5,1.7,1.9,11.9,22.5,,0.8,0.7,1.4,.108,,2.3,0.0,2.3,0.7
457,Nerlens Noel,27,25,562,11.8,.581,.050,.500,9.0,18.1,13.5,5.7,2.7,5.4,21.5,7.3,,0.4,1.0,1.5,.128,,-3.1,3.3,0.3,0.3
458,Jericho Sims,23,41,555,11.6,.674,.000,.537,11.6,21.3,16.4,5.3,1.0,3.9,23.1,6.9,,0.7,0.8,1.5,.128,,-2.8,1.1,-1.7,0.0
459,Miles McBride,21,40,372,6.1,.393,.630,.111,1.1,11.2,6.1,15.9,1.9,0.3,4.2,13.9,,-0.1,0.4,0.2,.032,,-5.5,1.0,-4.5,-0.2
460,Cam Reddish,22,15,215,12.9,.575,.477,.492,2.5,8.2,5.3,7.1,2.8,1.8,14.1,18.8,,0.1,0.3,0.4,.092,,-2.0,1.2,-0.8,0.1
461,Kevin Knox,22,13,111,11.6,.529,.700,.250,7.6,13.8,10.7,4.2,0.9,0.9,10.1,19.5,,0.0,0.1,0.1,.062,,0.5,-1.9,-1.4,0.0
462,Ryan Arcidiacono,27,10,76,6.1,.667,.750,.000,0.0,11.5,5.7,7.5,0.7,0.0,20.0,8.6,,0.0,0.1,0.1,.052,,-4.6,0.0,-4.6,-0.1
463,Damyean Dotson,27,2,21,6.4,.500,.250,.000,0.0,10.4,5.1,6.9,0.0,0.0,0.0,8.3,,0.0,0.0,0.0,.045,,-3.7,-1.2,-4.9,0.0
464,Wayne Selden,27,3,19,4.3,.434,.500,1.000,0.0,5.8,2.8,7.2,0.0,0.0,0.0,13.3,,0.0,0.0,0.0,.016,,-4.3,-1.6,-5.9,0.0
465,Feron Hunt,22,2,8,-3.0,.000,.000,.000,13.2,0.0,6.7,16.0,6.3,0.0,33.3,16.4,,-0.1,0.0,0.0,-0.234,,-12.3,1.0,-11.3,0.0
466,Danuel House Jr.,28,1,3,-13.4,.000,1.000,.000,0.0,0.0,0.0,0.0,0.0,0.0,0.0,14.6,,0.0,0.0,0.0,-0.342,,-12.6,-7.8,-20.4,0.0
467,Matt Mooney,24,1,2,-20.0,.000,1.000,.000,0.0,0.0,0.0,0.0,25.0,0.0,50.0,43.8,,-0.1,0.0,0.0,-0.915,,-33.9,11.5,-22.3,0.0
468,Tyler Hall,24,1,2,0.0,,,,0.0,0.0,0.0,0.0,0.0,0.0,,0.0,,0.0,0.0,0.0,.007,,-8.1,-0.5,-8.5,0.0
469,Shai Gilgeous-Alexander,23,56,1942,20.9,.557,.282,.385,1.9,13.0,7.4,31.1,1.8,2.2,11.1,30.8,,2.8,1.8,4.6,.113,,2.9,0.5,3.4,2.7
470,Darius Bazley,21,69,1924,12.6,.515,.414,.262,3.7,19.8,11.6,7.7,1.5,3.4,11.1,18.3,,-0.5,2.2,1.8,.044,,-2.1,0.3,-1.8,0.1
471,Josh Giddey,19,54,1700,13.3,.478,.318,.118,5.8,19.8,12.7,32.3,1.5,1.1,19.5,22.2,,-1.3,1.7,0.4,.010,,-1.2,0.3,-0.9,0.5
472,Luguentz Dort,22,51,1665,12.3,.541,.539,.263,2.3,10.9,6.5,8.6,1.3,1.0,9.8,23.3,,0.2,1.1,1.4,.040,,-1.5,-0.7,-2.3,-0.1
473,Tre Mann,20,60,1367,10.2,.501,.463,.139,1.9,11.2,6.4,10.7,1.7,0.8,10.2,22.0,,-1.0,1.0,0.1,.002,,-3.3,-1.1,-4.4,-0.8
474,Aleksej Pokusevski,20,61,1233,12.0,.485,.432,.110,6.0,20.8,13.3,16.5,1.5,2.9,16.4,20.0,,-1.1,1.5,0.4,.014,,-2.7,0.1,-2.6,-0.2
475,Aaron Wiggins,23,50,1209,10.3,.556,.409,.252,4.3,11.0,7.6,8.5,1.2,0.8,12.6,15.3,,0.5,0.8,1.2,.048,,-3.4,-0.9,-4.3,-0.7
476,Jeremiah Robinson-Earl,21,49,1087,11.7,.526,.509,.167,7.0,19.1,13.0,6.7,1.3,1.3,10.1,15.4,,0.4,1.0,1.5,.065,,-1.9,-0.4,-2.2,-0.1
477,Kenrich Williams,27,49,1072,13.3,.532,.382,.174,7.1,14.1,10.5,15.3,2.0,0.9,11.9,15.6,,0.8,1.0,1.8,.081,,-1.3,1.1,-0.3,0.5
478,Isaiah Roby,23,45,948,18.3,.607,.307,.359,8.0,15.6,11.8,12.1,1.8,3.3,10.3,19.0,,1.8,1.1,2.9,.147,,0.4,0.2,0.6,0.6
479,Théo Maledon,20,51,908,10.6,.500,.473,.315,2.2,12.8,7.4,18.5,1.7,1.1,15.3,20.3,,-0.5,0.8,0.3,.015,,-3.7,-0.7,-4.4,-0.6
480,Ty Jerome,24,48,801,11.3,.488,.567,.143,2.4,7.7,5.0,21.3,1.8,0.6,9.6,20.8,,0.0,0.5,0.5,.032,,-2.2,-0.2,-2.3,-0.1
481,Vit Krejci,21,30,690,8.5,.529,.587,.132,2.6,12.6,7.5,11.9,1.3,1.1,14.1,12.9,,0.1,0.5,0.6,.042,,-4.3,-1.0,-5.3,-0.6
482,Derrick Favors,30,39,653,13.6,.534,.088,.137,9.0,20.2,14.5,5.9,1.3,1.7,4.5,13.4,,0.8,0.7,1.4,.105,,-2.3,0.3,-2.1,0.0
483,Mike Muscala,30,43,592,19.7,.630,.657,.230,3.6,19.1,11.2,6.2,1.5,4.1,4.9,20.9,,1.4,0.7,2.1,.170,,3.8,1.2,5.0,1.1
484,Lindy Waters III,24,25,465,13.0,.562,.834,.029,1.3,15.0,8.1,8.1,2.0,1.6,5.8,17.5,,0.3,0.5,0.8,.081,,-0.8,-0.8,-1.6,0.1
485,Olivier Sarr,22,22,421,14.0,.672,.287,.287,8.2,14.6,11.4,6.9,0.7,3.3,16.2,13.9,,0.7,0.3,1.0,.116,,-2.7,-1.3,-4.0,-0.2
486,Jaylen Hoard,22,7,240,18.0,.536,.278,.156,12.7,23.5,18.0,11.6,1.2,1.9,7.7,18.7,,0.3,0.3,0.6,.118,,1.2,-2.1,-0.9,0.1
487,Mamadi Diakite,25,13,188,11.6,.540,.106,.234,9.2,23.3,16.1,1.6,1.3,4.5,11.9,13.5,,0.1,0.3,0.3,.080,,-5.9,0.9,-5.0,-0.1
488,Zavier Simpson,24,4,174,7.7,.406,.154,.096,1.2,11.4,6.2,25.2,1.4,2.1,15.6,15.9,,-0.2,0.1,-0.1,-0.018,,-6.0,-1.9,-7.9,-0.3
489,Georgios Kalaitzakis,23,4,166,9.4,.536,.393,.375,1.2,6.9,4.0,11.4,2.9,0.6,19.7,21.1,,-0.2,0.2,-0.1,-0.028,,-4.9,-1.9,-6.8,-0.2
490,Paul Watson,27,9,156,5.7,.432,.743,.057,1.9,16.1,8.9,7.2,0.9,1.8,10.0,11.0,,-0.1,0.1,0.0,.001,,-4.8,-0.6,-5.4,-0.1
491,Melvin Frazier,25,3,120,-0.4,.313,.438,.146,4.2,7.0,5.6,1.2,0.4,0.0,5.5,19.5,,-0.4,0.0,-0.4,-0.160,,-9.7,-6.7,-16.4,-0.4
492,Gabriel Deck,26,7,56,11.5,.643,.286,.000,1.8,9.3,5.5,13.7,0.9,0.0,12.5,12.3,,0.1,0.0,0.1,.080,,-1.2,-1.3,-2.5,0.0
493,Scotty Hopson,32,1,18,0.1,.500,.250,.000,0.0,5.8,2.9,8.1,0.0,0.0,33.3,14.4,,-0.1,0.0,0.0,-0.132,,-8.7,-2.9,-11.6,0.0
494,Rob Edwards,25,2,11,-0.8,.375,1.000,.000,0.0,28.5,14.0,0.0,0.0,0.0,20.0,19.6,,-0.1,0.0,0.0,-0.181,,-8.3,-2.9,-11.2,0.0
495,Franz Wagner,20,79,2429,14.7,.559,.278,.225,3.6,11.9,7.7,15.7,1.4,1.3,10.0,21.2,,2.1,1.9,4.0,.079,,-0.4,-0.3,-0.7,0.8
496,Cole Anthony,21,65,2059,13.5,.519,.429,.277,1.6,16.2,8.9,28.9,1.1,0.8,14.2,25.1,,-0.1,1.7,1.6,.038,,-0.6,-0.6,-1.2,0.4
497,Wendell Carter Jr.,22,62,1852,18.4,.601,.313,.303,7.9,29.1,18.5,15.4,0.9,2.1,13.1,20.9,,2.6,2.4,5.0,.129,,1.0,0.6,1.6,1.7
498,Mo Bamba,23,71,1824,16.5,.582,.455,.118,8.5,24.6,16.5,7.4,1.0,5.9,10.6,17.2,,1.8,2.7,4.5,.118,,-0.2,0.9,0.7,1.2
499,Chuma Okeke,23,70,1749,12.0,.501,.645,.113,2.8,18.2,10.5,10.1,2.7,2.2,8.6,16.4,,-0.3,2.5,2.2,.060,,-1.6,1.5,-0.1,0.8
500,Gary Harris,27,61,1730,10.9,.571,.546,.172,2.2,5.3,3.7,9.5,1.6,0.5,9.3,16.4,,1.1,1.0,2.2,.060,,-2.0,-0.4,-2.4,-0.2
501,Terrence Ross,30,63,1448,10.0,.515,.477,.235,1.5,10.3,5.9,12.5,0.9,0.8,10.9,20.5,,-0.5,0.9,0.3,.011,,-2.5,-1.1,-3.7,-0.6
502,R.J. Hampton,20,64,1402,8.5,.481,.400,.256,1.7,12.9,7.3,16.9,1.4,0.8,14.6,18.4,,-1.3,1.1,-0.2,-0.005,,-4.0,-0.1,-4.1,-0.7
503,Jalen Suggs,20,48,1307,8.6,.455,.358,.297,2.1,11.7,6.9,24.9,2.2,1.3,18.7,25.3,,-3.0,1.3,-1.6,-0.060,,-5.3,-0.2,-5.6,-1.2
504,Moritz Wagner,24,63,960,18.1,.623,.508,.326,4.6,21.0,12.8,15.4,1.0,1.2,11.0,22.9,,1.8,1.0,2.8,.138,,1.5,0.1,1.6,0.9
505,Robin Lopez,33,36,612,13.7,.570,.030,.271,11.7,10.0,10.9,14.4,0.2,2.7,16.5,18.9,,0.5,0.3,0.8,.064,,-2.4,-1.4,-3.8,-0.3
506,Ignas Brazdeikis,23,42,536,10.2,.520,.463,.170,4.5,9.7,7.1,10.7,0.9,0.5,7.8,17.7,,0.2,0.3,0.5,.041,,-2.7,-1.6,-4.3,-0.3
507,Admiral Schofield,24,38,469,7.5,.538,.612,.116,3.8,16.3,10.0,7.9,0.4,1.0,13.4,14.5,,-0.1,0.3,0.3,.027,,-4.2,-1.2,-5.4,-0.4
508,Markelle Fultz,23,18,360,17.7,.517,.097,.177,1.2,13.2,7.2,48.9,2.7,1.3,17.5,27.5,,0.0,0.4,0.4,.053,,-0.1,0.4,0.2,0.2
509,Tim Frazier,31,10,200,3.8,.394,.395,.209,2.6,7.4,5.0,22.6,0.7,0.5,21.7,13.0,,-0.2,0.1,-0.2,-0.037,,-6.4,-1.7,-8.0,-0.3
510,Mychal Mulder,27,15,195,2.1,.405,.687,.030,1.1,10.3,5.7,2.2,1.0,0.5,10.5,16.8,,-0.5,0.1,-0.4,-0.091,,-6.9,-1.7,-8.6,-0.3
511,Hassani Gravett,25,8,171,10.1,.629,.684,.105,0.6,12.4,6.5,17.0,1.4,0.5,18.5,12.3,,0.1,0.1,0.3,.071,,-2.4,0.2,-2.3,0.0
512,Devin Cannady,25,5,145,8.6,.531,.841,.159,0.7,3.7,2.2,10.0,1.7,1.9,9.6,15.5,,0.0,0.1,0.1,.033,,-2.8,-0.4,-3.2,0.0
513,Freddie Gillespie,24,9,119,9.5,.419,.045,.318,11.5,20.5,16.0,5.9,1.2,6.9,16.6,10.9,,-0.1,0.2,0.1,.049,,-5.6,1.0,-4.6,-0.1
514,Jeff Dowtin,24,4,77,6.5,.327,.368,.105,9.6,5.5,7.5,12.5,3.1,0.0,16.8,13.4,,-0.1,0.1,-0.1,-0.033,,-5.8,0.2,-5.6,-0.1
515,Aleem Ford,24,5,74,0.5,.350,.750,.000,2.8,18.6,10.7,3.8,0.7,0.0,16.7,14.0,,-0.2,0.1,-0.2,-0.103,,-9.1,-2.2,-11.4,-0.2
516,B.J. Johnson,26,4,65,12.1,.520,.400,.000,9.7,14.7,12.2,0.0,0.0,1.4,0.0,16.7,,0.1,0.0,0.1,.065,,-0.7,-3.9,-4.7,0.0
517,Tyrese Maxey,21,75,2650,16.2,.594,.311,.247,1.1,8.9,5.1,19.1,1.0,1.1,7.4,20.2,,5.4,1.9,7.3,.132,,1.3,-0.7,0.6,1.8
518,Tobias Harris,29,73,2543,15.9,.566,.269,.198,3.4,18.1,10.9,15.9,0.9,1.5,9.5,21.7,,3.0,2.6,5.6,.105,,0.6,-0.6,0.0,1.3
519,Joel Embiid,27,68,2297,31.2,.616,.188,.602,7.2,31.1,19.4,23.5,1.7,3.9,11.3,37.2,,7.9,4.1,12.0,.252,,7.2,2.0,9.2,6.5
520,Georges Niang,28,76,1736,10.7,.594,.687,.105,1.6,11.3,6.5,8.7,0.9,0.7,9.1,16.8,,1.5,1.3,2.8,.077,,-0.8,-1.1,-1.9,0.0
521,Matisse Thybulle,24,66,1685,11.2,.594,.480,.143,2.8,7.1,5.0,6.1,3.4,3.8,10.9,9.5,,1.2,2.5,3.7,.107,,-2.2,3.3,1.1,1.3
522,Seth Curry,31,45,1566,13.3,.603,.473,.138,1.2,9.4,5.4,17.7,1.1,0.6,13.0,18.5,,1.7,1.1,2.9,.088,,-0.1,-0.9,-1.0,0.4
523,Furkan Korkmaz,24,67,1414,10.2,.502,.566,.179,1.8,11.9,6.9,13.1,1.2,0.6,8.6,17.6,,0.1,1.1,1.2,.041,,-2.0,-1.1,-3.1,-0.4
524,Danny Green,34,62,1353,9.5,.561,.847,.044,2.7,10.1,6.5,6.5,2.2,2.5,12.1,12.3,,0.3,1.6,1.9,.067,,-1.4,0.8,-0.5,0.5
525,Shake Milton,25,55,1179,11.9,.517,.330,.181,2.9,10.4,6.7,17.6,1.2,1.3,9.2,18.3,,0.7,1.0,1.7,.069,,-1.6,-0.6,-2.2,-0.1
526,Andre Drummond,28,49,902,19.3,.544,.008,.345,17.1,36.1,26.8,16.0,3.1,4.5,22.4,17.6,,0.7,2.2,2.9,.153,,-1.2,2.5,1.3,0.7
527,James Harden,32,21,792,21.8,.601,.493,.650,1.9,18.9,10.5,41.4,1.6,0.6,16.4,24.9,,2.3,0.9,3.3,.197,,3.8,0.1,3.8,1.2
528,Isaiah Joe,22,55,609,7.7,.519,.763,.175,1.1,9.0,5.1,8.1,1.1,0.4,9.1,15.5,,0.0,0.4,0.4,.035,,-3.1,-1.5,-4.6,-0.4
529,Paul Reed,22,38,302,21.4,.568,.083,.146,16.6,17.4,17.0,8.3,5.5,4.2,8.9,16.7,,0.6,0.7,1.3,.212,,-0.8,2.9,2.1,0.3
530,DeAndre Jordan,33,16,214,16.5,.615,.000,.259,17.0,30.8,24.0,5.6,0.5,3.8,21.0,16.0,,0.3,0.3,0.6,.131,,-1.6,-1.4,-2.9,0.0
531,Charles Bassey,21,23,168,21.5,.660,.085,.255,14.9,26.1,20.6,6.5,1.5,9.1,13.3,16.1,,0.4,0.3,0.8,.220,,-0.4,2.1,1.7,0.2
532,Charlie Brown Jr.,24,19,162,6.6,.365,.265,.294,9.8,11.5,10.7,4.1,2.5,1.7,11.5,12.0,,-0.1,0.2,0.1,.018,,-5.0,-0.1,-5.0,-0.1
533,Paul Millsap,36,9,106,9.7,.499,.267,.233,12.9,13.5,13.2,6.8,2.4,1.7,19.5,17.4,,0.0,0.1,0.1,.041,,-4.1,-0.4,-4.5,-0.1
534,Myles Powell,24,11,52,0.2,.364,.353,.118,2.2,10.6,6.4,8.0,1.0,0.0,14.4,18.0,,-0.2,0.0,-0.1,-0.109,,-10.5,-2.2,-12.7,-0.1
535,Tyler Johnson,29,3,38,9.4,.550,.700,.000,3.0,14.4,8.8,7.4,1.3,2.4,9.1,13.0,,0.0,0.0,0.1,.072,,-2.4,0.5,-2.0,0.0
536,Aaron Henry,22,6,17,-7.4,.200,.200,.000,0.0,6.5,3.3,0.0,0.0,10.6,28.6,18.5,,-0.1,0.0,-0.1,-0.306,,-14.0,-2.4,-16.5,-0.1
537,Braxton Key,24,2,6,9.0,.500,.500,.000,18.9,18.3,18.6,25.7,8.3,0.0,50.0,29.9,,0.0,0.0,0.0,-0.169,,-9.5,3.3,-6.2,0.0
538,Jaden Springer,19,2,6,26.4,1.000,.000,.000,18.9,18.3,18.6,0.0,0.0,30.0,50.0,15.0,,0.0,0.0,0.0,.138,,8.3,8.7,17.1,0.0
539,Willie Cauley-Stein,28,2,6,4.2,,,,0.0,36.6,18.6,20.4,0.0,0.0,,0.0,,0.0,0.0,0.0,.136,,-4.6,5.8,1.2,0.0
540,Mikal Bridges,25,82,2854,14.4,.627,.364,.183,2.9,10.0,6.5,8.7,1.6,1.1,6.8,15.0,,5.2,3.7,8.9,.150,,0.5,1.1,1.6,2.6
541,Devin Booker,25,68,2345,21.3,.576,.336,.255,2.1,13.2,7.8,22.4,1.6,1.0,9.3,32.0,,4.3,3.3,7.6,.156,,3.9,0.2,4.1,3.6
542,Chris Paul,36,65,2139,20.8,.581,.270,.274,1.1,12.8,7.1,44.5,2.7,0.8,15.6,19.7,,5.8,3.6,9.4,.210,,3.1,2.3,5.4,4.0
543,Jae Crowder,31,67,1886,11.3,.541,.671,.165,1.8,18.0,10.1,8.3,2.4,1.4,8.6,14.6,,0.9,3.4,4.3,.110,,-1.3,2.4,1.1,1.5
544,Cameron Johnson,25,66,1730,15.2,.625,.644,.188,2.7,14.0,8.5,7.7,1.6,0.8,6.7,17.5,,3.2,2.4,5.6,.156,,2.0,0.7,2.7,2.1
545,Deandre Ayton,23,58,1713,21.9,.656,.027,.204,9.6,27.1,18.6,7.6,1.1,2.1,10.7,21.4,,4.1,3.1,7.3,.203,,2.2,0.6,2.8,2.1
546,Landry Shamet,24,69,1437,10.2,.550,.689,.167,1.2,8.0,4.7,9.7,0.9,0.6,7.3,16.8,,1.1,1.5,2.6,.085,,-0.9,-0.4,-1.2,0.3
547,Cameron Payne,27,58,1278,13.8,.500,.359,.152,2.1,12.3,7.3,30.7,1.5,1.2,14.1,24.6,,0.2,1.8,1.9,.073,,-0.4,0.4,0.0,0.7
548,JaVale McGee,34,74,1172,22.6,.651,.020,.319,15.3,29.7,22.7,5.4,0.9,6.1,15.8,22.8,,2.4,2.6,4.9,.201,,-0.1,0.9,0.8,0.8
549,Torrey Craig,31,27,562,11.4,.558,.600,.106,5.3,16.4,11.0,7.5,1.9,2.7,14.3,15.0,,0.2,1.0,1.1,.096,,-1.9,0.9,-1.1,0.1
550,Elfrid Payton,27,50,549,7.9,.397,.103,.183,4.2,12.8,8.6,23.0,2.2,1.0,19.9,18.5,,-1.0,0.8,-0.2,-0.014,,-4.6,1.2,-3.5,-0.2
551,Bismack Biyombo,29,36,506,17.3,.596,.000,.490,13.7,21.5,17.7,6.2,1.1,4.6,12.4,17.1,,0.9,0.9,1.8,.170,,-1.7,0.4,-1.3,0.1
552,Jalen Smith,21,29,382,15.9,.547,.285,.380,15.9,23.0,19.5,2.1,0.8,4.2,12.1,20.5,,0.4,0.7,1.1,.137,,-1.9,-0.5,-2.3,0.0
553,Ish Wainright,27,45,359,9.4,.494,.567,.115,8.3,7.9,8.1,5.3,2.7,1.5,10.6,14.7,,0.0,0.6,0.6,.079,,-3.0,1.0,-2.0,0.0
554,Aaron Holiday,25,22,358,14.9,.538,.290,.266,4.6,11.7,8.2,27.4,2.4,0.0,16.8,20.0,,0.4,0.5,0.9,.125,,-1.0,0.3,-0.8,0.1
555,Frank Kaminsky,28,9,181,21.3,.635,.227,.303,6.7,17.3,12.1,10.1,2.1,3.4,6.3,19.0,,0.5,0.3,0.9,.228,,2.4,2.5,4.9,0.3
556,Abdel Nader,28,14,145,4.9,.431,.400,.286,3.0,16.6,10.0,5.9,2.7,2.5,21.8,15.0,,-0.3,0.3,0.0,-0.009,,-7.1,2.2,-5.0,-0.1
557,Gabriel Lundberg,27,4,44,7.7,.342,.421,.000,5.0,11.9,8.5,31.5,3.3,0.0,13.6,21.5,,-0.1,0.1,0.0,-0.005,,-5.3,0.5,-4.8,0.0
558,Justin Jackson,26,6,35,6.8,.464,.643,.000,3.1,17.9,10.7,7.5,0.0,0.0,6.7,18.4,,0.0,0.0,0.0,.019,,-2.5,-0.9,-3.4,0.0
559,Chandler Hutchison,25,6,22,1.0,.694,.000,1.000,0.0,23.8,12.2,10.5,0.0,0.0,58.1,13.5,,-0.1,0.0,0.0,-0.086,,-8.0,-0.5,-8.5,0.0
560,Emanuel Terry,25,3,18,-0.1,.000,.000,.000,48.9,40.6,44.7,12.2,2.7,0.0,50.0,23.9,,-0.1,0.0,-0.1,-0.256,,-13.0,-5.3,-18.3,-0.1
561,M.J. Walker,23,2,8,-3.3,.000,.500,.000,0.0,13.1,6.7,13.8,12.0,0.0,0.0,21.5,,-0.1,0.0,0.0,-0.276,,-15.8,6.2,-9.6,0.0
562,Paris Bass,26,2,7,13.9,.436,.333,.333,31.5,29.9,30.6,0.0,6.9,0.0,22.5,54.6,,0.0,0.0,0.0,-0.170,,-11.2,-1.2,-12.4,0.0
563,Anfernee Simons,22,57,1681,15.3,.583,.555,.146,1.6,8.5,4.9,22.2,0.9,0.4,11.9,24.8,,2.0,-0.1,1.9,.055,,1.9,-2.7,-0.7,0.5
564,Jusuf Nurkić,27,56,1579,20.0,.586,.093,.447,11.2,32.6,21.5,16.6,1.9,2.1,16.6,23.6,,2.0,1.7,3.6,.110,,0.1,0.2,0.3,0.9
565,Robert Covington,31,48,1431,10.0,.519,.685,.107,3.0,18.6,10.5,6.7,2.5,4.3,14.2,12.4,,-0.3,1.4,1.1,.037,,-2.8,1.6,-1.2,0.3
566,Norman Powell,28,40,1333,15.3,.593,.423,.365,1.4,9.8,5.4,10.0,1.5,1.3,9.0,22.5,,1.8,0.3,2.1,.076,,0.6,-1.6,-1.0,0.3
567,Ben McLemore,28,64,1285,11.7,.567,.774,.163,1.0,8.1,4.4,7.3,1.4,0.8,8.7,21.3,,0.7,0.2,0.8,.031,,-0.7,-2.5,-3.2,-0.4
568,CJ McCollum,30,36,1267,15.8,.532,.435,.102,2.8,10.7,6.6,22.5,1.4,1.6,9.2,26.1,,0.7,0.3,1.0,.040,,1.8,-1.7,0.1,0.7
569,CJ Elleby,21,58,1174,9.2,.491,.409,.273,6.0,15.6,10.6,10.6,1.5,1.6,14.0,14.8,,-0.1,0.5,0.4,.016,,-3.8,-1.5,-5.3,-1.0
570,Nassir Little,21,42,1088,13.5,.575,.489,.298,5.7,18.7,11.9,7.4,1.1,3.3,10.1,15.8,,1.2,0.6,1.7,.076,,-0.9,-0.6,-1.4,0.2
571,Damian Lillard,31,29,1056,18.5,.550,.514,.328,1.3,11.6,6.2,34.0,0.8,1.0,11.6,29.3,,1.7,0.1,1.7,.079,,4.0,-2.7,1.3,0.9
572,Trendon Watford,21,48,869,15.8,.590,.142,.352,7.0,18.6,12.6,14.6,1.4,3.2,12.5,17.6,,1.4,0.5,1.9,.104,,-1.4,-0.4,-1.7,0.1
573,Larry Nance Jr.,29,37,858,14.4,.581,.313,.247,7.2,20.1,13.4,12.5,2.2,1.5,11.0,12.4,,1.3,0.6,1.9,.104,,-0.3,0.6,0.3,0.5
574,Drew Eubanks,24,22,650,19.9,.678,.071,.241,10.8,21.0,15.7,9.1,1.4,1.5,13.0,18.0,,1.6,0.3,2.0,.144,,0.8,-2.3,-1.5,0.1
575,Greg Brown III,20,48,640,11.0,.515,.321,.342,6.3,17.3,11.6,8.1,2.0,3.7,14.1,17.2,,-0.1,0.5,0.4,.029,,-4.0,-0.7,-4.7,-0.4
576,Brandon Williams,22,24,640,11.0,.476,.376,.344,3.1,9.8,6.4,23.1,1.8,1.5,15.2,25.9,,-0.7,0.2,-0.5,-0.037,,-2.6,-3.1,-5.7,-0.6
577,Dennis Smith Jr.,24,37,638,13.2,.474,.143,.339,3.3,12.2,7.6,30.5,3.4,1.9,19.0,18.2,,-0.1,0.5,0.4,.031,,-2.8,1.2,-1.7,0.1
578,Keon Johnson,19,22,562,8.5,.457,.403,.136,3.4,8.5,5.9,17.0,1.8,1.8,14.3,21.1,,-0.7,0.2,-0.5,-0.043,,-3.5,-2.5,-6.0,-0.6
579,Tony Snell,30,38,546,5.2,.503,.773,.031,2.1,12.7,7.2,5.0,0.7,1.3,10.1,8.7,,0.0,0.1,0.1,.005,,-4.1,-1.0,-5.0,-0.4
580,Josh Hart,26,13,417,19.4,.622,.454,.311,2.3,16.7,9.2,23.1,1.9,0.5,13.7,25.0,,0.8,0.2,1.0,.112,,2.7,-1.0,1.8,0.4
581,Cody Zeller,29,27,355,17.2,.627,.044,.544,14.9,24.1,19.3,9.4,1.1,1.7,14.6,15.9,,0.9,0.2,1.1,.143,,-1.2,-1.0,-2.1,0.0
582,Keljin Blevins,26,31,349,4.8,.410,.649,.099,4.9,9.5,7.1,7.7,1.8,0.3,12.8,16.5,,-0.6,0.1,-0.5,-0.066,,-5.6,-2.9,-8.5,-0.6
583,Kris Dunn,27,14,336,12.5,.482,.108,.176,2.8,13.6,8.0,35.1,3.3,0.9,22.5,18.3,,-0.1,0.3,0.2,.024,,-4.6,-0.8,-5.4,-0.3
584,Elijah Hughes,23,22,322,3.7,.375,.620,.056,1.3,13.1,7.0,7.1,1.5,2.1,8.3,16.2,,-0.7,0.1,-0.5,-0.079,,-6.6,-2.3,-8.8,-0.6
585,Justise Winslow,25,11,295,14.1,.465,.319,.216,7.2,18.9,12.8,16.9,2.3,2.3,8.6,20.4,,0.0,0.2,0.2,.037,,-1.3,-0.7,-2.0,0.0
586,Reggie Perry,21,9,177,16.2,.532,.205,.192,9.0,20.0,14.3,11.7,2.5,3.3,11.5,23.4,,0.0,0.2,0.2,.057,,-2.8,-1.0,-3.8,-0.1
587,Didi Louzada,22,7,122,6.8,.567,.667,.067,2.6,11.2,6.8,4.7,0.8,1.6,13.9,12.7,,0.0,0.0,0.0,.008,,-4.1,-3.1,-7.2,-0.2
588,Cameron McGriff,24,3,46,12.5,.470,.429,.143,13.8,22.3,17.9,9.4,0.0,2.1,0.0,14.0,,0.1,0.0,0.1,.097,,-1.0,-3.0,-4.0,0.0
589,Jarron Cumberland,24,3,12,8.4,.500,.500,.000,8.8,19.0,13.7,11.6,0.0,0.0,0.0,7.2,,0.0,0.0,0.0,.079,,-4.4,-2.2,-6.6,0.0
590,Harrison Barnes,29,77,2587,15.7,.623,.432,.495,3.4,14.9,9.1,10.5,1.0,0.5,10.4,18.8,,5.0,1.0,6.0,.112,,1.5,-1.3,0.2,1.4
591,De'Aaron Fox,24,59,2083,17.4,.549,.228,.319,1.3,10.9,6.0,26.8,1.6,1.0,11.9,29.1,,1.5,1.0,2.5,.058,,0.6,-1.2,-0.6,0.7
592,Davion Mitchell,23,75,2076,10.8,.489,.380,.101,1.7,7.0,4.4,22.5,1.3,1.0,11.5,20.6,,-0.5,0.6,0.1,.003,,-2.1,-1.7,-3.8,-0.9
593,Tyrese Haliburton,21,51,1757,17.0,.575,.430,.177,2.4,10.0,6.2,31.4,2.4,1.7,15.4,18.3,,2.7,1.2,4.0,.109,,2.2,0.4,2.6,2.0
594,Buddy Hield,29,55,1574,11.9,.540,.714,.133,2.9,12.4,7.6,10.0,1.5,0.8,10.9,22.5,,0.0,0.8,0.7,.023,,0.2,-1.5,-1.3,0.3
595,Chimezie Metu,24,60,1279,13.4,.546,.414,.203,2.9,25.9,14.3,6.9,1.9,2.2,11.1,18.5,,0.1,1.4,1.5,.056,,-1.6,0.1,-1.5,0.2
596,Richaun Holmes,28,45,1074,17.8,.689,.017,.300,9.3,22.9,16.1,6.8,0.8,3.3,14.2,15.8,,2.4,0.9,3.2,.145,,-0.4,-0.1,-0.5,0.4
597,Damian Jones,26,56,1017,18.3,.701,.109,.492,7.9,18.5,13.2,10.2,1.2,4.0,15.4,16.2,,2.4,0.9,3.3,.156,,-0.2,0.5,0.3,0.6
598,Maurice Harkless,28,47,863,7.7,.561,.558,.155,1.5,12.7,7.1,3.6,1.6,2.4,13.8,11.2,,-0.1,0.6,0.5,.026,,-3.7,0.4,-3.3,-0.3
599,Donte DiVincenzo,25,25,665,13.0,.532,.661,.257,3.6,14.5,9.0,18.6,2.7,0.7,15.4,18.5,,0.2,0.6,0.8,.058,,-0.8,0.1,-0.6,0.2
600,Marvin Bagley III,22,30,656,14.3,.521,.252,.191,11.0,24.8,17.8,3.9,0.7,1.5,7.3,18.8,,0.5,0.4,0.9,.068,,-1.1,-2.4,-3.5,-0.3
601,Justin Holiday,32,25,641,7.9,.488,.716,.103,1.8,7.5,4.7,8.1,1.6,2.0,9.0,15.7,,-0.3,0.3,0.0,.004,,-2.6,-0.8,-3.4,-0.2
602,Alex Len,28,39,620,13.1,.577,.119,.358,9.0,19.3,14.1,10.6,1.0,3.5,17.4,17.1,,0.4,0.5,0.9,.070,,-3.2,0.3,-2.9,-0.1
603,Trey Lyles,26,24,547,16.0,.612,.354,.376,5.7,21.3,13.4,8.1,0.6,1.0,8.4,17.8,,1.1,0.3,1.4,.120,,0.7,-1.6,-1.0,0.1
604,Terence Davis,24,30,536,14.6,.543,.558,.165,2.2,17.0,9.5,11.9,2.2,1.8,10.3,25.6,,0.0,0.5,0.5,.044,,-0.6,-0.4,-0.9,0.2
605,Domantas Sabonis,25,15,504,21.0,.603,.084,.366,9.8,30.3,20.0,28.0,1.2,0.9,18.1,24.4,,0.9,0.5,1.4,.132,,1.8,0.5,2.3,0.5
606,Tristan Thompson,30,30,455,15.1,.521,.007,.397,17.1,21.5,19.3,5.9,1.2,2.3,14.1,19.5,,0.3,0.4,0.6,.065,,-2.0,-1.7,-3.7,-0.2
607,Jeremy Lamb,29,17,322,13.1,.514,.445,.218,3.7,16.7,10.1,13.5,1.2,2.2,9.1,19.1,,0.1,0.2,0.3,.051,,-0.6,-0.9,-1.5,0.0
608,Jahmi'us Ramsey,20,19,134,7.9,.468,.310,.241,3.2,7.4,5.3,7.9,0.4,0.6,7.2,22.2,,-0.1,0.0,-0.1,-0.047,,-3.5,-3.4,-6.9,-0.2
609,Josh Jackson,24,12,123,7.1,.446,.347,.429,3.5,12.5,8.0,5.8,2.0,2.8,13.4,23.5,,-0.3,0.1,-0.2,-0.067,,-7.2,-2.0,-9.2,-0.2
610,Neemias Queta,22,15,120,12.7,.495,.000,.447,12.6,15.6,14.1,7.2,0.4,5.8,11.7,18.4,,0.0,0.1,0.1,.051,,-4.1,-1.0,-5.1,-0.1
611,Louis King,22,10,104,8.1,.438,.574,.213,0.0,12.7,6.3,12.5,0.9,0.8,0.0,21.2,,0.0,0.0,0.0,.000,,-3.0,-1.6,-4.6,-0.1
612,Robert Woodard II,22,12,42,2.1,.207,.250,.125,12.8,15.7,14.3,9.0,1.1,2.1,5.6,18.3,,-0.2,0.0,-0.1,-0.147,,-6.8,-3.6,-10.4,-0.1
613,Justin Robinson,24,3,15,-13.5,.125,.375,.000,0.0,7.3,3.6,17.3,0.0,0.0,11.1,25.8,,-0.1,0.0,-0.1,-0.459,,-18.5,-7.7,-26.2,-0.1
614,Emmanuel Mudiay,25,2,11,12.3,.399,.000,2.000,0.0,0.0,0.0,43.4,4.4,0.0,21.0,18.6,,0.0,0.0,0.0,.023,,-2.7,1.5,-1.2,0.0
615,Ade Murkey,24,1,1,0.0,,,,0.0,0.0,0.0,0.0,0.0,0.0,,0.0,,0.0,0.0,0.0,-0.017,,-7.4,-2.3,-9.7,0.0
616,Keldon Johnson,22,75,2392,15.2,.574,.395,.231,3.5,16.7,10.0,9.5,1.2,0.5,7.6,21.3,,2.9,2.0,4.9,.098,,0.7,-1.2,-0.5,0.9
617,Dejounte Murray,25,68,2366,22.3,.533,.237,.199,3.5,21.6,12.5,40.6,2.8,0.8,11.8,27.3,,3.9,3.4,7.3,.149,,3.7,1.7,5.4,4.4
618,Jakob Poeltl,26,68,1970,20.8,.613,.002,.287,13.9,20.0,16.9,14.0,1.1,5.0,12.7,18.3,,4.4,2.5,6.9,.168,,0.9,0.7,1.6,1.7
619,Devin Vassell,21,71,1937,13.3,.540,.497,.130,2.4,14.3,8.3,9.7,1.9,1.8,6.7,18.9,,1.3,2.0,3.3,.082,,-0.5,0.0,-0.5,0.7
620,Lonnie Walker IV,23,70,1612,12.3,.512,.462,.194,1.2,10.7,5.9,13.4,1.3,1.0,7.9,23.6,,0.1,1.1,1.2,.037,,-1.2,-1.3,-2.5,-0.2
621,Derrick White,27,49,1486,15.7,.551,.453,.281,1.8,10.5,6.1,25.2,1.6,2.4,12.0,20.7,,2.0,1.3,3.3,.107,,1.2,0.6,1.8,1.4
622,Doug McDermott,30,51,1223,11.4,.593,.551,.110,1.5,8.4,4.9,7.3,0.5,0.4,8.1,18.3,,1.1,0.5,1.6,.062,,-0.4,-2.1,-2.5,-0.1
623,Tre Jones,22,69,1148,15.0,.545,.150,.268,2.6,11.6,7.1,27.0,1.8,0.5,10.8,15.6,,1.9,0.9,2.9,.121,,-0.9,0.4,-0.5,0.4
624,Joshua Primo,19,50,965,7.1,.487,.507,.219,3.5,8.9,6.1,10.6,1.0,2.0,16.1,15.4,,-0.6,0.6,0.0,.001,,-3.8,-1.1,-5.0,-0.7
625,Keita Bates-Diop,26,59,956,12.4,.578,.209,.232,6.8,18.7,12.7,5.7,1.4,1.2,13.4,14.8,,0.6,1.0,1.6,.080,,-2.1,-0.5,-2.6,-0.1
626,Bryn Forbes,28,40,676,12.4,.572,.510,.166,0.6,9.2,4.9,8.6,1.2,0.4,9.4,21.9,,0.3,0.4,0.7,.053,,-0.3,-1.3,-1.6,0.1
627,Drew Eubanks,24,49,595,16.0,.588,.050,.497,11.2,23.4,17.3,11.1,1.0,4.2,19.2,17.0,,0.6,0.8,1.4,.114,,-1.9,0.7,-1.2,0.1
628,Jock Landale,26,54,589,16.0,.597,.436,.201,11.1,13.5,12.3,10.6,0.8,2.0,12.3,18.1,,1.0,0.4,1.5,.121,,0.7,-1.1,-0.4,0.2
629,Josh Richardson,28,21,513,14.0,.577,.471,.194,3.2,9.1,6.1,13.0,2.1,1.0,11.5,19.3,,0.5,0.4,1.0,.091,,0.1,-0.3,-0.2,0.2
630,Zach Collins,24,28,502,16.4,.594,.265,.419,9.5,22.5,16.0,16.3,1.2,3.8,19.7,19.2,,0.6,0.7,1.2,.118,,-1.2,1.0,-0.2,0.2
631,Thaddeus Young,33,26,370,18.6,.574,.039,.172,11.3,15.1,13.2,22.9,3.0,1.6,17.9,19.1,,0.5,0.5,1.0,.124,,0.5,1.8,2.4,0.4
632,Joe Wieskamp,22,29,205,7.1,.494,.768,.232,2.0,5.2,3.6,5.5,0.9,1.2,3.1,13.1,,0.1,0.1,0.1,.035,,-2.9,-1.1,-3.9,-0.1
633,Devontae Cacok,25,15,121,20.2,.675,.000,.226,6.9,29.7,18.2,6.9,3.2,4.9,8.1,12.9,,0.3,0.3,0.5,.206,,0.7,3.5,4.2,0.2
634,Tyler Johnson,29,3,53,5.5,.300,.600,.000,3.9,8.0,5.9,11.0,1.8,3.2,9.1,8.8,,0.0,0.0,0.0,.006,,-4.9,1.1,-3.8,0.0
635,Juancho Hernangómez,26,5,51,9.0,.451,.500,.667,8.2,22.8,15.4,6.9,0.9,1.6,20.5,8.1,,0.0,0.1,0.1,.055,,-2.4,-0.1,-2.5,0.0
636,Romeo Langford,22,4,43,8.1,.523,.286,1.143,0.0,9.8,4.9,5.8,1.1,0.0,0.0,10.3,,0.0,0.0,0.0,.053,,-3.8,-0.4,-4.1,0.0
637,Jaylen Morris,26,3,16,-11.4,.129,.333,.667,0.0,13.2,6.6,14.0,0.0,0.0,11.4,23.1,,-0.1,0.0,-0.1,-0.376,,-15.8,-5.7,-21.5,-0.1
638,Tomáš Satoranský,30,1,9,12.8,.852,,,0.0,11.7,5.8,0.0,0.0,0.0,0.0,8.3,,0.0,0.0,0.0,.200,,0.8,-2.1,-1.3,0.0
639,Anthony Lamb,24,2,8,-0.5,.000,1.000,.000,0.0,13.2,6.6,27.9,0.0,0.0,0.0,10.6,,0.0,0.0,0.0,-0.138,,-6.2,-1.8,-8.0,0.0
640,Scottie Barnes,20,74,2617,16.3,.552,.207,.231,7.7,15.8,11.5,14.7,1.5,2.1,11.7,19.0,,3.7,2.9,6.6,.122,,0.5,0.4,0.9,1.9
641,Pascal Siakam,27,68,2578,20.3,.565,.181,.314,5.1,20.1,12.2,23.0,1.6,1.6,11.6,25.8,,4.9,3.2,8.1,.151,,2.7,0.8,3.5,3.6
642,Fred VanVleet,27,65,2462,17.3,.552,.585,.202,1.8,11.4,6.4,26.7,2.3,1.4,12.5,23.7,,3.9,2.8,6.7,.131,,3.1,0.5,3.6,3.5
643,Gary Trent Jr.,23,70,2448,14.7,.546,.502,.188,1.1,7.7,4.2,8.8,2.5,0.8,5.8,21.8,,3.1,2.5,5.6,.110,,-0.1,0.3,0.2,1.3
644,OG Anunoby,24,48,1728,14.8,.549,.455,.169,4.4,12.6,8.3,11.0,2.1,1.4,9.7,20.5,,1.8,1.9,3.7,.104,,0.4,0.1,0.5,1.1
645,Precious Achiuwa,22,73,1725,12.7,.503,.259,.217,8.7,21.7,14.9,6.9,1.1,2.3,11.3,18.5,,0.4,2.1,2.5,.070,,-2.0,-0.6,-2.6,-0.2
646,Chris Boucher,29,80,1690,17.9,.570,.397,.334,10.9,21.3,15.8,2.2,1.4,4.3,6.0,17.8,,3.5,2.4,6.0,.169,,0.5,-0.4,0.0,0.9
647,Khem Birch,29,55,991,13.2,.534,.070,.355,12.7,13.5,13.1,7.6,1.5,2.6,11.1,11.2,,1.5,1.1,2.6,.126,,-1.7,0.4,-1.3,0.2
648,Svi Mykhailiuk,24,56,716,9.6,.509,.573,.158,2.9,11.5,7.0,8.8,1.8,0.5,11.3,16.9,,0.1,0.7,0.8,.052,,-2.7,-0.2,-2.9,-0.2
649,Dalano Banton,22,64,696,10.0,.463,.252,.218,5.6,14.1,9.7,19.8,2.0,1.4,19.3,16.9,,-0.4,0.8,0.4,.030,,-3.5,0.4,-3.1,-0.2
650,Malachi Flynn,23,44,537,11.7,.488,.492,.131,1.9,11.3,6.4,18.5,1.9,0.7,6.3,16.5,,0.5,0.5,1.0,.092,,-1.8,0.4,-1.5,0.1
651,Thaddeus Young,33,26,475,15.8,.526,.299,.188,8.7,18.1,13.1,13.6,3.3,2.3,12.4,16.0,,0.5,0.8,1.3,.127,,-0.2,2.2,2.0,0.5
652,Yuta Watanabe,27,38,445,11.5,.524,.572,.290,4.2,19.0,11.2,6.6,1.2,3.5,10.9,16.8,,0.1,0.6,0.7,.075,,-1.9,0.0,-2.0,0.0
653,Justin Champagnie,20,36,281,13.6,.571,.418,.134,13.5,14.3,13.9,5.4,1.4,1.4,10.1,12.0,,0.5,0.3,0.8,.138,,-1.3,-0.7,-2.0,0.0
654,Armoni Brooks,23,13,154,8.6,.437,.947,.053,5.3,10.4,7.7,11.0,2.3,1.9,9.3,11.9,,0.0,0.2,0.2,.067,,-2.8,1.2,-1.6,0.0
655,Goran Dragić,35,5,90,16.2,.521,.412,.294,2.3,15.3,8.4,14.4,2.8,1.1,2.5,18.7,,0.2,0.1,0.3,.162,,-0.6,2.6,1.9,0.1
656,Isaac Bonga,22,15,69,8.7,.363,.308,.615,6.0,5.0,5.5,7.3,5.8,2.8,10.8,11.5,,-0.1,0.1,0.1,.060,,-5.4,5.0,-0.4,0.0
657,D.J. Wilson,25,4,54,27.9,.773,.133,.667,1.9,31.8,16.1,14.6,4.6,1.8,9.3,17.0,,0.2,0.1,0.4,.328,,1.8,3.2,5.0,0.1
658,Tremont Waters,24,2,42,5.1,.333,.750,.000,0.0,10.9,5.2,21.7,4.8,0.0,25.0,16.3,,-0.1,0.1,-0.1,-0.061,,-7.5,-0.6,-8.1,-0.1
659,Juwan Morgan,24,1,27,9.5,.833,.667,.000,7.6,8.5,8.0,4.8,0.0,0.0,0.0,4.8,,0.1,0.0,0.1,.139,,-3.2,-4.2,-7.3,0.0
660,Daniel Oturu,22,3,27,13.4,.549,.167,.833,3.8,17.0,10.0,0.0,0.0,7.2,0.0,13.0,,0.0,0.0,0.1,.121,,-2.7,-2.5,-5.2,0.0
661,David Johnson,20,2,2,-20.0,.000,1.000,.000,0.0,0.0,0.0,0.0,0.0,0.0,0.0,21.4,,0.0,0.0,0.0,-0.495,,-19.0,-8.7,-27.7,0.0
662,Sam Dekker,27,1,1,0.0,,,,0.0,0.0,0.0,0.0,0.0,0.0,,0.0,,0.0,0.0,0.0,.003,,-6.2,-3.4,-9.6,0.0
663,Royce O'Neale,28,77,2406,10.3,.608,.689,.126,3.0,13.4,8.4,10.5,1.8,1.2,14.4,9.9,,2.7,2.8,5.5,.109,,-0.8,1.7,0.8,1.7
664,Donovan Mitchell,25,67,2266,21.6,.572,.475,.227,2.7,10.6,6.8,27.7,2.2,0.5,11.7,32.9,,4.7,2.5,7.2,.152,,4.6,-0.3,4.3,3.6
665,Jordan Clarkson,29,79,2141,14.9,.532,.536,.156,3.5,10.2,7.0,14.5,1.5,0.7,9.8,26.8,,1.5,2.0,3.5,.079,,0.5,-1.2,-0.6,0.7
666,Bojan Bogdanović,32,69,2131,15.7,.599,.504,.280,3.1,11.8,7.6,8.7,0.8,0.0,10.2,23.7,,3.6,1.6,5.2,.118,,1.6,-1.6,0.0,1.1
667,Rudy Gobert,29,66,2120,24.7,.732,.008,.864,12.9,36.3,25.0,5.1,1.0,5.7,14.5,16.9,,7.3,4.3,11.7,.264,,2.9,1.7,4.6,3.6
668,Mike Conley,34,72,2058,17.2,.572,.523,.205,2.6,8.8,5.8,27.7,2.3,0.9,12.5,20.9,,4.4,2.3,6.7,.157,,2.4,0.7,3.1,2.7
669,Hassan Whiteside,32,65,1162,22.9,.662,.000,.506,16.2,29.9,23.3,3.4,0.9,7.8,11.6,17.1,,3.4,2.3,5.8,.238,,0.6,1.4,2.1,1.2
670,Joe Ingles,34,45,1122,10.0,.551,.789,.077,1.2,11.2,6.4,19.0,1.0,0.4,13.5,13.2,,1.3,0.9,2.2,.094,,-0.7,0.5,-0.3,0.5
671,Rudy Gay,35,55,1038,13.0,.539,.536,.208,6.0,19.1,12.8,7.8,1.2,1.6,10.2,19.3,,0.8,1.3,2.1,.097,,-0.7,-0.3,-1.0,0.3
672,Trent Forrest,23,60,765,10.9,.554,.174,.310,3.4,10.5,7.1,18.6,1.9,0.7,21.4,12.8,,0.5,0.8,1.3,.084,,-2.3,1.2,-1.0,0.2
673,Eric Paschall,25,58,736,13.9,.612,.460,.366,4.6,10.9,7.9,7.1,0.6,0.6,9.0,17.7,,1.4,0.5,2.0,.128,,0.5,-1.0,-0.5,0.3
674,Danuel House Jr.,28,25,491,12.5,.610,.667,.317,3.2,11.7,7.6,7.0,1.6,2.2,9.7,13.8,,0.7,0.6,1.3,.125,,0.5,0.7,1.2,0.4
675,Jared Butler,21,42,360,12.1,.509,.583,.106,1.6,11.8,6.8,26.0,2.3,2.0,17.3,23.1,,0.0,0.5,0.4,.057,,-2.3,0.7,-1.6,0.0
676,Juancho Hernangómez,26,17,298,14.5,.638,.658,.288,5.7,16.0,11.0,6.5,1.5,2.1,8.9,13.2,,0.6,0.4,0.9,.149,,1.5,0.7,2.2,0.3
677,Udoka Azubuike,22,17,195,17.6,.743,.000,.224,10.5,28.8,19.9,0.0,0.3,5.0,18.2,14.7,,0.3,0.3,0.6,.157,,-1.8,0.4,-1.4,0.0
678,Nickeil Alexander-Walker,23,15,149,10.2,.497,.688,.250,0.8,15.6,8.5,15.5,1.7,2.4,13.1,17.9,,0.0,0.2,0.2,.070,,-2.9,1.2,-1.7,0.0
679,Elijah Hughes,23,14,112,10.5,.576,.778,.083,2.0,14.2,8.3,7.6,1.8,0.8,15.8,17.2,,0.0,0.1,0.1,.063,,-1.2,-0.3,-1.5,0.0
680,Miye Oni,24,16,44,0.4,.265,.889,.111,2.6,14.4,8.7,14.2,0.0,0.0,9.6,10.3,,-0.1,0.0,0.0,-0.032,,-7.6,-0.3,-7.9,-0.1
681,Malik Fitts,24,7,35,-1.6,.333,.444,.000,0.0,30.3,15.6,0.0,0.0,0.0,18.2,13.7,,-0.1,0.0,-0.1,-0.104,,-7.9,-1.9,-9.8,-0.1
682,Xavier Sneed,24,7,31,2.4,.313,.750,.000,3.7,10.3,7.1,4.1,0.0,0.0,0.0,11.2,,0.0,0.0,0.0,-0.033,,-4.9,-3.3,-8.2,0.0
683,Greg Monroe,31,3,26,27.0,.743,.000,1.400,26.1,12.2,19.0,16.7,0.0,3.4,0.0,13.5,,0.2,0.0,0.2,.390,,4.6,-0.3,4.4,0.0
684,Norvel Pelle,28,3,19,12.2,.600,.000,.000,17.9,16.7,17.3,0.0,0.0,4.6,28.6,16.0,,0.0,0.0,0.0,.038,,-3.0,-4.1,-7.1,0.0
685,Denzel Valentine,28,2,18,4.2,.625,.750,.000,0.0,23.5,12.2,0.0,2.7,0.0,33.3,14.5,,0.0,0.0,0.0,-0.026,,-8.1,1.6,-6.5,0.0
686,Zylan Cheatham,26,1,5,-23.8,.000,.667,.000,0.0,0.0,0.0,0.0,0.0,0.0,0.0,26.1,,-0.1,0.0,-0.1,-0.610,,-19.3,-11.3,-30.6,0.0
687,Kentavious Caldwell-Pope,28,77,2329,12.6,.568,.492,.186,2.0,10.3,6.2,9.1,1.8,0.9,9.8,19.0,,1.4,1.4,2.8,.058,,-0.9,-0.6,-1.5,0.3
688,Kyle Kuzma,26,66,2204,15.2,.547,.401,.234,3.6,24.3,14.1,16.3,0.9,2.2,14.1,24.2,,0.0,2.0,2.0,.044,,0.2,-0.4,-0.2,1.0
689,Deni Avdija,21,82,1984,11.6,.536,.447,.235,3.0,20.5,11.9,11.8,1.5,1.9,12.0,16.3,,0.6,1.8,2.4,.058,,-2.1,0.4,-1.7,0.1
690,Corey Kispert,22,77,1801,10.9,.586,.623,.121,3.3,9.4,6.4,6.7,1.0,1.0,8.5,14.6,,1.6,0.7,2.3,.061,,-0.8,-1.5,-2.3,-0.1
691,Daniel Gafford,23,72,1444,21.8,.708,.002,.372,12.1,19.0,15.6,7.3,1.0,5.8,12.0,16.7,,4.4,1.6,6.0,.198,,1.1,0.5,1.6,1.3
692,Bradley Beal,28,40,1439,17.5,.539,.272,.263,3.0,11.4,7.3,30.8,1.2,0.9,13.6,30.8,,0.6,0.7,1.4,.046,,2.0,-1.2,0.8,1.0
693,Raul Neto,29,70,1372,12.4,.538,.272,.245,1.1,9.6,5.4,22.9,2.0,0.2,13.9,18.4,,0.7,0.8,1.5,.053,,-2.5,-0.5,-2.9,-0.4
694,Spencer Dinwiddie,28,44,1330,13.2,.501,.459,.291,3.0,14.0,8.6,27.5,1.0,0.4,11.6,21.0,,0.9,0.7,1.6,.058,,-0.2,-0.7,-0.9,0.3
695,Montrezl Harrell,28,46,1117,23.9,.684,.039,.535,9.7,20.8,15.3,13.9,0.8,2.4,9.6,20.8,,4.2,0.9,5.1,.217,,4.3,0.6,4.8,1.9
696,Rui Hachimura,23,42,943,14.9,.579,.323,.173,3.0,15.6,9.4,7.9,1.2,0.8,7.4,20.9,,0.9,0.6,1.4,.073,,0.2,-1.7,-1.4,0.1
697,Aaron Holiday,25,41,663,11.3,.547,.313,.164,1.5,9.5,5.6,17.1,1.8,1.2,14.5,18.0,,0.1,0.4,0.5,.038,,-2.4,0.3,-2.1,0.0
698,Ish Smith,33,28,615,15.0,.489,.171,.020,2.6,12.2,7.5,36.1,2.2,1.8,14.5,20.9,,0.1,0.5,0.7,.052,,-0.9,-0.6,-1.5,0.1
699,Dāvis Bertāns,29,34,501,8.3,.527,.842,.175,1.3,12.0,6.7,4.4,1.1,1.0,7.1,17.6,,0.0,0.3,0.3,.025,,-2.5,-1.3,-3.8,-0.2
700,Kristaps Porziņģis,26,17,479,27.7,.606,.305,.448,8.9,25.5,17.3,17.9,1.2,4.4,8.3,31.4,,1.6,0.6,2.2,.220,,5.4,0.2,5.7,0.9
701,Anthony Gill,29,44,463,14.7,.682,.239,.477,8.0,12.2,10.2,8.3,0.5,2.0,12.0,14.4,,1.1,0.2,1.4,.140,,-0.6,-1.3,-1.9,0.0
702,Thomas Bryant,24,27,439,16.6,.607,.284,.270,6.7,20.4,13.6,7.9,0.7,4.1,10.3,18.7,,0.7,0.4,1.1,.118,,-0.4,-0.7,-1.0,0.1
703,Tomáš Satoranský,30,22,416,14.4,.563,.262,.298,2.4,13.6,8.1,35.0,1.8,0.8,19.5,12.6,,0.7,0.3,1.0,.120,,-1.4,0.0,-1.5,0.1
704,Isaiah Todd,20,12,74,4.7,.349,.615,.231,4.6,13.3,9.0,7.3,2.7,2.3,12.3,19.6,,-0.2,0.1,-0.2,-0.104,,-5.7,-1.2,-6.9,-0.1
705,Cassius Winston,23,7,39,6.0,.549,.545,.364,0.0,2.8,1.4,24.4,0.0,0.0,19.0,18.0,,0.0,0.0,0.0,.015,,-5.9,-3.5,-9.3,-0.1
706,Jordan Schakel,23,4,30,-1.2,.210,.545,.182,7.5,21.8,14.8,0.0,1.6,0.0,7.8,19.1,,-0.2,0.0,-0.1,-0.204,,-8.6,-4.3,-13.0,-0.1
707,Vernon Carey Jr.,20,3,27,15.0,.526,.000,1.429,20.8,8.1,14.4,0.0,1.8,3.1,14.9,22.1,,0.0,0.0,0.0,.049,,-3.2,-4.1,-7.3,0.0
708,Brad Wanamaker,32,1,27,18.1,.554,.000,.600,0.0,16.2,8.2,33.9,3.7,0.0,0.0,10.4,,0.1,0.0,0.1,.216,,-1.8,4.7,2.9,0.0
709,Joel Ayayi,21,7,20,3.4,.167,.167,.000,5.6,10.9,8.3,25.4,0.0,0.0,0.0,13.3,,0.0,0.0,0.0,-0.098,,-4.3,-1.7,-6.0,0.0
710,Craig Sword,28,3,19,14.2,.750,.250,.000,0.0,0.0,0.0,7.7,10.4,0.0,20.0,11.7,,0.0,0.0,0.1,.158,,-8.6,10.0,1.4,0.0
711,Greg Monroe,31,2,18,25.1,.500,.000,.000,43.8,18.2,30.8,9.0,2.7,4.7,20.0,24.7,,0.0,0.0,0.1,.135,,-0.1,-4.3,-4.4,0.0
712,Alize Johnson,25,3,18,5.7,.311,.333,.167,31.3,42.4,36.9,0.0,0.0,0.0,31.8,23.3,,-0.1,0.0,-0.1,-0.183,,-7.7,-8.3,-16.1,-0.1
713,Tremont Waters,24,1,8,7.3,.500,.000,.000,0.0,0.0,0.0,0.0,6.2,0.0,0.0,11.1,,0.0,0.0,0.0,.058,,-9.4,4.0,-5.4,0.0
714,Jordan Goodwin,23,2,6,-20.4,.000,.333,.000,0.0,18.2,9.2,0.0,0.0,0.0,0.0,22.2,,-0.1,0.0,-0.1,-0.533,,-24.7,-9.4,-34.1,0.0
715,Jaime Echenique,24,1,3,0.0,,,,0.0,0.0,0.0,0.0,0.0,0.0,,0.0,,0.0,0.0,0.0,-0.012,,-5.5,-3.0,-8.5,0.0
