,Full name,Age,G,GS,MP,FG,FGA,FG%,3P,3PA,3P%,2P,2PA,2P%,eFG%,FT,FTA,FT%,ORB,DRB,TRB,AST,STL,BLK,TOV,PF,PTS/G
1,Trae Young,23,76,76,34.9,9.4,20.3,.460,3.1,8.0,.382,6.3,12.3,.512,.536,6.6,7.3,.904,0.7,3.1,3.7,9.7,0.9,0.1,4.0,1.7,28.4
2,John Collins,24,54,53,30.8,6.3,11.9,.526,1.2,3.3,.364,5.1,8.7,.588,.576,2.5,3.1,.793,1.7,6.1,7.8,1.8,0.6,1.0,1.1,3.0,16.2
3,De'Andre Hunter,24,53,52,29.8,4.8,10.8,.442,1.4,3.7,.379,3.4,7.2,.474,.506,2.4,3.1,.765,0.5,2.8,3.3,1.3,0.7,0.4,1.3,2.9,13.4
4,Kevin Huerter,23,74,60,29.6,4.7,10.3,.454,2.2,5.6,.389,2.5,4.7,.530,.559,0.6,0.7,.808,0.4,3.0,3.4,2.7,0.7,0.4,1.2,2.5,12.1
5,Bogdan Bogdanović,29,63,27,29.3,5.4,12.6,.431,2.7,7.3,.368,2.7,5.3,.516,.537,1.5,1.8,.843,0.5,3.5,4.0,3.1,1.1,0.2,1.1,2.1,15.1
6,Chaundee Brown Jr.,23,3,2,27.7,3.0,8.3,.360,2.0,5.0,.400,1.0,3.3,.300,.480,1.7,2.0,.833,0.3,4.3,4.7,1.3,0.7,0.0,0.0,2.3,9.7
7,Clint Capela,27,74,73,27.6,5.0,8.2,.613,0.0,0.0,.000,5.0,8.1,.614,.613,1.1,2.3,.473,3.8,8.1,11.9,1.2,0.7,1.3,0.6,2.2,11.1
8,Wes Iwundu,27,3,1,27.3,2.7,6.0,.444,1.0,1.7,.600,1.7,4.3,.385,.528,1.0,1.3,.750,1.0,3.3,4.3,0.0,0.3,0.0,0.3,2.7,7.3
9,Danilo Gallinari,33,66,18,25.3,3.9,9.0,.434,1.7,4.5,.381,2.2,4.6,.485,.528,2.1,2.4,.904,0.5,4.1,4.7,1.5,0.4,0.2,0.6,1.4,11.7
10,Cam Reddish,22,34,7,23.4,4.1,10.1,.402,1.7,4.5,.379,2.4,5.6,.421,.487,2.1,2.4,.900,0.6,1.9,2.5,1.1,1.0,0.3,1.3,1.3,11.9
11,Cameron Oliver,25,2,0,21.5,5.0,7.5,.667,0.5,1.5,.333,4.5,6.0,.750,.700,1.0,1.5,.667,1.0,2.0,3.0,1.5,0.5,0.5,0.0,2.5,11.5
12,Onyeka Okongwu,21,48,6,20.7,3.3,4.7,.690,0.0,0.0,,3.3,4.7,.690,.690,1.7,2.3,.727,2.4,3.5,5.9,1.1,0.6,1.3,0.9,3.1,8.2
13,Delon Wright,29,77,8,18.9,1.6,3.5,.454,0.6,1.5,.379,1.0,2.0,.510,.535,0.7,0.8,.857,0.6,2.2,2.9,2.4,1.2,0.2,0.6,0.7,4.4
14,Malcolm Hill,26,3,0,15.3,1.7,2.7,.625,1.0,1.7,.600,0.7,1.0,.667,.813,1.3,1.3,1.000,0.7,1.3,2.0,0.3,1.3,0.3,0.0,2.3,5.7
15,Lou Williams,35,56,0,14.3,2.2,5.7,.391,0.7,1.8,.363,1.6,3.9,.404,.448,1.2,1.4,.859,0.3,1.3,1.6,1.9,0.5,0.1,0.8,0.9,6.3
16,Timothé Luwawu-Cabarrot,26,52,18,13.2,1.4,3.6,.398,0.8,2.3,.361,0.6,1.2,.469,.516,0.7,0.8,.854,0.3,1.3,1.6,0.8,0.3,0.1,0.4,1.5,4.4
17,Lance Stephenson,31,6,0,11.7,0.8,2.2,.385,0.0,0.5,.000,0.8,1.7,.500,.385,0.2,0.3,.500,0.2,2.3,2.5,1.8,0.0,0.0,0.7,1.3,1.8
18,Solomon Hill,30,13,1,10.7,0.2,1.5,.150,0.2,1.0,.154,0.1,0.5,.143,.200,0.0,0.0,,0.5,1.3,1.8,0.9,0.3,0.2,0.1,1.2,0.6
19,Gorgui Dieng,32,44,3,8.4,1.2,2.5,.473,0.7,1.5,.426,0.5,1.0,.545,.603,0.4,0.6,.731,0.7,2.0,2.8,0.8,0.3,0.3,0.5,1.2,3.5
20,Skylar Mays,24,28,5,7.9,1.1,2.3,.500,0.3,0.9,.320,0.9,1.4,.615,.563,0.3,0.3,.889,0.2,0.7,0.9,0.6,0.3,0.0,0.4,0.3,2.9
21,Kevin Knox,22,17,0,6.5,0.9,2.6,.356,0.3,1.5,.192,0.6,1.1,.579,.411,0.5,0.7,.750,0.4,0.9,1.3,0.4,0.1,0.1,0.1,0.8,2.7
22,Jalen Johnson,20,22,0,5.5,1.0,1.9,.537,0.1,0.6,.231,0.9,1.3,.679,.573,0.2,0.3,.714,0.1,1.1,1.2,0.1,0.1,0.1,0.4,0.4,2.4
23,Cat Barber,27,3,0,4.3,0.0,1.3,.000,0.0,0.0,,0.0,1.3,.000,.000,0.0,1.3,.000,0.3,0.7,1.0,1.0,0.0,0.0,0.3,0.3,0.0
24,Sharife Cooper,20,13,0,3.0,0.2,1.1,.214,0.1,0.5,.167,0.2,0.6,.250,.250,0.0,0.0,,0.0,0.4,0.4,0.4,0.0,0.0,0.4,0.1,0.5
25,Jayson Tatum,23,76,76,35.9,9.3,20.6,.453,3.0,8.6,.353,6.3,12.0,.524,.526,5.3,6.2,.853,1.1,6.9,8.0,4.4,1.0,0.6,2.9,2.3,26.9
26,Jaylen Brown,25,66,66,33.6,8.7,18.4,.473,2.5,7.0,.358,6.2,11.4,.544,.541,3.7,4.8,.758,0.8,5.3,6.1,3.5,1.1,0.3,2.7,2.5,23.6
27,Marcus Smart,27,71,71,32.3,4.2,10.1,.418,1.7,5.1,.331,2.5,5.0,.506,.501,2.0,2.5,.793,0.6,3.2,3.8,5.9,1.7,0.3,2.2,2.3,12.1
28,Robert Williams,24,61,61,29.6,4.4,6.0,.736,0.0,0.0,.000,4.4,6.0,.738,.736,1.1,1.5,.722,3.9,5.7,9.6,2.0,0.9,2.2,1.0,2.2,10.0
29,Dennis Schröder,28,49,25,29.2,5.2,11.9,.440,1.4,3.9,.349,3.9,8.0,.485,.497,2.5,3.0,.848,0.6,2.8,3.3,4.2,0.8,0.1,2.1,2.4,14.4
30,Al Horford,35,69,69,29.1,3.9,8.2,.467,1.3,3.8,.336,2.6,4.4,.582,.546,1.2,1.4,.842,1.6,6.1,7.7,3.4,0.7,1.3,0.9,1.9,10.2
31,Derrick White,27,26,4,27.4,3.6,8.8,.409,1.3,4.3,.306,2.3,4.6,.504,.483,2.5,2.9,.853,0.5,2.9,3.4,3.5,0.6,0.6,1.2,2.2,11.0
32,Josh Richardson,28,44,0,24.7,3.5,7.8,.443,1.4,3.5,.397,2.0,4.3,.481,.534,1.4,1.6,.859,0.6,2.3,2.8,1.5,0.8,0.5,0.9,1.9,9.7
33,Grant Williams,23,77,21,24.4,2.7,5.6,.475,1.4,3.4,.411,1.3,2.3,.569,.597,1.1,1.2,.905,0.8,2.7,3.6,1.0,0.5,0.7,0.8,2.4,7.8
34,Daniel Theis,29,21,6,18.7,3.2,5.3,.598,0.5,1.3,.357,2.7,4.0,.679,.643,1.0,1.5,.688,1.3,3.4,4.7,1.0,0.4,0.7,0.7,2.3,7.9
35,Romeo Langford,22,44,5,16.5,1.8,4.2,.429,0.7,1.9,.349,1.1,2.3,.495,.508,0.5,0.8,.588,0.7,1.7,2.4,0.4,0.5,0.4,0.4,1.0,4.7
36,Payton Pritchard,24,71,2,14.1,2.3,5.3,.429,1.4,3.5,.412,0.8,1.8,.461,.564,0.3,0.3,1.000,0.5,1.4,1.9,2.0,0.4,0.1,0.6,0.9,6.2
37,Enes Freedom,29,35,1,11.7,1.5,2.8,.526,0.1,0.1,.400,1.4,2.6,.533,.536,0.7,0.8,.857,1.7,2.8,4.6,0.2,0.1,0.4,0.6,1.2,3.7
38,Aaron Nesmith,22,52,3,11.0,1.4,3.5,.396,0.6,2.2,.270,0.8,1.3,.612,.481,0.4,0.5,.808,0.3,1.4,1.7,0.4,0.4,0.1,0.6,1.3,3.8
39,Jabari Parker,26,12,0,9.3,1.5,3.2,.474,0.7,1.3,.500,0.8,1.8,.455,.579,0.8,0.8,1.000,0.4,1.9,2.3,0.5,0.3,0.1,0.7,1.1,4.4
40,Luke Kornet,26,12,0,7.1,1.0,1.8,.571,0.0,0.3,.000,1.0,1.4,.706,.571,0.2,0.3,.667,0.8,1.3,2.1,0.7,0.3,0.2,0.0,0.6,2.2
41,Sam Hauser,24,26,0,6.1,0.9,1.9,.460,0.7,1.7,.432,0.2,0.2,.667,.650,0.0,0.0,,0.2,0.9,1.1,0.4,0.0,0.1,0.1,0.3,2.5
42,Juancho Hernangómez,26,18,0,5.3,0.3,1.5,.185,0.2,1.0,.167,0.1,0.5,.222,.241,0.3,0.5,.667,0.5,0.9,1.4,0.2,0.2,0.1,0.3,0.4,1.1
43,Matt Ryan,24,1,0,5.0,1.0,5.0,.200,1.0,5.0,.200,0.0,0.0,,.300,0.0,0.0,,0.0,0.0,0.0,0.0,1.0,0.0,0.0,0.0,3.0
44,Brodric Thomas,25,12,0,5.0,0.7,1.5,.444,0.2,0.8,.222,0.5,0.8,.667,.500,0.3,0.4,.600,0.2,0.7,0.8,0.9,0.1,0.1,0.5,0.6,1.8
45,Juwan Morgan,24,1,0,4.0,0.0,0.0,,0.0,0.0,,0.0,0.0,,,0.0,0.0,,0.0,0.0,0.0,0.0,0.0,0.0,0.0,0.0,0.0
46,Malik Fitts,24,8,0,3.5,0.8,1.3,.600,0.4,0.8,.500,0.4,0.5,.750,.750,0.0,0.0,,0.3,0.6,0.9,0.6,0.0,0.0,0.0,0.1,1.9
47,Bruno Fernando,23,20,0,2.9,0.4,0.7,.500,0.1,0.1,1.000,0.3,0.7,.462,.536,0.2,0.3,.800,0.4,0.4,0.8,0.2,0.0,0.2,0.3,0.3,1.0
48,Nik Stauskas,28,6,0,2.5,0.3,1.0,.333,0.3,1.0,.333,0.0,0.0,,.500,0.2,0.3,.500,0.0,0.0,0.0,0.2,0.0,0.0,0.2,0.0,1.2
49,C.J. Miles,34,1,0,2.0,0.0,0.0,,0.0,0.0,,0.0,0.0,,,0.0,0.0,,0.0,0.0,0.0,0.0,0.0,0.0,0.0,1.0,0.0
50,Kelan Martin,26,3,0,2.0,0.0,1.0,.000,0.0,0.3,.000,0.0,0.7,.000,.000,0.0,0.0,,0.3,0.3,0.7,0.0,0.0,0.0,0.0,0.0,0.0
51,Joe Johnson,40,1,0,2.0,1.0,1.0,1.000,0.0,0.0,,1.0,1.0,1.000,1.000,0.0,0.0,,0.0,0.0,0.0,0.0,0.0,0.0,0.0,0.0,2.0
52,Justin Jackson,26,1,0,2.0,0.0,1.0,.000,0.0,0.0,,0.0,1.0,.000,.000,2.0,2.0,1.000,0.0,0.0,0.0,0.0,0.0,0.0,0.0,0.0,2.0
53,Kyrie Irving,29,29,29,37.6,10.0,21.2,.469,3.4,8.2,.418,6.5,13.0,.501,.550,4.1,4.4,.915,0.6,3.8,4.4,5.8,1.4,0.6,2.5,2.8,27.4
54,Kevin Durant,33,55,55,37.2,10.5,20.3,.518,2.1,5.5,.383,8.4,14.8,.568,.570,6.8,7.4,.910,0.5,6.9,7.4,6.4,0.9,0.9,3.5,2.1,29.9
55,James Harden,32,44,44,37.0,6.6,16.0,.414,2.3,7.0,.332,4.3,9.1,.476,.486,6.9,8.0,.869,1.0,7.0,8.0,10.2,1.3,0.7,4.8,2.4,22.5
56,Joe Harris,30,14,14,30.2,4.0,8.9,.452,2.9,6.3,.466,1.1,2.6,.417,.617,0.4,0.4,.833,0.4,3.6,4.0,1.0,0.5,0.1,1.1,2.2,11.3
57,Seth Curry,31,19,19,29.9,5.5,11.1,.493,3.1,6.5,.468,2.4,4.6,.529,.630,0.9,1.1,.857,0.2,2.4,2.6,2.6,0.9,0.2,1.3,2.5,14.9
58,Patty Mills,33,81,48,29.0,4.0,9.8,.408,2.8,7.0,.400,1.2,2.8,.429,.551,0.6,0.7,.814,0.2,1.7,1.9,2.3,0.6,0.2,0.9,1.4,11.4
59,Goran Dragić,35,16,6,25.5,2.8,7.3,.376,0.8,3.1,.245,2.0,4.3,.471,.427,1.1,1.4,.739,0.7,2.5,3.2,4.8,0.9,0.2,2.1,2.3,7.3
60,Bruce Brown,25,72,45,24.6,3.6,7.0,.506,0.5,1.3,.404,3.0,5.7,.529,.543,1.3,1.8,.758,1.4,3.4,4.8,2.1,1.1,0.7,0.8,2.4,9.0
61,LaMarcus Aldridge,36,47,12,22.3,5.4,9.7,.550,0.3,1.0,.304,5.1,8.8,.578,.566,1.9,2.2,.873,1.6,3.9,5.5,0.9,0.3,1.0,0.9,1.7,12.9
62,Andre Drummond,28,24,24,22.3,5.0,8.1,.610,0.0,0.0,.000,5.0,8.1,.613,.610,1.8,3.4,.537,3.9,6.4,10.3,1.4,0.9,1.0,1.5,3.0,11.8
63,Nic Claxton,22,47,19,20.7,3.8,5.6,.674,0.0,0.0,,3.8,5.6,.674,.674,1.1,2.0,.581,1.9,3.7,5.6,0.9,0.5,1.1,0.8,2.3,8.7
64,Kessler Edwards,21,48,23,20.6,2.3,5.6,.412,1.0,2.8,.353,1.3,2.7,.473,.502,0.3,0.4,.842,0.9,2.7,3.6,0.6,0.6,0.5,0.9,1.8,5.9
65,DeAndre' Bembry,27,48,20,19.8,2.5,4.4,.568,0.3,0.8,.417,2.2,3.7,.599,.603,0.4,0.7,.600,0.8,2.4,3.2,1.3,1.0,0.5,0.6,2.2,5.8
66,James Johnson,34,62,10,19.2,2.3,5.0,.469,0.4,1.4,.271,2.0,3.6,.545,.507,0.5,0.9,.527,0.8,2.6,3.5,2.1,0.5,0.5,0.8,2.6,5.5
67,Cam Thomas,20,67,2,17.6,3.3,7.5,.433,0.7,2.6,.270,2.6,4.9,.520,.480,1.3,1.6,.829,0.2,2.2,2.4,1.2,0.5,0.1,0.8,1.0,8.5
68,Blake Griffin,32,56,24,17.1,2.4,5.6,.425,0.7,2.6,.262,1.7,3.0,.565,.486,1.0,1.4,.724,1.1,3.0,4.1,1.9,0.5,0.3,0.6,1.7,6.4
69,David Duke Jr.,22,22,7,15.5,1.8,4.9,.361,0.4,1.7,.243,1.4,3.2,.423,.403,0.8,1.0,.810,1.4,1.7,3.0,0.8,0.6,0.3,0.4,1.6,4.7
70,Langston Galloway,30,4,0,14.5,1.3,3.3,.385,0.5,2.0,.250,0.8,1.3,.600,.462,0.0,0.0,,0.3,1.8,2.0,1.3,0.0,0.0,1.3,1.3,3.0
71,Day'Ron Sharpe,20,32,8,12.2,2.7,4.7,.577,0.1,0.2,.286,2.6,4.4,.592,.584,0.8,1.3,.585,2.5,2.5,5.0,0.5,0.3,0.5,0.9,1.9,6.2
72,Jevon Carter,26,46,1,12.0,1.3,3.8,.333,0.9,2.8,.331,0.3,1.0,.340,.454,0.2,0.2,.700,0.2,1.3,1.5,1.0,0.3,0.2,0.6,1.0,3.6
73,Shaquille Harrison,28,2,0,11.5,1.0,3.0,.333,0.0,1.0,.000,1.0,2.0,.500,.333,0.0,0.0,,0.5,1.5,2.0,1.5,0.5,0.5,1.0,1.5,2.0
74,Paul Millsap,36,24,0,11.3,1.3,3.5,.376,0.3,1.1,.222,1.1,2.4,.448,.412,0.5,0.7,.706,1.2,2.5,3.7,1.0,0.2,0.5,0.5,2.0,3.4
75,James Ennis III,31,2,0,7.0,1.0,3.5,.286,0.5,1.0,.500,0.5,2.5,.200,.357,0.0,0.0,,1.0,1.5,2.5,0.0,0.5,0.5,0.0,0.0,2.5
76,Wenyen Gabriel,24,1,0,1.0,0.0,0.0,,0.0,0.0,,0.0,0.0,,,0.0,0.0,,0.0,1.0,1.0,0.0,0.0,0.0,0.0,0.0,0.0
77,Miles Bridges,23,80,80,35.5,7.5,15.2,.491,1.9,5.8,.331,5.5,9.4,.590,.554,3.3,4.2,.802,1.1,5.9,7.0,3.8,0.9,0.8,1.9,2.4,20.2
78,Terry Rozier,27,73,73,33.7,7.1,16.0,.444,3.0,8.1,.374,4.1,7.9,.516,.539,2.1,2.4,.852,0.8,3.5,4.3,4.5,1.3,0.3,1.3,1.6,19.3
79,LaMelo Ball,20,75,75,32.3,7.2,16.7,.429,2.9,7.5,.389,4.2,9.2,.462,.517,2.8,3.2,.872,1.4,5.2,6.7,7.6,1.6,0.4,3.3,3.2,20.1
80,Gordon Hayward,31,49,48,31.9,5.8,12.6,.459,1.8,4.5,.391,4.0,8.1,.496,.528,2.6,3.0,.846,0.8,3.8,4.6,3.6,1.0,0.4,1.7,1.7,15.9
81,P.J. Washington,23,65,28,27.2,3.8,8.2,.470,1.7,4.6,.365,2.2,3.6,.606,.573,0.9,1.2,.716,1.3,3.9,5.2,2.3,0.9,0.9,1.3,2.3,10.3
82,Cody Martin,26,71,11,26.3,2.9,6.0,.482,0.9,2.2,.384,2.0,3.7,.542,.554,1.1,1.5,.701,1.2,2.9,4.0,2.5,1.2,0.5,0.9,1.6,7.7
83,Kelly Oubre Jr.,26,76,13,26.3,5.4,12.3,.440,2.5,7.3,.345,2.9,5.0,.578,.542,1.7,2.5,.667,1.0,2.9,4.0,1.1,1.0,0.4,0.9,2.5,15.0
84,Mason Plumlee,31,73,73,24.6,2.8,4.4,.641,0.0,0.0,.000,2.8,4.4,.645,.641,0.9,2.3,.392,2.4,5.3,7.7,3.1,0.8,0.7,1.4,3.1,6.5
85,Montrezl Harrell,28,25,0,21.0,4.4,6.9,.645,0.0,0.1,.000,4.4,6.8,.653,.645,2.5,3.6,.692,2.1,2.8,4.9,2.0,0.4,0.5,0.9,2.0,11.4
86,Jalen McDaniels,24,55,2,16.3,2.2,4.6,.484,0.7,2.0,.380,1.5,2.7,.562,.565,1.0,1.3,.736,0.7,2.4,3.1,1.1,0.5,0.4,0.7,1.7,6.2
87,Ish Smith,33,37,1,13.8,2.0,5.0,.395,0.3,0.7,.400,1.7,4.3,.394,.422,0.3,0.5,.632,0.3,1.2,1.5,2.6,0.5,0.3,1.0,0.9,4.5
88,Isaiah Thomas,32,17,0,12.9,3.1,7.1,.433,1.4,3.4,.397,1.7,3.6,.468,.529,0.8,0.9,.933,0.2,1.1,1.2,1.4,0.4,0.2,0.6,1.3,8.3
89,James Bouknight,21,31,0,9.8,1.6,4.5,.348,0.5,1.6,.347,1.0,3.0,.348,.408,0.9,1.0,.871,0.7,1.0,1.7,0.8,0.2,0.0,0.5,0.9,4.6
90,JT Thor,19,33,0,7.9,0.7,1.7,.436,0.2,0.8,.259,0.5,0.8,.607,.500,0.4,0.6,.600,0.3,1.0,1.3,0.6,0.2,0.3,0.3,0.8,2.0
91,Nick Richards,24,50,5,7.3,1.2,1.8,.667,0.0,0.0,,1.2,1.8,.667,.667,0.6,0.9,.698,0.7,1.0,1.7,0.3,0.2,0.4,0.5,1.0,3.0
92,Vernon Carey Jr.,20,4,1,4.3,0.8,1.5,.500,0.0,0.0,,0.8,1.5,.500,.500,0.5,0.8,.667,0.8,0.5,1.3,0.0,0.3,0.0,0.3,0.3,2.0
93,Scottie Lewis,21,2,0,3.5,0.0,0.0,,0.0,0.0,,0.0,0.0,,,0.5,1.0,.500,0.0,0.0,0.0,0.5,0.5,0.0,0.0,0.0,0.5
94,Kai Jones,21,21,0,3.0,0.4,0.7,.643,0.0,0.1,.500,0.4,0.6,.667,.679,0.1,0.4,.375,0.1,0.4,0.5,0.2,0.0,0.1,0.3,0.4,1.0
95,Arnoldas Kulboka,24,2,0,2.5,0.0,0.5,.000,0.0,0.5,.000,0.0,0.0,,.000,0.0,0.0,,0.0,0.0,0.0,0.0,0.0,0.0,0.0,0.5,0.0
96,DeMar DeRozan,32,76,76,36.1,10.2,20.2,.504,0.7,1.9,.352,9.5,18.3,.520,.521,6.8,7.8,.877,0.7,4.4,5.2,4.9,0.9,0.3,2.4,2.3,27.9
97,Zach LaVine,26,67,67,34.7,8.4,17.7,.476,2.8,7.1,.389,5.7,10.6,.534,.554,4.8,5.6,.853,0.3,4.3,4.6,4.5,0.6,0.3,2.6,1.8,24.4
98,Lonzo Ball,24,35,35,34.6,4.6,10.9,.423,3.1,7.4,.423,1.5,3.5,.423,.567,0.6,0.8,.750,1.0,4.4,5.4,5.1,1.8,0.9,2.3,2.4,13.0
99,Nikola Vučević,31,73,73,33.1,7.5,15.8,.473,1.4,4.5,.314,6.1,11.3,.537,.518,1.3,1.7,.760,1.9,9.1,11.0,3.2,1.0,1.0,1.9,2.5,17.6
100,Alex Caruso,27,41,18,28.0,2.5,6.2,.398,1.0,3.1,.333,1.5,3.2,.462,.480,1.4,1.8,.795,0.8,2.8,3.6,4.0,1.7,0.4,1.4,2.6,7.4
101,Coby White,21,61,17,27.5,4.6,10.6,.433,2.2,5.8,.385,2.3,4.8,.491,.539,1.3,1.5,.857,0.3,2.7,3.0,2.9,0.5,0.2,1.1,2.2,12.7
102,Ayo Dosunmu,22,77,40,27.4,3.6,6.9,.520,0.9,2.4,.376,2.7,4.5,.596,.585,0.7,1.0,.679,0.4,2.4,2.8,3.3,0.8,0.4,1.4,2.4,8.8
103,Patrick Williams,20,17,9,24.8,3.2,6.0,.529,0.9,1.7,.517,2.3,4.3,.534,.603,1.8,2.4,.732,1.0,3.1,4.1,0.9,0.5,0.5,0.9,1.6,9.0
104,Javonte Green,28,65,45,23.4,2.7,5.0,.542,0.6,1.6,.356,2.2,3.4,.625,.597,1.2,1.5,.833,1.4,2.8,4.2,0.9,1.0,0.5,0.5,2.0,7.2
105,Derrick Jones Jr.,24,51,8,17.6,2.1,3.8,.538,0.4,1.2,.328,1.7,2.6,.634,.590,1.1,1.4,.800,1.2,2.1,3.3,0.6,0.5,0.6,0.6,2.1,5.6
106,Tristan Thompson,30,23,3,16.3,2.3,4.0,.565,0.0,0.1,.000,2.3,3.9,.578,.565,1.1,2.1,.542,1.8,3.0,4.7,0.6,0.5,0.3,0.5,1.7,5.7
107,Troy Brown Jr.,22,66,7,16.0,1.6,3.9,.419,0.7,2.0,.353,0.9,1.9,.488,.510,0.3,0.4,.769,0.6,2.5,3.1,1.0,0.5,0.1,0.4,0.9,4.3
108,Alfonzo McKinnie,29,17,3,12.1,1.4,3.6,.393,0.5,1.6,.333,0.9,2.0,.441,.467,0.1,0.5,.250,0.8,1.2,1.9,0.3,0.1,0.2,0.4,1.5,3.5
109,Matt Thomas,27,40,0,11.5,1.4,3.4,.410,0.9,2.3,.385,0.5,1.1,.465,.541,0.4,0.5,.800,0.1,1.2,1.3,0.5,0.2,0.1,0.2,0.5,4.0
110,Malcolm Hill,26,16,0,10.4,1.2,2.8,.432,0.6,1.9,.323,0.6,0.8,.692,.545,0.4,0.6,.700,0.6,1.3,1.8,0.4,0.2,0.1,0.2,1.1,3.4
111,Tyler Cook,24,20,2,10.0,1.2,1.9,.605,0.0,0.0,,1.2,1.9,.605,.605,1.1,1.6,.656,0.8,1.9,2.7,0.2,0.2,0.2,0.4,1.4,3.4
112,Tony Bradley,24,55,7,10.0,1.3,2.2,.585,0.0,0.0,,1.3,2.2,.585,.585,0.3,0.5,.655,1.2,2.2,3.4,0.5,0.2,0.6,0.6,1.1,3.0
113,Devon Dotson,22,11,0,7.7,1.0,2.1,.478,0.2,0.8,.222,0.8,1.3,.643,.522,0.5,0.8,.556,0.1,0.7,0.8,1.4,0.1,0.0,0.5,1.0,2.6
114,Alize Johnson,25,16,0,7.6,0.8,1.4,.522,0.0,0.1,.000,0.8,1.3,.571,.522,0.3,0.4,.571,1.0,1.3,2.3,0.5,0.2,0.0,0.5,0.9,1.8
115,Marko Simonovic,22,9,0,3.9,0.4,1.7,.267,0.1,0.6,.200,0.3,1.1,.300,.300,0.9,1.2,.727,0.6,0.6,1.1,0.0,0.1,0.1,0.2,0.7,1.9
116,Mac McClung,23,1,0,3.0,1.0,1.0,1.000,0.0,0.0,,1.0,1.0,1.000,1.000,0.0,0.0,,0.0,0.0,0.0,0.0,0.0,0.0,1.0,0.0,2.0
117,Jordan Bell,27,1,0,2.0,0.0,0.0,,0.0,0.0,,0.0,0.0,,,0.0,0.0,,1.0,0.0,1.0,0.0,1.0,0.0,0.0,2.0,0.0
118,Darius Garland,22,68,68,35.7,8.0,17.3,.462,2.6,6.7,.383,5.4,10.6,.512,.536,3.2,3.5,.892,0.6,2.7,3.3,8.6,1.3,0.1,3.6,1.7,21.7
119,Evan Mobley,20,69,69,33.8,6.1,12.0,.508,0.3,1.3,.250,5.8,10.7,.541,.522,2.4,3.7,.663,2.1,6.2,8.3,2.5,0.8,1.7,1.9,2.1,15.0
120,Jarrett Allen,23,56,56,32.3,6.6,9.7,.677,0.0,0.2,.100,6.6,9.6,.688,.678,2.9,4.2,.708,3.4,7.3,10.8,1.6,0.8,1.3,1.7,1.7,16.1
121,Lauri Markkanen,24,61,61,30.8,5.1,11.5,.445,2.2,6.2,.358,2.9,5.3,.548,.542,2.3,2.6,.868,1.0,4.7,5.7,1.3,0.7,0.5,0.9,2.1,14.8
122,Caris LeVert,27,19,10,29.8,5.3,12.2,.435,1.1,3.5,.313,4.2,8.7,.485,.481,1.8,2.5,.745,0.7,2.7,3.4,3.9,0.8,0.3,1.7,2.1,13.6
123,Isaac Okoro,21,67,61,29.6,3.1,6.4,.480,0.8,2.3,.350,2.3,4.1,.555,.544,1.8,2.3,.768,1.1,1.9,3.0,1.8,0.8,0.3,0.9,2.4,8.8
124,Collin Sexton,23,11,11,28.7,6.2,13.7,.450,1.0,4.1,.244,5.2,9.6,.538,.487,2.6,3.5,.744,1.2,2.1,3.3,2.1,0.9,0.0,2.8,2.3,16.0
125,Ricky Rubio,31,34,8,28.5,4.4,12.1,.363,1.7,5.1,.339,2.6,7.0,.380,.434,2.6,3.0,.854,0.4,3.7,4.1,6.6,1.4,0.2,2.6,2.2,13.1
126,Kevin Love,33,74,4,22.5,4.4,10.3,.430,2.5,6.4,.392,1.9,3.8,.493,.553,2.2,2.7,.838,1.2,6.1,7.2,2.2,0.4,0.2,1.3,1.4,13.6
127,Cedi Osman,26,66,3,22.2,3.7,8.7,.432,1.9,5.4,.357,1.8,3.2,.559,.544,1.3,2.0,.664,0.4,1.8,2.2,2.0,0.8,0.2,1.0,1.9,10.7
128,Rajon Rondo,35,21,1,19.4,2.1,5.0,.429,1.1,2.8,.397,1.0,2.2,.468,.538,0.9,1.1,.750,0.2,2.6,2.8,4.9,0.9,0.0,1.6,1.5,6.2
129,Dean Wade,25,51,28,19.2,1.9,4.3,.456,1.0,2.8,.359,0.9,1.5,.640,.574,0.4,0.6,.667,0.6,2.3,2.9,1.0,0.6,0.1,0.3,1.7,5.3
130,Lamar Stevens,24,63,13,16.1,2.5,5.1,.489,0.3,1.0,.277,2.2,4.0,.543,.517,0.8,1.2,.707,0.7,1.9,2.6,0.7,0.5,0.3,0.7,1.7,6.1
131,Justin Anderson,28,3,0,15.7,1.3,2.7,.500,0.7,2.0,.333,0.7,0.7,1.000,.625,1.0,1.3,.750,0.0,2.0,2.0,2.0,0.3,0.0,0.7,1.3,4.3
132,Brandon Goodwin,26,36,5,13.9,1.8,4.3,.416,0.5,1.5,.345,1.3,2.8,.455,.477,0.7,1.1,.632,0.4,1.5,1.9,2.5,0.7,0.0,1.0,1.1,4.8
133,Moses Brown,22,14,5,12.6,2.6,4.1,.638,0.0,0.0,,2.6,4.1,.638,.638,1.1,2.1,.552,1.6,3.6,5.3,0.0,0.3,0.5,0.4,1.8,6.4
134,Denzel Valentine,28,22,0,9.3,1.0,2.8,.371,0.8,2.0,.409,0.2,0.8,.278,.516,0.0,0.0,,0.4,1.3,1.7,0.5,0.3,0.0,0.5,0.8,2.9
135,Dylan Windler,25,50,0,9.2,0.7,2.0,.378,0.4,1.4,.300,0.3,0.6,.571,.485,0.3,0.4,.833,0.4,1.4,1.8,0.7,0.3,0.1,0.3,0.9,2.2
136,Malik Newman,24,1,0,8.0,3.0,5.0,.600,0.0,1.0,.000,3.0,4.0,.750,.600,2.0,2.0,1.000,0.0,1.0,1.0,1.0,0.0,0.0,1.0,0.0,8.0
137,Luke Kornet,26,2,0,7.5,0.5,2.5,.200,0.0,0.5,.000,0.5,2.0,.250,.200,1.0,1.5,.667,1.0,0.5,1.5,0.5,0.0,0.5,0.0,0.5,2.0
138,Kevin Pangos,29,24,3,6.9,0.6,1.9,.326,0.3,1.1,.231,0.4,0.8,.450,.391,0.1,0.2,.750,0.1,0.4,0.5,1.3,0.1,0.0,0.3,0.5,1.6
139,Ed Davis,32,31,3,6.5,0.4,0.5,.688,0.0,0.0,,0.4,0.5,.688,.688,0.2,0.5,.429,0.5,1.6,2.1,0.2,0.1,0.3,0.2,1.1,0.9
140,Tre Scott,25,2,0,5.5,1.5,3.0,.500,0.0,0.5,.000,1.5,2.5,.600,.500,0.0,0.0,,0.5,0.5,1.0,0.0,0.5,0.5,0.0,1.0,3.0
141,Tacko Fall,26,11,1,5.4,0.5,1.1,.417,0.0,0.0,,0.5,1.1,.417,.417,0.2,0.6,.286,0.6,1.5,2.1,0.2,0.0,0.5,0.3,0.3,1.1
142,RJ Nembhard Jr.,22,14,0,4.5,0.4,1.3,.333,0.0,0.1,.000,0.4,1.1,.375,.333,0.2,0.3,.750,0.2,0.3,0.5,0.9,0.1,0.0,0.2,0.1,1.1
143,Tim Frazier,31,2,0,4.0,0.5,1.0,.500,0.0,0.0,,0.5,1.0,.500,.500,0.0,0.0,,0.0,0.0,0.0,0.5,0.0,0.0,1.0,1.5,1.0
144,Luka Dončić,22,65,65,35.4,9.9,21.6,.457,3.1,8.8,.353,6.8,12.8,.528,.529,5.6,7.5,.744,0.9,8.3,9.1,8.7,1.2,0.6,4.5,2.2,28.4
145,Dorian Finney-Smith,28,80,80,33.1,4.1,8.7,.471,2.2,5.4,.395,1.9,3.2,.599,.595,0.7,1.0,.675,1.5,3.2,4.7,1.9,1.1,0.5,1.0,2.3,11.0
146,Jalen Brunson,25,79,61,31.9,6.4,12.8,.502,1.2,3.2,.373,5.2,9.6,.545,.549,2.3,2.7,.840,0.5,3.4,3.9,4.8,0.8,0.0,1.6,1.9,16.3
147,Tim Hardaway Jr.,29,42,20,29.6,5.0,12.6,.394,2.4,7.2,.336,2.5,5.4,.473,.491,1.9,2.5,.757,0.3,3.4,3.7,2.2,0.9,0.1,0.8,1.8,14.2
148,Kristaps Porziņģis,26,34,34,29.5,6.7,14.9,.451,1.4,5.1,.283,5.3,9.9,.537,.499,4.3,5.0,.865,1.9,5.8,7.7,2.0,0.7,1.7,1.6,2.6,19.2
149,Spencer Dinwiddie,28,23,7,28.3,5.3,10.6,.498,1.8,4.5,.404,3.4,6.0,.568,.584,3.4,4.7,.725,0.4,2.7,3.1,3.9,0.7,0.3,1.3,1.9,15.8
150,Reggie Bullock,30,68,37,28.0,3.0,7.4,.401,2.1,5.8,.360,0.9,1.6,.550,.542,0.6,0.7,.833,0.5,3.1,3.5,1.2,0.6,0.2,0.6,1.6,8.6
151,Maxi Kleber,30,59,21,24.6,2.4,6.0,.398,1.4,4.3,.325,1.0,1.7,.586,.516,0.8,1.1,.708,1.2,4.7,5.9,1.2,0.5,1.0,0.8,2.3,7.0
152,Dwight Powell,30,82,71,21.9,3.3,4.9,.671,0.2,0.5,.351,3.1,4.4,.703,.687,2.0,2.6,.783,2.1,2.8,4.9,1.2,0.5,0.5,0.8,2.7,8.7
153,Josh Green,21,67,3,15.5,1.9,3.8,.508,0.4,1.2,.359,1.5,2.7,.573,.563,0.5,0.7,.689,0.8,1.6,2.4,1.2,0.7,0.2,0.7,1.7,4.8
154,Dāvis Bertāns,29,22,0,13.9,1.8,4.7,.375,1.4,3.9,.360,0.4,0.8,.444,.524,0.4,0.5,.800,0.3,2.3,2.5,0.7,0.3,0.3,0.2,1.4,5.3
155,Isaiah Thomas,32,1,0,13.0,3.0,8.0,.375,0.0,3.0,.000,3.0,5.0,.600,.375,0.0,0.0,,0.0,0.0,0.0,4.0,0.0,0.0,0.0,0.0,6.0
156,Brandon Knight,30,5,0,13.0,2.0,5.0,.400,0.8,3.4,.235,1.2,1.6,.750,.480,1.6,1.6,1.000,0.0,1.6,1.6,1.6,0.2,0.0,0.8,1.0,6.4
157,Sterling Brown,26,49,3,12.8,1.2,3.2,.381,0.6,1.9,.304,0.6,1.3,.492,.471,0.3,0.3,.933,0.5,2.5,3.0,0.7,0.3,0.1,0.5,1.1,3.3
158,Frank Ntilikina,23,58,5,11.8,1.5,3.8,.399,0.7,1.9,.342,0.9,1.9,.455,.484,0.4,0.4,.960,0.2,1.2,1.4,1.2,0.5,0.1,0.5,1.1,4.1
159,Trey Burke,29,42,0,10.5,2.0,5.1,.391,0.6,2.0,.317,1.4,3.2,.436,.451,0.5,0.5,.870,0.1,0.7,0.8,1.4,0.3,0.0,0.6,0.9,5.1
160,Marquese Chriss,24,34,0,10.2,1.8,3.9,.463,0.2,0.7,.320,1.6,3.2,.495,.493,0.6,1.0,.667,1.0,2.1,3.0,0.5,0.4,0.4,0.5,1.9,4.5
161,Willie Cauley-Stein,28,18,2,9.8,0.9,1.9,.457,0.1,0.1,.500,0.8,1.8,.455,.471,0.1,0.1,.500,0.7,1.4,2.1,0.5,0.3,0.2,0.4,0.9,1.9
162,Theo Pinson,26,19,0,7.8,0.7,2.1,.359,0.5,1.6,.333,0.2,0.5,.444,.487,0.5,0.5,1.000,0.1,1.0,1.1,0.9,0.3,0.1,0.3,0.6,2.5
163,Moses Brown,22,26,1,6.5,1.0,1.9,.540,0.0,0.0,,1.0,1.9,.540,.540,1.0,1.7,.628,0.6,1.7,2.3,0.0,0.1,0.3,0.5,1.1,3.1
164,Carlik Jones,24,3,0,6.3,0.0,2.3,.000,0.0,0.3,.000,0.0,2.0,.000,.000,0.7,0.7,1.000,0.3,0.7,1.0,1.7,0.3,0.0,1.0,0.0,0.7
165,Boban Marjanović,33,23,0,5.6,1.8,3.0,.600,0.0,0.2,.250,1.8,2.9,.621,.607,0.6,1.0,.591,0.3,1.3,1.7,0.1,0.0,0.1,0.7,1.0,4.3
166,Charlie Brown Jr.,24,3,0,5.0,0.3,1.7,.200,0.0,1.0,.000,0.3,0.7,.500,.200,0.0,0.0,,0.0,0.3,0.3,0.3,0.7,0.3,0.0,0.7,0.7
167,George King,28,4,0,4.8,0.0,1.3,.000,0.0,1.0,.000,0.0,0.3,.000,.000,0.3,0.5,.500,0.0,1.3,1.3,0.0,0.0,0.0,0.3,1.0,0.3
168,Eugene Omoruyi,24,4,0,4.5,0.5,1.3,.400,0.3,0.5,.500,0.3,0.8,.333,.500,0.5,1.0,.500,0.5,1.3,1.8,0.5,0.0,0.0,0.0,0.5,1.8
169,Moses Wright,23,3,0,4.3,0.3,1.3,.250,0.0,0.3,.000,0.3,1.0,.333,.250,1.0,1.0,1.000,0.3,0.7,1.0,0.3,0.0,0.3,0.0,0.0,1.7
170,JaQuori McLaughlin,24,4,0,2.8,0.0,0.5,.000,0.0,0.3,.000,0.0,0.3,.000,.000,0.0,0.0,,0.0,0.0,0.0,0.5,0.0,0.0,0.0,0.3,0.0
171,Nikola Jokić,26,74,74,33.5,10.3,17.7,.583,1.3,3.9,.337,9.0,13.8,.652,.620,5.1,6.3,.810,2.8,11.0,13.8,7.9,1.5,0.9,3.8,2.6,27.1
172,Will Barton,31,71,71,32.1,5.5,12.6,.438,2.2,6.1,.365,3.3,6.6,.504,.525,1.4,1.8,.803,0.6,4.2,4.8,3.9,0.8,0.4,1.8,1.6,14.7
173,Aaron Gordon,26,75,75,31.7,5.8,11.1,.520,1.2,3.5,.335,4.6,7.7,.605,.573,2.3,3.1,.743,1.7,4.2,5.9,2.5,0.6,0.6,1.8,2.0,15.0
174,Monte Morris,26,75,74,29.9,5.0,10.3,.484,1.7,4.2,.395,3.3,6.1,.545,.564,1.0,1.1,.869,0.4,2.7,3.0,4.4,0.7,0.2,1.0,1.2,12.6
175,Michael Porter Jr.,23,9,9,29.4,4.1,11.4,.359,1.1,5.3,.208,3.0,6.1,.491,.408,0.6,1.0,.556,1.0,5.6,6.6,1.9,1.1,0.2,1.3,1.8,9.9
176,Jeff Green,35,75,63,24.7,3.7,7.1,.524,0.7,2.2,.315,3.0,4.8,.620,.574,2.2,2.6,.833,0.5,2.5,3.1,1.3,0.4,0.4,0.9,2.0,10.3
177,Austin Rivers,29,67,18,22.1,2.2,5.2,.417,1.2,3.4,.342,1.0,1.8,.563,.530,0.5,0.7,.727,0.3,1.4,1.7,1.3,0.8,0.1,0.8,1.8,6.0
178,Bones Hyland,21,69,4,19.0,3.3,8.3,.403,1.9,5.2,.366,1.4,3.1,.465,.518,1.6,1.8,.856,0.2,2.5,2.7,2.8,0.6,0.3,1.2,2.2,10.1
179,PJ Dozier,25,18,0,18.9,2.0,5.5,.364,0.8,2.7,.313,1.2,2.8,.412,.439,0.6,0.7,.769,0.8,2.7,3.5,1.6,0.6,0.3,0.7,1.8,5.4
180,Facundo Campazzo,30,65,4,18.2,1.6,4.6,.361,0.9,3.0,.301,0.8,1.6,.476,.459,0.9,1.2,.769,0.4,1.4,1.8,3.4,1.0,0.4,1.0,1.9,5.1
181,Bryn Forbes,28,35,1,17.4,2.9,6.9,.424,1.7,4.1,.410,1.3,2.8,.444,.545,1.0,1.1,.921,0.2,0.7,0.9,1.0,0.2,0.1,0.7,1.5,8.6
182,Zeke Nnaji,21,41,1,17.0,2.3,4.5,.516,0.9,2.0,.463,1.4,2.6,.557,.616,1.0,1.6,.631,1.4,2.2,3.6,0.4,0.4,0.3,0.6,1.9,6.6
183,JaMychal Green,31,67,8,16.2,2.4,4.9,.486,0.5,1.9,.266,1.9,3.0,.621,.537,1.2,1.4,.871,1.2,3.0,4.2,0.9,0.6,0.4,0.9,2.4,6.4
184,DeMarcus Cousins,31,31,2,13.9,3.0,6.6,.456,0.8,2.4,.324,2.3,4.3,.530,.515,2.1,2.8,.736,1.6,3.9,5.5,1.7,0.6,0.4,2.2,3.0,8.9
185,Davon Reed,26,48,5,13.9,1.7,3.4,.503,0.8,1.8,.430,0.9,1.6,.587,.618,0.2,0.3,.667,0.3,2.0,2.3,1.1,0.5,0.2,0.3,1.3,4.4
186,Vlatko Čančar,24,15,1,11.7,1.5,2.7,.561,0.5,0.8,.583,1.1,1.9,.552,.646,0.6,0.9,.643,0.5,1.5,2.1,1.1,0.1,0.2,0.6,1.2,4.1
187,Rayjon Tucker,24,3,0,9.7,0.3,0.7,.500,0.3,0.7,.500,0.0,0.0,,.750,1.0,1.3,.750,0.3,1.0,1.3,1.3,0.3,0.0,0.0,1.0,2.0
188,Bol Bol,22,14,0,5.8,1.1,1.9,.556,0.1,0.3,.250,1.0,1.6,.609,.574,0.1,0.4,.400,0.3,1.1,1.4,0.4,0.1,0.1,0.3,0.3,2.4
189,Markus Howard,22,31,0,5.7,1.3,3.3,.386,0.9,2.3,.400,0.4,1.0,.355,.525,0.6,0.7,.870,0.1,0.3,0.4,0.2,0.3,0.0,0.2,0.5,4.1
190,James Ennis III,31,3,0,4.7,0.7,2.0,.333,0.0,0.7,.000,0.7,1.3,.500,.333,0.0,0.3,.000,0.3,0.3,0.7,1.0,0.0,0.0,0.3,0.3,1.3
191,Petr Cornelie,26,13,0,2.9,0.4,1.2,.333,0.1,0.6,.125,0.3,0.5,.571,.367,0.2,0.3,.750,0.5,0.5,1.1,0.2,0.1,0.1,0.3,0.5,1.1
192,Carlik Jones,24,2,0,2.0,0.5,1.0,.500,0.0,0.0,,0.5,1.0,.500,.500,0.0,0.0,,0.0,0.0,0.0,0.0,0.0,0.0,0.0,0.0,1.0
193,Derrick Walton,26,3,3,36.0,2.0,8.7,.231,1.0,4.3,.231,1.0,4.3,.231,.288,1.3,1.3,1.000,0.7,2.7,3.3,7.0,2.3,1.3,3.7,2.7,6.3
194,Saddiq Bey,22,82,82,33.0,5.5,13.9,.396,2.6,7.4,.346,2.9,6.4,.454,.489,2.6,3.1,.827,1.3,4.1,5.4,2.8,0.9,0.2,1.2,1.6,16.1
195,Cade Cunningham,20,64,64,32.6,6.7,16.1,.416,1.8,5.7,.314,4.9,10.4,.472,.471,2.2,2.6,.845,0.9,4.6,5.5,5.6,1.2,0.7,3.7,3.1,17.4
196,Jerami Grant,27,47,47,31.9,6.3,14.9,.426,1.9,5.4,.358,4.4,9.5,.465,.491,4.6,5.5,.838,0.6,3.5,4.1,2.4,0.9,1.0,1.8,2.3,19.2
197,Marvin Bagley III,22,18,8,27.2,6.2,11.1,.555,0.4,1.9,.229,5.7,9.2,.624,.575,1.8,3.0,.593,2.1,4.7,6.8,1.1,0.7,0.4,1.0,2.4,14.6
198,Isaiah Stewart,20,71,71,25.6,3.5,6.9,.510,0.2,0.6,.326,3.3,6.3,.529,.526,1.0,1.5,.718,3.2,5.5,8.7,1.2,0.3,1.1,1.2,3.0,8.3
199,Killian Hayes,20,66,40,25.0,2.7,7.0,.383,0.7,2.5,.263,2.0,4.4,.452,.431,0.9,1.1,.770,0.5,2.6,3.2,4.2,1.2,0.5,1.7,2.8,6.9
200,Cory Joseph,30,65,39,24.6,2.7,6.2,.445,1.0,2.4,.414,1.7,3.7,.465,.526,1.5,1.7,.885,0.4,2.2,2.7,3.6,0.6,0.3,1.3,2.3,8.0
201,Frank Jackson,23,53,7,22.0,3.7,9.1,.402,1.6,5.3,.308,2.0,3.8,.529,.491,1.6,2.0,.827,0.4,1.3,1.6,1.0,0.5,0.2,0.7,1.7,10.6
202,Hamidou Diallo,23,58,29,21.9,4.5,9.1,.496,0.4,1.6,.247,4.1,7.5,.550,.518,1.6,2.4,.650,1.2,3.6,4.8,1.3,1.2,0.3,1.0,2.5,11.0
203,Braxton Key,24,9,0,21.2,3.6,7.8,.457,0.7,2.2,.300,2.9,5.6,.520,.500,0.8,1.4,.538,1.3,4.0,5.3,1.1,1.0,1.2,1.0,2.8,8.6
204,Isaiah Livers,23,19,5,20.2,2.2,4.7,.456,1.4,3.4,.422,0.7,1.4,.538,.606,0.6,0.7,.857,0.8,2.2,3.0,1.1,0.7,0.4,0.8,1.9,6.4
205,Carsen Edwards,23,4,0,19.8,2.3,7.5,.300,1.0,4.0,.250,1.3,3.5,.357,.367,0.3,0.3,1.000,0.5,1.0,1.5,3.5,0.5,0.0,1.3,1.0,5.8
206,Trey Lyles,26,51,3,19.4,3.4,7.5,.456,0.9,2.9,.301,2.6,4.7,.550,.513,2.7,3.5,.784,1.2,3.6,4.8,1.1,0.4,0.5,1.1,1.8,10.4
207,Kelly Olynyk,30,40,1,19.1,3.2,7.2,.448,1.0,3.0,.336,2.2,4.2,.527,.517,1.7,2.2,.775,1.4,3.1,4.4,2.8,0.8,0.5,1.5,2.5,9.1
208,Justin Robinson,24,5,0,18.2,1.8,5.6,.321,1.6,4.2,.381,0.2,1.4,.143,.464,0.4,1.2,.333,0.4,1.0,1.4,1.8,0.2,0.2,1.0,1.6,5.6
209,Josh Jackson,24,39,3,18.1,2.6,6.4,.410,0.8,2.9,.265,1.9,3.5,.529,.470,1.0,1.4,.714,0.4,2.7,3.2,1.3,0.5,0.5,1.0,1.8,7.1
210,Cassius Stanley,22,9,1,17.2,2.1,5.1,.413,0.4,1.9,.235,1.7,3.2,.517,.457,1.1,1.1,1.000,0.6,1.6,2.1,0.4,0.6,0.2,0.7,1.9,5.8
211,Trayvon Palmer,27,1,0,17.0,0.0,1.0,.000,0.0,0.0,,0.0,1.0,.000,.000,0.0,0.0,,0.0,2.0,2.0,0.0,0.0,0.0,1.0,2.0,0.0
212,Saben Lee,22,37,0,16.3,1.9,4.8,.390,0.4,1.6,.233,1.5,3.2,.470,.429,1.5,1.9,.789,0.5,1.9,2.4,2.9,1.0,0.3,1.0,1.2,5.6
213,Rodney McGruder,30,51,2,14.8,1.9,4.4,.436,1.1,2.9,.397,0.8,1.5,.506,.564,0.4,0.5,.731,0.6,1.6,2.2,0.9,0.4,0.1,0.5,1.1,5.4
214,Jamorko Pickett,24,13,0,13.5,1.4,3.8,.360,1.0,3.0,.333,0.4,0.8,.455,.490,0.1,0.2,.500,0.5,2.0,2.5,0.5,0.0,0.5,0.4,0.9,3.8
215,Luka Garza,23,32,5,12.2,2.1,4.6,.449,0.5,1.5,.327,1.6,3.1,.510,.503,1.2,1.9,.623,1.8,1.3,3.1,0.6,0.3,0.2,0.6,1.7,5.8
216,Micah Potter,23,3,0,10.3,1.7,3.7,.455,0.0,0.7,.000,1.7,3.0,.556,.455,0.7,0.7,1.000,1.3,1.7,3.0,0.0,0.3,0.3,0.3,1.3,4.0
217,Cheick Diallo,25,3,0,10.3,1.0,2.7,.375,0.0,0.0,,1.0,2.7,.375,.375,1.7,2.0,.833,1.3,2.7,4.0,0.0,0.3,0.0,0.3,2.0,3.7
218,Deividas Sirvydis,21,3,0,9.0,0.3,3.3,.100,0.3,2.3,.143,0.0,1.0,.000,.150,0.0,0.0,,0.0,2.0,2.0,0.3,1.0,0.3,0.0,1.3,1.0
219,Jaysean Paige,27,1,0,7.0,0.0,3.0,.000,0.0,2.0,.000,0.0,1.0,.000,.000,0.0,0.0,,0.0,1.0,1.0,1.0,0.0,0.0,1.0,2.0,0.0
220,Stephen Curry,33,64,64,34.5,8.4,19.1,.437,4.5,11.7,.380,3.9,7.4,.527,.554,4.3,4.7,.923,0.5,4.7,5.2,6.3,1.3,0.4,3.2,2.0,25.5
221,Andrew Wiggins,26,73,73,31.9,6.5,14.0,.466,2.2,5.5,.393,4.4,8.5,.513,.543,2.0,3.2,.634,1.2,3.3,4.5,2.2,1.0,0.7,1.5,2.2,17.2
222,Jordan Poole,22,76,51,30.0,6.2,13.9,.448,2.8,7.6,.364,3.5,6.3,.550,.548,3.2,3.5,.925,0.4,3.0,3.4,4.0,0.8,0.3,2.5,2.7,18.5
223,Klay Thompson,31,32,32,29.4,7.7,17.9,.429,3.6,9.3,.385,4.1,8.7,.477,.529,1.4,1.6,.902,0.5,3.4,3.9,2.8,0.5,0.5,1.3,1.7,20.4
224,Draymond Green,31,46,44,28.9,2.9,5.6,.525,0.3,1.2,.296,2.6,4.4,.586,.556,1.3,2.0,.659,1.0,6.3,7.3,7.0,1.3,1.1,3.0,3.0,7.5
225,Otto Porter Jr.,28,63,15,22.2,3.1,6.6,.464,1.3,3.4,.370,1.8,3.2,.565,.560,0.8,1.0,.803,1.4,4.4,5.7,1.5,1.1,0.5,0.6,1.3,8.2
226,Kevon Looney,25,82,80,21.1,2.5,4.4,.571,0.0,0.0,.000,2.5,4.4,.573,.571,0.9,1.5,.600,2.5,4.7,7.3,2.0,0.6,0.6,0.8,2.6,6.0
227,Damion Lee,29,63,5,19.9,2.7,6.1,.441,1.0,3.0,.337,1.7,3.1,.541,.523,1.0,1.2,.880,0.4,2.8,3.2,1.0,0.6,0.1,0.6,1.5,7.4
228,Andre Iguodala,38,31,0,19.5,1.5,3.9,.380,0.5,2.4,.230,0.9,1.5,.617,.450,0.5,0.6,.750,0.7,2.5,3.2,3.7,0.9,0.7,0.9,1.1,4.0
229,Gary Payton II,29,71,16,17.6,3.0,4.8,.616,0.6,1.7,.358,2.4,3.2,.754,.679,0.5,0.8,.603,1.0,2.5,3.5,0.9,1.4,0.3,0.6,1.8,7.1
230,Jonathan Kuminga,19,70,12,16.9,3.4,6.6,.513,0.7,2.1,.336,2.7,4.4,.598,.567,1.9,2.7,.684,0.8,2.6,3.3,0.9,0.4,0.3,1.1,2.1,9.3
231,Nemanja Bjelica,33,71,0,16.1,2.3,4.8,.468,0.8,2.1,.362,1.5,2.7,.549,.547,0.8,1.1,.728,0.9,3.3,4.1,2.2,0.6,0.4,1.2,1.8,6.1
232,Juan Toscano-Anderson,28,73,6,13.6,1.6,3.2,.489,0.4,1.2,.322,1.2,2.0,.588,.549,0.5,1.0,.571,0.4,2.0,2.4,1.7,0.7,0.2,0.9,1.6,4.1
233,Moses Moody,19,52,11,11.7,1.5,3.5,.437,0.8,2.1,.364,0.8,1.4,.548,.546,0.5,0.7,.778,0.3,1.2,1.5,0.4,0.1,0.2,0.3,0.8,4.4
234,Chris Chiozza,26,34,1,10.9,0.7,2.4,.296,0.5,1.6,.321,0.2,0.8,.250,.401,0.1,0.1,.667,0.3,0.8,1.1,1.9,0.4,0.0,0.9,0.9,2.0
235,Jeff Dowtin,24,4,0,7.0,0.8,1.5,.500,0.0,0.3,.000,0.8,1.3,.600,.500,0.0,0.0,,0.3,1.5,1.8,0.8,0.0,0.3,0.3,0.5,1.5
236,Quinndary Weatherspoon,25,11,0,6.6,1.1,1.9,.571,0.1,0.5,.200,1.0,1.5,.688,.595,0.5,0.5,1.000,0.2,1.1,1.3,0.5,0.1,0.1,0.3,1.4,2.7
237,Jalen Green,19,67,67,31.9,6.1,14.2,.426,2.3,6.8,.343,3.7,7.4,.502,.508,2.8,3.5,.797,0.5,2.9,3.4,2.6,0.7,0.3,2.0,1.5,17.3
238,Kevin Porter Jr.,21,61,61,31.3,5.5,13.2,.415,2.5,6.8,.375,3.0,6.5,.456,.511,2.0,3.2,.642,0.7,3.7,4.4,6.2,1.1,0.4,3.1,2.6,15.6
239,Christian Wood,26,68,67,30.8,6.5,12.9,.501,1.9,4.9,.390,4.5,8.0,.570,.576,3.0,4.9,.623,1.6,8.5,10.1,2.3,0.8,1.0,1.9,2.5,17.9
240,Eric Gordon,33,57,46,29.3,4.7,9.9,.475,2.2,5.3,.412,2.5,4.6,.548,.585,1.8,2.4,.778,0.3,1.7,2.0,2.7,0.5,0.3,1.9,1.1,13.4
241,Dennis Schröder,28,15,4,26.9,3.7,9.3,.393,1.3,3.9,.328,2.4,5.5,.439,.461,2.3,2.6,.872,0.4,2.9,3.3,5.9,0.8,0.2,2.6,2.5,10.9
242,Jae'Sean Tate,26,78,77,26.4,4.7,9.3,.498,0.8,2.6,.312,3.8,6.8,.569,.541,1.7,2.4,.707,1.7,3.7,5.4,2.8,0.9,0.5,1.8,3.7,11.8
243,Garrison Mathews,25,65,33,26.3,2.8,7.1,.399,2.1,5.9,.360,0.7,1.2,.600,.550,2.2,2.8,.794,0.5,2.4,2.9,1.0,0.9,0.4,0.6,2.6,10.0
244,Daniel Theis,29,26,21,22.5,3.2,6.9,.469,0.9,3.0,.291,2.3,3.8,.610,.534,1.0,1.5,.675,1.2,3.8,5.0,0.8,0.4,0.7,1.2,2.4,8.4
245,Kenyon Martin Jr.,21,79,2,21.0,3.5,6.6,.533,0.8,2.1,.357,2.8,4.5,.617,.591,1.0,1.6,.634,1.0,2.7,3.8,1.3,0.4,0.5,0.8,1.4,8.8
246,Alperen Şengün,19,72,13,20.7,3.5,7.3,.474,0.4,1.6,.248,3.1,5.7,.539,.502,2.3,3.2,.711,1.9,3.5,5.5,2.6,0.8,0.9,2.0,3.0,9.6
247,Josh Christopher,20,74,2,18.0,3.0,6.8,.448,0.8,2.6,.296,2.3,4.2,.540,.504,1.1,1.5,.735,0.7,1.8,2.5,2.0,0.9,0.2,1.5,1.3,7.9
248,Armoni Brooks,23,41,8,16.8,2.1,6.1,.347,1.6,5.2,.300,0.6,0.9,.605,.474,0.4,0.5,.842,0.3,1.7,2.0,1.2,0.5,0.2,0.6,1.5,6.2
249,D.J. Augustin,34,34,2,15.0,1.6,4.0,.404,1.1,2.8,.406,0.5,1.2,.400,.548,1.0,1.1,.868,0.2,1.0,1.2,2.2,0.3,0.0,1.3,0.5,5.4
250,Danuel House Jr.,28,16,1,14.6,1.6,4.6,.338,0.6,2.1,.294,0.9,2.5,.375,.405,1.1,1.2,.895,0.3,2.4,2.7,1.2,0.3,0.3,1.1,1.0,4.8
251,David Nwaba,29,46,4,13.2,1.8,3.8,.483,0.3,1.1,.306,1.5,2.8,.551,.526,1.0,1.5,.716,0.9,2.4,3.3,0.8,0.6,0.4,0.5,1.2,5.1
252,Daishen Nix,19,24,0,10.9,1.1,2.8,.403,0.3,1.1,.269,0.8,1.7,.488,.455,0.7,1.3,.533,0.3,1.1,1.4,1.7,0.6,0.0,1.1,0.9,3.2
253,Usman Garuba,19,24,2,10.0,0.8,1.8,.432,0.2,0.8,.250,0.6,1.0,.583,.489,0.2,0.3,.714,0.9,2.6,3.5,0.7,0.4,0.5,0.3,1.2,2.0
254,Bruno Fernando,23,10,0,9.4,2.9,4.1,.707,0.0,0.1,.000,2.9,4.0,.725,.707,1.1,1.9,.579,1.1,2.9,4.0,0.3,0.1,0.8,0.9,1.8,6.9
255,Trevelin Queen,24,10,0,7.4,1.5,3.3,.455,0.9,2.4,.375,0.6,0.9,.667,.591,0.4,0.4,1.000,0.7,0.9,1.6,0.4,0.5,0.1,0.7,0.6,4.3
256,Tyrese Haliburton,21,26,26,36.1,6.2,12.4,.502,2.2,5.3,.416,4.0,7.2,.565,.590,2.8,3.3,.849,0.8,3.5,4.3,9.6,1.8,0.6,3.2,1.9,17.5
257,Buddy Hield,29,26,26,35.6,7.0,15.6,.447,3.1,8.5,.362,3.9,7.1,.549,.546,1.2,1.3,.886,0.9,4.2,5.1,4.8,1.0,0.4,2.4,2.7,18.2
258,Domantas Sabonis,25,47,46,34.7,7.0,12.1,.580,0.7,2.3,.324,6.3,9.9,.639,.610,4.1,5.5,.740,3.3,8.8,12.1,5.0,1.0,0.5,3.0,3.1,18.9
259,Malcolm Brogdon,29,36,36,33.5,6.8,15.1,.448,1.6,5.2,.312,5.1,9.9,.518,.501,4.0,4.6,.856,0.9,4.2,5.1,5.9,0.8,0.4,2.1,2.0,19.1
260,Caris LeVert,27,39,39,31.1,7.1,15.9,.447,1.6,4.8,.323,5.6,11.1,.501,.496,2.8,3.7,.760,0.8,3.1,3.8,4.4,0.9,0.5,1.9,2.3,18.7
261,Myles Turner,25,42,42,29.4,4.8,9.4,.509,1.5,4.4,.333,3.3,5.0,.662,.587,1.9,2.5,.752,1.5,5.5,7.1,1.0,0.7,2.8,1.3,2.8,12.9
262,Justin Holiday,32,49,40,28.9,3.9,9.3,.415,2.6,6.9,.378,1.3,2.5,.516,.553,0.7,0.8,.829,0.4,2.4,2.8,1.8,0.7,0.4,1.0,2.1,11.0
263,Chris Duarte,24,55,39,28.0,4.9,11.3,.432,1.7,4.6,.369,3.2,6.7,.475,.507,1.6,2.0,.804,0.7,3.4,4.1,2.1,1.0,0.2,1.6,1.7,13.1
264,Jalen Smith,21,22,4,24.7,5.1,9.7,.531,1.4,3.8,.373,3.7,5.9,.631,.603,1.7,2.3,.760,2.1,5.5,7.6,0.8,0.4,1.0,0.9,2.0,13.4
265,T.J. McConnell,29,27,8,24.1,3.7,7.7,.481,0.4,1.2,.303,3.3,6.5,.514,.505,0.7,0.9,.826,0.7,2.6,3.3,4.9,1.1,0.4,1.1,2.0,8.5
266,Oshae Brissett,23,67,25,23.3,3.1,7.6,.411,1.2,3.5,.350,1.9,4.0,.465,.493,1.7,2.4,.695,1.6,3.7,5.3,1.1,0.7,0.4,0.8,1.7,9.1
267,Terry Taylor,22,33,7,21.6,4.1,6.7,.614,0.4,1.2,.316,3.7,5.5,.676,.641,1.1,1.5,.706,2.9,2.3,5.2,1.2,0.4,0.2,0.7,1.8,9.6
268,Justin Anderson,28,13,6,20.7,2.5,6.7,.368,1.0,4.1,.245,1.5,2.6,.559,.443,0.9,1.2,.800,0.3,2.8,3.1,2.1,0.5,0.5,0.5,1.4,6.8
269,Torrey Craig,31,51,14,20.3,2.5,5.5,.456,0.9,2.7,.333,1.6,2.8,.573,.537,0.5,0.7,.771,1.2,2.7,3.8,1.1,0.5,0.4,0.8,1.9,6.5
270,Duane Washington Jr.,21,48,7,20.2,3.6,8.9,.405,1.7,4.5,.377,1.9,4.4,.434,.500,1.0,1.3,.754,0.1,1.6,1.7,1.8,0.5,0.1,1.2,1.4,9.9
271,Lance Stephenson,31,40,1,18.6,3.6,7.8,.458,0.7,2.2,.310,2.9,5.6,.516,.502,1.6,2.0,.795,0.3,2.5,2.8,3.9,0.6,0.1,1.7,2.2,9.3
272,Keifer Sykes,28,32,11,17.7,2.2,5.9,.363,0.8,2.8,.300,1.3,3.1,.420,.434,0.5,0.5,.882,0.3,1.2,1.4,1.9,0.4,0.1,1.0,1.6,5.6
273,Tristan Thompson,30,4,0,16.5,3.3,6.0,.542,0.0,0.0,,3.3,6.0,.542,.542,0.8,2.0,.375,1.8,2.8,4.5,0.5,0.0,0.5,1.0,1.8,7.3
274,Kelan Martin,26,27,1,16.4,2.6,6.2,.417,0.8,2.7,.297,1.8,3.5,.511,.482,0.3,0.5,.692,0.6,1.4,2.0,0.8,0.5,0.3,0.5,1.3,6.3
275,Jeremy Lamb,29,39,0,15.7,2.2,5.8,.373,1.0,3.0,.333,1.2,2.8,.414,.458,1.7,2.1,.838,0.4,2.0,2.4,1.3,0.6,0.4,0.6,1.1,7.1
276,Isaiah Jackson,20,36,15,15.0,3.2,5.7,.563,0.1,0.4,.313,3.1,5.3,.584,.575,1.7,2.4,.682,1.7,2.5,4.1,0.3,0.7,1.4,1.1,2.6,8.3
277,Goga Bitadze,22,50,16,14.6,2.6,5.0,.520,0.5,1.6,.288,2.2,3.4,.628,.565,1.3,1.9,.681,1.6,2.0,3.5,1.1,0.4,0.8,0.9,2.1,7.0
278,Brad Wanamaker,32,22,1,13.3,1.2,3.3,.361,0.2,0.8,.235,1.0,2.5,.400,.389,0.9,1.0,.909,0.3,1.3,1.6,2.2,0.2,0.3,1.0,1.9,3.5
279,Gabe York,28,2,0,10.5,1.0,3.5,.286,0.5,3.0,.167,0.5,0.5,1.000,.357,1.5,2.5,.600,0.0,1.0,1.0,2.0,1.0,0.5,0.5,2.0,4.0
280,Reggie Perry,21,1,0,10.0,1.0,1.0,1.000,0.0,0.0,,1.0,1.0,1.000,1.000,0.0,0.0,,0.0,1.0,1.0,0.0,0.0,0.0,0.0,3.0,2.0
281,DeJon Jarreau,24,1,0,1.0,0.0,0.0,,0.0,0.0,,0.0,0.0,,,0.0,0.0,,0.0,0.0,0.0,0.0,0.0,0.0,0.0,0.0,0.0
282,Nate Hinton,22,2,0,1.0,0.0,0.5,.000,0.0,0.0,,0.0,0.5,.000,.000,0.0,0.0,,0.0,0.0,0.0,0.0,0.0,0.0,0.5,0.0,0.0
283,Ahmad Caver,25,1,0,1.0,1.0,1.0,1.000,0.0,0.0,,1.0,1.0,1.000,1.000,0.0,0.0,,0.0,0.0,0.0,0.0,0.0,0.0,0.0,0.0,2.0
284,Paul George,31,31,31,34.7,8.6,20.5,.421,2.9,8.3,.354,5.7,12.2,.467,.493,4.1,4.8,.858,0.4,6.5,6.9,5.7,2.2,0.4,4.1,2.4,24.3
285,Reggie Jackson,31,75,75,31.2,6.4,16.3,.392,2.2,6.8,.326,4.2,9.5,.439,.460,1.8,2.2,.847,0.5,3.1,3.6,4.8,0.7,0.2,2.3,2.1,16.8
286,Marcus Morris,32,54,54,29.0,5.6,12.8,.434,1.9,5.1,.367,3.7,7.7,.478,.507,2.4,2.7,.872,0.5,3.9,4.4,2.1,0.5,0.3,1.3,2.1,15.4
287,Terance Mann,25,81,33,28.6,4.1,8.5,.484,0.9,2.6,.365,3.2,6.0,.535,.539,1.6,2.0,.780,1.3,4.0,5.2,2.6,0.7,0.3,1.0,2.2,10.8
288,Luke Kennard,25,70,13,27.4,4.1,9.1,.449,2.7,6.0,.449,1.4,3.1,.449,.598,1.0,1.1,.896,0.3,3.0,3.3,2.1,0.6,0.1,0.9,1.4,11.9
289,Eric Bledsoe,32,54,29,25.2,3.6,8.7,.421,0.9,3.0,.313,2.7,5.6,.479,.475,1.6,2.2,.761,0.5,2.9,3.4,4.2,1.3,0.4,2.1,1.6,9.9
290,Norman Powell,28,5,2,25.0,6.4,12.6,.508,2.6,4.8,.542,3.8,7.8,.487,.611,6.0,7.0,.857,0.6,2.2,2.8,2.8,0.4,0.8,1.4,2.8,21.4
291,Nicolas Batum,33,59,54,24.8,3.0,6.6,.463,1.8,4.6,.400,1.2,2.0,.607,.602,0.4,0.6,.658,0.5,3.8,4.3,1.7,1.0,0.7,0.7,1.4,8.3
292,Ivica Zubac,24,76,76,24.4,4.1,6.5,.626,0.0,0.0,,4.1,6.5,.626,.626,2.2,3.0,.727,2.9,5.6,8.5,1.6,0.5,1.0,1.5,2.7,10.3
293,Amir Coffey,24,69,30,22.7,3.1,6.8,.453,1.4,3.7,.378,1.7,3.1,.542,.556,1.5,1.7,.863,0.4,2.5,2.9,1.8,0.6,0.2,0.7,1.3,9.0
294,Robert Covington,31,23,2,22.1,3.5,7.0,.500,2.1,4.7,.450,1.4,2.3,.604,.651,1.2,1.4,.848,0.8,4.3,5.1,1.0,1.3,1.2,0.7,2.5,10.4
295,Isaiah Hartenstein,23,68,0,17.9,3.4,5.4,.626,0.2,0.4,.467,3.2,4.9,.640,.645,1.3,1.9,.689,1.7,3.2,4.9,2.4,0.7,1.1,1.2,2.5,8.3
296,Serge Ibaka,32,35,10,15.4,2.7,5.5,.490,0.7,1.8,.387,2.0,3.7,.538,.552,0.6,0.8,.690,1.1,3.1,4.3,1.0,0.2,0.7,0.9,1.6,6.6
297,Brandon Boston Jr.,20,51,0,14.9,2.5,6.4,.385,0.7,2.2,.306,1.8,4.2,.425,.437,1.2,1.4,.819,0.3,1.8,2.2,1.0,0.5,0.3,0.6,0.8,6.7
298,James Ennis III,31,2,0,14.0,3.5,5.5,.636,1.0,2.0,.500,2.5,3.5,.714,.727,2.0,2.0,1.000,1.0,1.5,2.5,0.0,0.5,0.5,0.5,2.0,10.0
299,Xavier Moon,27,10,0,13.7,2.5,5.1,.490,0.5,1.4,.357,2.0,3.7,.541,.539,0.3,0.5,.600,0.2,1.2,1.4,2.4,0.7,0.3,0.6,0.9,5.8
300,Justise Winslow,25,37,1,12.9,1.7,3.8,.447,0.1,0.8,.172,1.6,3.0,.518,.465,0.7,1.1,.610,0.8,2.8,3.6,1.4,0.6,0.5,1.0,1.2,4.2
301,Semi Ojeleye,27,10,0,9.8,1.2,2.9,.414,0.4,0.9,.444,0.8,2.0,.400,.483,1.3,1.6,.813,0.2,1.4,1.6,0.4,0.2,0.1,0.4,0.4,4.1
302,Rodney Hood,29,13,0,9.8,0.9,2.0,.462,0.5,0.8,.545,0.5,1.2,.400,.577,0.3,0.4,.800,0.2,0.6,0.8,0.6,0.2,0.2,0.3,0.3,2.6
303,Keon Johnson,19,15,0,9.0,1.1,3.4,.333,0.2,0.7,.273,0.9,2.7,.350,.363,1.1,1.4,.762,0.4,1.0,1.4,0.9,0.5,0.1,0.5,1.4,3.5
304,Wenyen Gabriel,24,6,0,7.7,0.8,2.2,.385,0.3,0.8,.400,0.5,1.3,.375,.462,0.3,0.7,.500,0.8,1.5,2.3,0.3,0.2,0.3,0.5,1.8,2.3
305,Jay Scrubb,21,18,0,6.7,1.0,2.6,.391,0.3,1.2,.286,0.7,1.4,.480,.457,0.4,0.6,.700,0.1,0.8,0.9,0.4,0.2,0.2,0.4,0.5,2.7
306,Moses Wright,23,1,0,1.0,0.0,0.0,,0.0,0.0,,0.0,0.0,,,0.0,0.0,,0.0,0.0,0.0,1.0,0.0,0.0,0.0,0.0,0.0
307,LeBron James,37,56,56,37.2,11.4,21.8,.524,2.9,8.0,.359,8.6,13.8,.620,.590,4.5,6.0,.756,1.1,7.1,8.2,6.2,1.3,1.1,3.5,2.2,30.3
308,Anthony Davis,28,40,40,35.1,9.3,17.4,.532,0.3,1.8,.186,8.9,15.6,.571,.542,4.4,6.1,.713,2.7,7.2,9.9,3.1,1.2,2.3,2.1,2.4,23.2
309,Russell Westbrook,33,78,78,34.3,7.0,15.8,.444,1.0,3.4,.298,6.0,12.4,.485,.476,3.4,5.1,.667,1.4,6.0,7.4,7.1,1.0,0.3,3.8,3.0,18.5
310,Malik Monk,23,76,37,28.1,5.1,10.9,.473,2.3,5.8,.391,2.9,5.1,.568,.578,1.2,1.5,.795,0.5,2.9,3.4,2.9,0.8,0.4,1.6,1.8,13.8
311,Carmelo Anthony,37,69,3,26.0,4.6,10.5,.441,2.2,5.8,.375,2.5,4.7,.521,.544,1.9,2.3,.830,0.9,3.3,4.2,1.0,0.7,0.8,0.9,2.4,13.3
312,Isaiah Thomas,32,4,1,25.3,3.0,9.8,.308,1.3,5.5,.227,1.8,4.3,.412,.372,2.0,2.8,.727,0.3,1.8,2.0,1.5,0.0,0.5,1.3,3.0,9.3
313,Talen Horton-Tucker,21,60,19,25.2,3.7,9.0,.416,0.8,3.0,.269,2.9,5.9,.492,.462,1.7,2.1,.800,0.6,2.6,3.2,2.7,1.0,0.5,1.4,2.5,10.0
314,Austin Reaves,23,61,19,23.2,2.4,5.2,.459,0.9,2.7,.317,1.5,2.5,.616,.542,1.6,1.9,.839,0.7,2.4,3.2,1.8,0.5,0.3,0.7,1.4,7.3
315,Stanley Johnson,25,48,27,22.8,2.4,5.2,.466,0.7,2.2,.314,1.8,3.0,.575,.532,1.1,1.5,.716,0.7,2.5,3.2,1.7,0.9,0.3,0.7,2.3,6.7
316,Avery Bradley,31,62,45,22.7,2.4,5.6,.423,1.3,3.4,.390,1.1,2.3,.471,.540,0.3,0.3,.889,0.5,1.7,2.2,0.8,0.9,0.1,0.6,1.9,6.4
317,Mac McClung,23,1,0,22.0,2.0,5.0,.400,1.0,3.0,.333,1.0,2.0,.500,.500,1.0,1.0,1.000,0.0,3.0,3.0,1.0,1.0,1.0,2.0,5.0,6.0
318,Trevor Ariza,36,24,11,19.3,1.4,4.1,.333,0.8,3.1,.270,0.5,1.0,.520,.434,0.4,0.8,.556,0.4,3.0,3.4,1.1,0.5,0.3,0.5,0.8,4.0
319,Wayne Ellington,34,43,9,18.8,2.3,5.5,.414,1.9,4.9,.389,0.4,0.6,.615,.586,0.2,0.3,.818,0.2,1.6,1.8,0.7,0.5,0.1,0.4,1.0,6.7
320,D.J. Augustin,34,21,0,17.8,1.9,4.1,.453,1.4,3.2,.426,0.5,0.9,.556,.622,0.2,0.2,1.000,0.2,1.1,1.3,1.6,0.3,0.0,0.5,1.0,5.3
321,Wenyen Gabriel,24,19,5,16.4,2.6,5.1,.505,0.3,1.2,.261,2.3,3.9,.581,.536,1.2,2.0,.605,1.8,2.5,4.3,0.6,0.2,0.5,0.7,3.0,6.7
322,Dwight Howard,36,60,27,16.2,2.2,3.7,.612,0.1,0.3,.533,2.1,3.4,.618,.630,1.6,2.4,.658,2.0,4.0,5.9,0.6,0.6,0.6,0.8,1.9,6.2
323,Rajon Rondo,35,18,0,16.1,1.3,3.9,.324,0.4,1.7,.267,0.8,2.3,.366,.380,0.1,0.1,.500,0.6,2.2,2.7,3.7,0.7,0.3,1.9,1.4,3.1
324,Kent Bazemore,32,39,14,14.0,1.2,3.6,.324,0.7,2.1,.363,0.4,1.5,.271,.428,0.3,0.4,.765,0.3,1.4,1.8,0.9,0.6,0.2,0.5,1.8,3.4
325,Mason Jones,23,4,0,12.8,1.8,3.8,.467,0.3,1.0,.250,1.5,2.8,.545,.500,3.0,3.8,.800,0.3,2.3,2.5,1.0,0.5,0.0,0.3,2.0,6.8
326,DeAndre Jordan,33,32,19,12.8,1.9,2.8,.674,0.0,0.0,,1.9,2.8,.674,.674,0.4,0.8,.462,1.6,3.8,5.4,0.4,0.3,0.8,0.7,1.6,4.1
327,Darren Collison,34,3,0,12.3,0.7,2.3,.286,0.0,1.0,.000,0.7,1.3,.500,.286,0.0,0.0,,0.0,1.3,1.3,0.7,0.3,0.0,0.3,1.7,1.3
328,Chaundee Brown Jr.,23,2,0,10.5,0.5,3.5,.143,0.0,1.5,.000,0.5,2.0,.250,.143,0.0,0.0,,0.0,1.0,1.0,0.0,0.0,0.0,0.5,0.0,1.0
329,Sekou Doumbouya,21,2,0,8.0,2.5,4.0,.625,0.5,1.0,.500,2.0,3.0,.667,.688,1.5,2.0,.750,1.0,2.0,3.0,0.0,1.5,1.0,1.0,0.5,7.0
330,Jemerrio Jones,26,2,0,7.5,1.0,1.5,.667,0.0,0.0,,1.0,1.5,.667,.667,0.0,0.0,,1.0,0.5,1.5,0.0,0.5,0.0,0.0,1.0,2.0
331,Jay Huff,23,4,0,5.0,0.0,0.8,.000,0.0,0.5,.000,0.0,0.3,.000,.000,0.0,0.0,,0.3,0.8,1.0,0.3,0.3,0.3,0.3,0.3,0.0
332,Ja Morant,22,57,57,33.1,10.2,20.6,.493,1.5,4.5,.344,8.6,16.2,.534,.530,5.5,7.3,.761,1.4,4.4,5.7,6.7,1.2,0.4,3.4,1.5,27.4
333,Desmond Bane,23,76,76,29.8,6.7,14.5,.461,3.0,6.9,.436,3.7,7.6,.484,.565,1.8,2.0,.903,0.6,3.8,4.4,2.7,1.2,0.4,1.5,2.6,18.2
334,Dillon Brooks,26,32,31,27.7,7.1,16.4,.432,1.4,4.7,.309,5.7,11.8,.480,.475,2.8,3.3,.849,0.9,2.3,3.2,2.8,1.1,0.3,1.6,3.3,18.4
335,Jaren Jackson Jr.,22,78,78,27.3,5.5,13.3,.415,1.6,5.1,.319,3.9,8.1,.476,.477,3.6,4.4,.823,1.5,4.3,5.8,1.1,0.9,2.3,1.7,3.5,16.3
336,Steven Adams,28,76,75,26.3,2.8,5.1,.547,0.0,0.0,.000,2.8,5.0,.548,.547,1.4,2.6,.543,4.6,5.4,10.0,3.4,0.9,0.8,1.5,2.0,6.9
337,De'Anthony Melton,23,73,15,22.7,3.8,9.5,.404,1.9,5.1,.374,1.9,4.4,.440,.504,1.2,1.6,.750,0.9,3.6,4.5,2.7,1.4,0.5,1.5,1.8,10.8
338,Ziaire Williams,20,62,31,21.7,3.1,6.8,.450,1.2,3.9,.314,1.9,2.9,.632,.540,0.7,0.9,.782,0.4,1.7,2.1,1.0,0.6,0.2,0.7,1.8,8.1
339,Kyle Anderson,28,69,11,21.5,3.0,6.8,.446,0.5,1.6,.330,2.5,5.2,.481,.484,1.0,1.5,.638,1.0,4.3,5.3,2.7,1.1,0.7,1.0,1.6,7.6
340,Tyus Jones,25,73,23,21.2,3.4,7.6,.451,1.1,2.8,.390,2.3,4.8,.487,.524,0.7,0.9,.818,0.2,2.2,2.4,4.4,0.9,0.0,0.6,0.4,8.7
341,Brandon Clarke,25,64,1,19.5,4.5,7.0,.644,0.1,0.3,.227,4.4,6.6,.666,.650,1.3,2.0,.654,2.1,3.2,5.3,1.3,0.6,1.1,0.5,1.9,10.4
342,John Konchar,25,72,7,17.9,1.9,3.6,.515,0.7,1.8,.413,1.2,1.9,.610,.615,0.4,0.7,.551,1.2,3.4,4.6,1.5,0.6,0.3,0.4,1.3,4.8
343,Xavier Tillman Sr.,23,53,2,13.2,1.8,4.1,.454,0.2,0.9,.204,1.7,3.2,.527,.477,0.9,1.3,.648,1.2,1.8,3.0,1.2,0.9,0.3,0.6,1.2,4.8
344,Killian Tillie,23,36,3,12.8,1.2,3.5,.339,0.8,2.4,.314,0.4,1.1,.390,.445,0.1,0.2,.625,0.6,1.1,1.7,0.6,0.6,0.4,0.4,1.6,3.3
345,Santi Aldama,21,32,0,11.3,1.7,4.1,.402,0.2,1.5,.125,1.5,2.6,.560,.424,0.6,1.0,.625,1.0,1.7,2.7,0.7,0.2,0.3,0.5,1.1,4.1
346,Sam Merrill,25,6,0,9.7,1.3,4.0,.333,1.2,3.8,.304,0.2,0.2,1.000,.479,0.3,0.7,.500,0.2,1.0,1.2,0.7,0.0,0.0,0.3,0.5,4.2
347,Jarrett Culver,22,37,0,9.1,1.4,3.6,.378,0.3,1.3,.255,1.1,2.4,.443,.422,0.4,0.9,.471,0.4,0.9,1.3,0.9,0.5,0.1,0.5,1.1,3.5
348,Yves Pons,22,12,0,5.9,0.4,1.3,.313,0.3,0.8,.333,0.2,0.6,.286,.406,0.0,0.2,.000,0.4,0.6,1.0,0.1,0.1,0.3,0.1,0.5,1.1
349,Shaq Buchanan,25,2,0,5.0,0.5,2.0,.250,0.0,1.0,.000,0.5,1.0,.500,.250,0.0,0.0,,0.5,0.5,1.0,1.0,0.5,0.0,1.0,0.5,1.0
350,Xavier Sneed,24,2,0,4.0,0.0,1.0,.000,0.0,1.0,.000,0.0,0.0,,.000,0.0,0.0,,0.5,0.5,1.0,0.0,0.0,0.0,0.0,1.0,0.0
351,DaQuan Jeffries,24,3,0,3.0,0.3,0.7,.500,0.0,0.3,.000,0.3,0.3,1.000,.500,0.0,0.0,,0.0,0.7,0.7,0.3,0.0,0.0,0.0,0.3,0.7
352,Dakota Mathias,26,6,0,2.7,0.3,1.0,.333,0.3,1.0,.333,0.0,0.0,,.500,0.0,0.0,,0.0,0.3,0.3,0.2,0.2,0.0,0.0,0.2,1.0
353,Jon Teske,24,3,0,2.7,0.0,0.3,.000,0.0,0.0,,0.0,0.3,.000,.000,0.0,0.7,.000,0.0,0.7,0.7,0.3,0.3,0.0,0.0,0.3,0.0
354,Tyrell Terry,21,2,0,1.5,0.5,0.5,1.000,0.0,0.0,,0.5,0.5,1.000,1.000,0.0,0.0,,0.0,0.0,0.0,0.0,0.0,0.0,0.0,0.5,1.0
355,Jimmy Butler,32,57,57,33.9,7.0,14.5,.480,0.5,2.0,.233,6.5,12.5,.520,.496,6.9,8.0,.870,1.8,4.1,5.9,5.5,1.6,0.5,2.1,1.5,21.4
356,Kyle Lowry,35,63,63,33.9,4.4,10.0,.440,2.3,6.1,.377,2.1,3.9,.539,.555,2.3,2.8,.851,0.5,4.0,4.5,7.5,1.1,0.3,2.7,2.8,13.4
357,Tyler Herro,22,66,10,32.6,7.6,17.0,.447,2.7,6.7,.399,4.9,10.3,.477,.525,2.9,3.3,.868,0.5,4.5,5.0,4.0,0.7,0.1,2.6,1.4,20.7
358,Bam Adebayo,24,56,56,32.6,7.3,13.0,.557,0.0,0.1,.000,7.3,12.9,.562,.557,4.6,6.1,.753,2.4,7.6,10.1,3.4,1.4,0.8,2.6,3.1,19.1
359,P.J. Tucker,36,71,70,27.9,2.9,6.0,.484,1.1,2.7,.415,1.8,3.3,.540,.577,0.6,0.9,.738,1.4,4.0,5.5,2.1,0.8,0.2,0.9,2.3,7.6
360,Duncan Robinson,27,79,68,25.9,3.7,9.2,.399,2.9,7.9,.372,0.7,1.3,.569,.559,0.6,0.8,.836,0.3,2.3,2.6,1.6,0.5,0.2,0.8,2.5,10.9
361,Gabe Vincent,25,68,27,23.4,3.1,7.5,.417,1.8,4.8,.368,1.4,2.8,.500,.533,0.6,0.8,.815,0.3,1.5,1.9,3.1,0.9,0.2,1.4,2.3,8.7
362,Max Strus,25,68,16,23.3,3.7,8.3,.441,2.7,6.5,.410,1.0,1.8,.557,.602,0.6,0.8,.792,0.4,2.6,3.0,1.4,0.4,0.2,0.8,1.7,10.6
363,Caleb Martin,26,60,12,22.9,3.5,6.8,.507,1.1,2.6,.413,2.4,4.3,.565,.585,1.2,1.6,.763,1.2,2.7,3.8,1.1,1.0,0.5,0.9,1.7,9.2
364,Mychal Mulder,27,2,1,22.0,2.0,5.0,.400,2.0,4.0,.500,0.0,1.0,.000,.600,1.0,1.0,1.000,0.0,1.5,1.5,1.0,0.0,0.5,0.0,0.5,7.0
365,Victor Oladipo,29,8,1,21.6,4.4,9.1,.479,1.9,4.5,.417,2.5,4.6,.541,.582,1.8,2.4,.737,0.4,2.5,2.9,3.5,0.6,0.1,2.0,1.6,12.4
366,Markieff Morris,32,17,1,17.5,3.2,6.7,.474,0.8,2.3,.333,2.4,4.4,.547,.531,0.5,0.5,.889,1.0,1.6,2.6,1.4,0.4,0.1,1.2,1.9,7.6
367,Dewayne Dedmon,32,67,15,15.9,2.4,4.3,.566,0.3,0.7,.404,2.2,3.6,.597,.598,1.1,1.5,.750,1.6,4.2,5.8,0.7,0.4,0.6,1.0,2.6,6.3
368,Omer Yurtseven,23,56,12,12.6,2.3,4.4,.526,0.0,0.2,.091,2.3,4.2,.547,.528,0.7,1.1,.623,1.5,3.7,5.3,0.9,0.3,0.4,0.7,1.5,5.3
369,Nik Stauskas,28,2,0,12.0,1.5,4.0,.375,1.0,2.0,.500,0.5,2.0,.250,.500,1.5,2.0,.750,0.5,1.0,1.5,0.5,0.0,0.0,0.0,0.5,5.5
370,KZ Okpala,22,21,0,11.6,1.4,3.3,.435,0.4,1.2,.346,1.0,2.0,.488,.500,0.4,0.5,.727,0.5,1.4,2.0,0.7,0.2,0.3,0.2,1.2,3.7
371,Marcus Garrett,23,12,0,10.7,0.4,1.8,.238,0.1,0.3,.250,0.3,1.4,.235,.262,0.2,0.4,.400,0.8,1.2,1.9,0.6,0.4,0.3,0.2,1.3,1.1
372,Javonte Smart,22,4,0,10.0,2.0,4.3,.471,1.0,2.3,.444,1.0,2.0,.500,.588,0.0,0.0,,0.3,1.0,1.3,0.5,0.5,0.3,0.5,0.3,5.0
373,Chris Silva,25,9,0,9.8,0.9,1.7,.533,0.0,0.0,,0.9,1.7,.533,.533,1.1,1.3,.833,1.4,2.4,3.9,0.8,0.0,0.1,0.9,2.2,2.9
374,Kyle Guy,24,19,0,9.8,1.4,3.4,.400,0.7,2.1,.350,0.6,1.3,.480,.508,0.4,0.6,.667,0.2,0.7,0.9,0.9,0.4,0.1,0.7,0.6,3.9
375,Haywood Highsmith,25,19,1,8.6,0.8,2.4,.348,0.5,1.5,.321,0.4,0.9,.389,.446,0.1,0.3,.400,0.5,0.8,1.4,0.3,0.1,0.2,0.2,0.7,2.3
376,Udonis Haslem,41,13,0,6.4,1.1,2.4,.452,0.1,0.3,.250,1.0,2.1,.481,.468,0.2,0.2,1.000,0.3,1.6,1.9,0.3,0.1,0.1,0.4,1.2,2.5
377,Giannis Antetokounmpo,27,67,67,32.9,10.3,18.6,.553,1.1,3.6,.293,9.2,15.0,.616,.582,8.3,11.4,.722,2.0,9.6,11.6,5.8,1.1,1.4,3.3,3.2,29.9
378,Jrue Holiday,31,67,64,32.9,7.1,14.2,.501,2.0,4.8,.411,5.2,9.4,.547,.570,2.0,2.7,.761,1.0,3.5,4.5,6.8,1.6,0.4,2.7,2.0,18.3
379,Khris Middleton,30,66,66,32.4,6.8,15.5,.443,2.5,6.6,.373,4.4,8.9,.494,.522,3.9,4.4,.890,0.6,4.8,5.4,5.4,1.2,0.3,2.9,2.4,20.1
380,Bobby Portis,26,72,59,28.2,5.8,12.1,.479,1.8,4.7,.393,3.9,7.4,.533,.555,1.2,1.6,.752,2.5,6.6,9.1,1.2,0.7,0.7,1.3,2.4,14.6
381,Grayson Allen,26,66,61,27.3,3.9,8.6,.448,2.4,5.9,.409,1.5,2.7,.533,.588,1.0,1.1,.865,0.5,2.9,3.4,1.5,0.7,0.3,0.7,1.5,11.1
382,Pat Connaughton,29,65,19,26.0,3.5,7.6,.458,2.2,5.7,.395,1.2,1.9,.643,.605,0.7,0.8,.833,0.7,3.5,4.2,1.3,0.9,0.2,0.5,1.3,9.9
383,George Hill,35,54,17,23.2,2.2,5.1,.429,0.8,2.5,.306,1.4,2.6,.546,.504,1.1,1.1,.919,0.7,2.2,2.9,2.2,0.8,0.1,0.8,1.3,6.2
384,Brook Lopez,33,13,11,22.9,4.7,10.1,.466,1.5,4.1,.358,3.2,6.0,.538,.538,1.5,1.8,.870,1.5,2.6,4.1,0.5,0.6,1.2,0.9,2.6,12.4
385,Rayjon Tucker,24,2,0,21.0,2.5,3.5,.714,1.5,1.5,1.000,1.0,2.0,.500,.929,1.0,1.5,.667,1.0,1.0,2.0,3.0,1.5,0.0,0.5,1.0,7.5
386,Wesley Matthews,35,49,14,20.4,1.8,4.5,.395,1.1,3.2,.338,0.7,1.3,.540,.516,0.4,0.6,.786,0.6,1.3,1.9,0.7,0.5,0.2,0.4,1.8,5.1
387,Donte DiVincenzo,25,17,0,20.1,2.3,6.9,.331,1.2,4.4,.284,1.1,2.6,.409,.419,1.4,1.6,.852,1.1,2.5,3.5,1.7,0.6,0.2,1.6,1.5,7.2
388,Jordan Nwora,23,62,13,19.1,3.0,7.5,.403,1.3,3.7,.348,1.7,3.8,.455,.488,0.6,0.7,.837,0.6,3.0,3.6,1.0,0.4,0.3,0.9,1.3,7.9
389,Serge Ibaka,32,19,2,17.8,2.8,5.5,.519,0.7,1.9,.351,2.2,3.5,.612,.582,0.6,0.8,.800,1.2,4.1,5.3,0.7,0.2,0.4,0.5,2.4,7.0
390,Jevon Carter,26,20,2,17.7,2.0,4.0,.506,1.2,2.2,.558,0.8,1.8,.444,.658,0.4,0.4,1.000,0.3,1.9,2.2,2.5,0.5,0.2,0.4,1.1,5.6
391,DeMarcus Cousins,31,17,5,16.9,3.2,6.9,.466,0.8,2.8,.271,2.5,4.1,.600,.521,1.8,2.2,.816,1.4,4.4,5.8,1.1,0.9,0.5,0.9,2.7,9.1
392,Langston Galloway,30,3,0,16.3,0.3,4.3,.077,0.0,2.7,.000,0.3,1.7,.200,.077,0.0,0.0,,0.7,2.7,3.3,2.3,0.3,0.0,0.3,0.7,0.7
393,Semi Ojeleye,27,20,0,15.4,0.9,3.5,.257,0.6,2.1,.268,0.4,1.5,.241,.336,0.5,0.7,.769,1.3,1.7,2.9,0.3,0.3,0.3,0.3,1.3,2.9
394,Rodney Hood,29,39,0,14.9,1.2,3.4,.351,0.6,2.1,.300,0.6,1.3,.431,.443,0.3,0.4,.929,0.3,1.4,1.7,0.8,0.3,0.1,0.2,0.7,3.3
395,Greg Monroe,31,5,0,14.0,2.2,4.4,.500,0.0,0.0,,2.2,4.4,.500,.500,1.0,1.8,.556,2.2,2.0,4.2,0.4,0.6,0.4,0.6,1.4,5.4
396,Javonte Smart,22,13,1,12.3,0.8,3.3,.256,0.3,1.4,.222,0.5,1.9,.280,.302,0.4,0.5,.833,0.3,1.2,1.5,1.1,0.3,0.2,0.7,0.8,2.4
397,Justin Robinson,24,17,0,11.6,1.1,3.4,.316,0.6,2.2,.270,0.5,1.2,.400,.404,0.1,0.1,1.000,0.1,0.6,0.8,1.2,0.5,0.0,0.6,1.0,2.8
398,Lindell Wigginton,23,19,0,10.5,1.4,3.2,.426,0.5,1.4,.346,0.9,1.8,.486,.500,1.0,1.8,.543,0.2,1.2,1.3,1.2,0.3,0.1,0.6,0.9,4.2
399,Sandro Mamukelashvili,22,41,3,9.9,1.4,2.8,.496,0.5,1.3,.423,0.9,1.5,.556,.591,0.4,0.5,.818,0.9,1.1,2.0,0.5,0.2,0.2,0.4,0.7,3.8
400,Thanasis Antetokounmpo,29,48,6,9.9,1.5,2.7,.547,0.0,0.3,.143,1.4,2.4,.596,.555,0.6,1.0,.630,0.8,1.3,2.1,0.5,0.3,0.3,0.5,1.4,3.6
401,DeAndre' Bembry,27,8,0,9.6,0.4,1.0,.375,0.0,0.0,,0.4,1.0,.375,.375,0.0,0.0,,0.5,0.9,1.4,0.8,0.3,0.0,0.1,1.1,0.8
402,Georgios Kalaitzakis,23,9,0,5.3,0.6,1.2,.455,0.2,0.4,.500,0.3,0.8,.429,.545,0.4,1.0,.444,0.4,0.4,0.9,0.0,0.1,0.1,0.4,0.9,1.8
403,Luke Kornet,26,1,0,3.0,0.0,1.0,.000,0.0,0.0,,0.0,1.0,.000,.000,0.0,0.0,,1.0,0.0,1.0,0.0,0.0,0.0,0.0,1.0,0.0
404,Jeff Dowtin,24,1,0,3.0,0.0,1.0,.000,0.0,1.0,.000,0.0,0.0,,.000,0.0,0.0,,0.0,0.0,0.0,0.0,0.0,0.0,0.0,0.0,0.0
405,Javin DeLaurier,23,1,0,3.0,0.0,0.0,,0.0,0.0,,0.0,0.0,,,0.0,0.0,,0.0,1.0,1.0,0.0,1.0,0.0,0.0,1.0,0.0
406,Anthony Edwards,20,72,72,34.3,7.6,17.3,.441,3.0,8.4,.357,4.6,8.9,.519,.527,3.1,3.9,.786,0.9,3.9,4.8,3.8,1.5,0.6,2.6,2.3,21.3
407,Karl-Anthony Towns,26,74,74,33.5,8.7,16.4,.529,2.0,4.9,.410,6.6,11.5,.580,.591,5.2,6.3,.822,2.6,7.2,9.8,3.6,1.0,1.1,3.1,3.6,24.6
408,D'Angelo Russell,25,65,65,32.0,6.2,15.0,.411,2.7,8.0,.340,3.5,7.0,.492,.502,3.0,3.7,.825,0.4,2.9,3.3,7.1,1.0,0.3,2.5,2.0,18.1
409,Jaden McDaniels,21,70,31,25.8,3.6,7.9,.460,1.1,3.6,.317,2.5,4.3,.579,.532,0.8,1.0,.803,1.1,3.1,4.2,1.1,0.7,0.8,1.1,3.2,9.2
410,Patrick Beverley,33,58,54,25.4,3.1,7.5,.406,1.4,4.2,.343,1.6,3.3,.485,.501,1.7,2.3,.722,1.1,3.1,4.1,4.6,1.2,0.9,1.3,3.0,9.2
411,Jarred Vanderbilt,22,74,67,25.4,2.9,4.9,.587,0.0,0.2,.143,2.8,4.7,.605,.590,1.2,1.8,.656,2.9,5.5,8.4,1.3,1.3,0.6,1.0,2.4,6.9
412,Malik Beasley,25,79,18,25.0,4.2,10.8,.391,3.0,8.1,.377,1.2,2.7,.432,.532,0.6,0.8,.817,0.3,2.5,2.9,1.5,0.5,0.2,0.5,1.1,12.1
413,Greg Monroe,31,4,0,20.3,3.3,5.5,.591,0.0,0.0,,3.3,5.5,.591,.591,0.8,1.8,.429,1.5,4.5,6.0,4.0,1.0,1.5,1.8,2.3,7.3
414,Taurean Prince,27,69,8,17.1,2.6,5.7,.454,1.2,3.3,.376,1.3,2.3,.565,.564,0.9,1.2,.756,0.4,2.1,2.5,1.0,0.7,0.3,0.8,1.7,7.3
415,Naz Reid,22,77,6,15.8,3.0,6.2,.489,0.7,2.2,.343,2.3,4.0,.568,.549,1.5,1.9,.765,1.3,2.6,3.9,0.9,0.5,0.9,1.1,2.2,8.3
416,Jaylen Nowell,22,62,1,15.7,3.2,6.7,.475,1.0,2.6,.394,2.1,4.1,.526,.551,1.2,1.5,.783,0.4,1.6,2.0,2.1,0.4,0.2,0.6,1.2,8.5
417,Jordan McLaughlin,25,62,3,14.5,1.4,3.2,.440,0.4,1.4,.318,1.0,1.9,.530,.508,0.5,0.6,.750,0.4,1.2,1.5,2.9,0.9,0.2,0.6,0.9,3.8
418,Josh Okogie,23,49,6,10.5,0.9,2.1,.404,0.3,1.0,.298,0.6,1.2,.491,.471,0.7,1.0,.686,0.6,0.8,1.4,0.5,0.5,0.2,0.5,1.1,2.7
419,Nathan Knight,24,37,2,7.2,1.2,2.4,.511,0.1,0.4,.308,1.1,2.0,.547,.534,1.2,1.6,.733,0.9,1.4,2.3,0.6,0.2,0.2,0.5,1.1,3.7
420,Leandro Bolmaro,21,35,2,6.9,0.5,1.5,.315,0.1,0.5,.278,0.3,1.0,.333,.361,0.3,0.4,.846,0.5,0.8,1.2,0.6,0.2,0.0,0.4,0.7,1.4
421,Jake Layman,27,34,1,6.8,0.9,2.1,.411,0.2,1.0,.229,0.6,1.1,.579,.466,0.4,0.5,.722,0.2,0.9,1.1,0.3,0.2,0.1,0.3,0.4,2.4
422,McKinley Wright IV,23,5,0,3.8,0.4,0.6,.667,0.2,0.4,.500,0.2,0.2,1.000,.833,0.0,0.0,,0.0,0.0,0.0,0.6,0.0,0.0,0.2,0.2,1.0
423,Chris Silva,25,1,0,3.0,0.0,0.0,,0.0,0.0,,0.0,0.0,,,0.0,0.0,,0.0,1.0,1.0,0.0,0.0,0.0,0.0,0.0,0.0
424,Brandon Ingram,24,55,55,34.0,8.2,17.9,.461,1.3,4.1,.327,6.9,13.8,.501,.498,4.8,5.9,.826,0.6,5.2,5.8,5.6,0.6,0.5,2.7,2.2,22.7
425,CJ McCollum,30,26,26,33.8,9.5,19.2,.493,2.7,6.9,.394,6.7,12.3,.549,.564,2.6,3.9,.667,0.7,3.7,4.5,5.8,1.3,0.0,2.2,1.7,24.3
426,Josh Hart,26,41,40,33.5,4.8,9.4,.505,1.0,3.2,.323,3.7,6.2,.598,.560,2.8,3.8,.753,1.3,6.5,7.8,4.1,1.1,0.3,2.0,2.9,13.4
427,Jonas Valančiūnas,29,74,74,30.3,6.9,12.7,.544,0.8,2.1,.361,6.1,10.5,.581,.574,3.2,3.9,.820,3.1,8.3,11.4,2.6,0.6,0.8,2.4,3.3,17.8
428,Herbert Jones,23,78,69,29.9,3.5,7.4,.476,0.7,2.2,.337,2.8,5.2,.533,.525,1.8,2.1,.840,1.3,2.5,3.8,2.1,1.7,0.8,1.3,3.1,9.5
429,Devonte' Graham,26,76,63,28.4,3.9,10.7,.363,2.5,7.4,.341,1.4,3.3,.413,.481,1.6,1.8,.843,0.5,1.8,2.3,4.2,0.9,0.2,1.4,1.3,11.9
430,Nickeil Alexander-Walker,23,50,19,26.3,4.7,12.6,.375,1.9,6.1,.311,2.8,6.5,.434,.450,1.4,1.9,.722,0.7,2.6,3.3,2.8,0.8,0.4,1.7,1.8,12.8
431,Larry Nance Jr.,29,9,0,20.2,3.0,5.4,.551,0.4,0.9,.500,2.6,4.6,.561,.592,0.9,0.9,1.000,1.6,2.8,4.3,0.9,0.6,0.8,1.1,1.9,7.3
432,Jaxson Hayes,21,70,28,20.0,3.5,5.7,.616,0.3,0.8,.351,3.2,4.9,.660,.641,2.1,2.7,.766,1.6,2.9,4.5,0.6,0.5,0.8,0.8,2.2,9.3
433,Garrett Temple,35,59,16,18.6,1.9,5.0,.376,1.0,3.1,.319,0.9,1.9,.473,.476,0.5,0.7,.683,0.5,1.9,2.4,1.3,0.7,0.4,0.7,1.4,5.2
434,Tony Snell,30,15,2,18.5,2.2,4.9,.446,1.4,3.5,.396,0.8,1.4,.571,.588,0.1,0.1,1.000,0.3,1.7,2.1,0.5,0.5,0.1,0.5,1.7,5.9
435,Willy Hernangómez,27,50,8,16.8,3.4,6.5,.520,0.1,0.2,.333,3.3,6.3,.527,.526,2.2,2.8,.773,2.9,3.9,6.8,1.3,0.4,0.4,1.0,1.9,9.1
436,Jose Alvarado,23,54,1,15.4,2.4,5.4,.446,0.6,2.0,.291,1.8,3.4,.538,.500,0.7,1.0,.679,0.5,1.4,1.9,2.8,1.3,0.1,0.7,1.4,6.1
437,Tomáš Satoranský,30,32,3,15.0,1.0,3.3,.299,0.2,1.0,.161,0.8,2.4,.355,.322,0.6,0.8,.760,0.6,1.4,2.0,2.4,0.4,0.0,0.7,1.0,2.8
438,Kira Lewis Jr.,20,24,0,14.2,2.5,6.1,.404,0.5,2.4,.224,1.9,3.7,.523,.449,0.4,0.5,.833,0.4,1.3,1.6,2.0,0.5,0.0,1.1,0.7,5.9
439,Trey Murphy III,21,62,1,13.9,1.8,4.5,.394,1.1,3.0,.382,0.6,1.5,.418,.522,0.7,0.8,.882,0.8,1.6,2.4,0.6,0.4,0.1,0.3,1.0,5.4
440,Naji Marshall,24,55,4,13.4,2.0,4.9,.405,0.4,1.9,.200,1.6,3.0,.537,.444,1.3,1.7,.796,0.7,1.9,2.6,1.1,0.6,0.1,0.8,1.3,5.7
441,Tyrone Wallace,27,6,0,12.5,1.2,3.3,.350,0.3,1.3,.250,0.8,2.0,.417,.400,0.2,0.8,.200,0.0,1.3,1.3,0.2,0.5,0.2,0.3,1.2,2.8
442,Gary Clark,27,38,1,9.9,0.9,2.3,.375,0.7,1.8,.400,0.1,0.5,.278,.534,0.2,0.3,.700,0.6,1.8,2.4,0.5,0.3,0.2,0.3,0.5,2.7
443,Jared Harper,24,5,0,8.6,2.8,5.2,.538,1.0,2.4,.417,1.8,2.8,.643,.635,0.8,0.8,1.000,0.4,0.0,0.4,2.8,0.8,0.2,0.4,1.0,7.4
444,Alize Johnson,25,4,0,7.0,0.8,2.5,.300,0.0,0.0,,0.8,2.5,.300,.300,0.8,1.0,.750,1.8,1.5,3.3,0.3,0.5,0.0,0.3,0.8,2.3
445,Didi Louzada,22,2,0,3.5,0.0,1.5,.000,0.0,1.5,.000,0.0,0.0,,.000,0.0,0.0,,1.0,0.0,1.0,0.5,0.0,0.0,0.0,0.0,0.0
446,Julius Randle,27,72,72,35.3,7.1,17.3,.411,1.7,5.4,.308,5.4,11.9,.458,.459,4.2,5.6,.756,1.7,8.2,9.9,5.1,0.7,0.5,3.4,2.8,20.1
447,RJ Barrett,21,70,70,34.5,7.0,17.1,.408,2.0,5.8,.342,5.0,11.3,.442,.466,4.1,5.8,.714,0.9,4.9,5.8,3.0,0.6,0.2,2.2,2.0,20.0
448,Evan Fournier,29,80,80,29.5,5.0,12.1,.417,3.0,7.7,.389,2.0,4.3,.465,.541,1.0,1.4,.708,0.4,2.2,2.6,2.1,1.0,0.3,1.3,2.3,14.1
449,Alec Burks,30,81,44,28.6,3.5,9.0,.391,1.9,4.8,.404,1.6,4.2,.378,.499,2.7,3.3,.822,0.6,4.3,4.9,3.0,1.0,0.3,1.1,2.7,11.7
450,Mitchell Robinson,23,72,62,25.7,3.6,4.8,.761,0.0,0.0,,3.6,4.8,.761,.761,1.2,2.5,.486,4.1,4.5,8.6,0.5,0.8,1.8,0.8,2.7,8.5
451,Kemba Walker,31,37,37,25.6,4.0,10.0,.403,2.0,5.4,.367,2.1,4.6,.444,.501,1.6,1.9,.845,0.4,2.6,3.0,3.5,0.7,0.2,1.3,1.0,11.6
452,Derrick Rose,33,26,4,24.5,4.7,10.5,.445,1.4,3.5,.402,3.3,7.0,.467,.513,1.2,1.2,.968,0.8,2.2,3.0,4.0,0.8,0.5,1.5,0.6,12.0
453,Immanuel Quickley,22,78,3,23.1,3.6,9.3,.392,1.8,5.1,.346,1.9,4.2,.448,.487,2.3,2.6,.881,0.4,2.8,3.2,3.5,0.7,0.0,1.3,2.1,11.3
454,Nerlens Noel,27,25,11,22.5,1.3,2.4,.533,0.0,0.1,.000,1.3,2.3,.561,.533,0.8,1.2,.700,1.9,3.7,5.6,0.9,1.2,1.2,0.8,2.7,3.4
455,Taj Gibson,36,52,4,18.2,1.7,3.2,.518,0.3,0.7,.395,1.4,2.5,.555,.563,0.8,1.0,.808,1.7,2.7,4.4,0.6,0.4,0.8,0.5,2.6,4.4
456,Quentin Grimes,21,46,6,17.1,2.1,5.1,.404,1.6,4.1,.381,0.5,1.0,.500,.557,0.3,0.4,.684,0.5,1.5,2.0,1.0,0.7,0.2,0.6,1.6,6.0
457,Obi Toppin,23,72,10,17.1,3.5,6.6,.531,0.7,2.3,.308,2.8,4.2,.655,.586,1.3,1.7,.758,1.0,2.8,3.7,1.1,0.3,0.5,0.8,1.4,9.0
458,Cam Reddish,22,15,0,14.3,1.8,4.3,.415,0.5,2.1,.258,1.3,2.3,.559,.477,1.9,2.1,.906,0.3,1.1,1.4,0.7,0.8,0.3,0.9,1.0,6.1
459,Jericho Sims,23,41,5,13.5,1.0,1.3,.722,0.0,0.0,,1.0,1.3,.722,.722,0.3,0.7,.414,1.5,2.6,4.1,0.5,0.3,0.5,0.5,1.6,2.2
460,Damyean Dotson,27,2,0,10.5,1.0,2.0,.500,0.0,0.5,.000,1.0,1.5,.667,.500,0.0,0.0,,0.0,1.0,1.0,0.5,0.0,0.0,0.0,0.0,2.0
461,Miles McBride,21,40,2,9.3,0.8,2.7,.296,0.4,1.7,.250,0.4,1.0,.375,.375,0.2,0.3,.667,0.1,1.0,1.1,1.0,0.4,0.0,0.1,1.1,2.2
462,Kevin Knox,22,13,0,8.5,1.2,3.1,.375,0.8,2.2,.357,0.4,0.9,.417,.500,0.5,0.8,.700,0.6,1.1,1.7,0.2,0.2,0.1,0.4,0.4,3.6
463,Ryan Arcidiacono,27,10,0,7.6,0.6,1.2,.500,0.4,0.9,.444,0.2,0.3,.667,.667,0.0,0.0,,0.0,0.8,0.8,0.4,0.1,0.0,0.3,0.5,1.6
464,Wayne Selden,27,3,0,6.3,0.3,1.3,.250,0.3,0.7,.500,0.0,0.7,.000,.375,0.7,1.3,.500,0.0,0.3,0.3,0.3,0.0,0.0,0.0,0.3,1.7
465,Feron Hunt,22,2,0,4.0,0.0,1.0,.000,0.0,0.0,,0.0,1.0,.000,.000,0.0,0.0,,0.5,0.0,0.5,0.5,0.5,0.0,0.5,0.5,0.0
466,Danuel House Jr.,28,1,0,3.0,0.0,1.0,.000,0.0,1.0,.000,0.0,0.0,,.000,0.0,0.0,,0.0,0.0,0.0,0.0,0.0,0.0,0.0,0.0,0.0
467,Matt Mooney,24,1,0,2.0,0.0,1.0,.000,0.0,1.0,.000,0.0,0.0,,.000,0.0,0.0,,0.0,0.0,0.0,0.0,1.0,0.0,1.0,0.0,0.0
468,Tyler Hall,24,1,0,2.0,0.0,0.0,,0.0,0.0,,0.0,0.0,,,0.0,0.0,,0.0,0.0,0.0,0.0,0.0,0.0,0.0,0.0,0.0
469,Zavier Simpson,24,4,4,43.5,4.8,13.0,.365,0.3,2.0,.125,4.5,11.0,.409,.375,1.3,1.3,1.000,0.5,4.8,5.3,7.5,1.3,1.0,2.5,3.8,11.0
470,Georgios Kalaitzakis,23,4,4,41.5,6.5,14.0,.464,2.0,5.5,.364,4.5,8.5,.529,.536,2.5,5.3,.476,0.5,2.8,3.3,3.0,2.5,0.3,4.0,2.8,17.5
471,Melvin Frazier,25,3,0,40.0,4.3,16.0,.271,0.3,7.0,.048,4.0,9.0,.444,.281,1.7,2.3,.714,1.7,2.7,4.3,0.3,0.3,0.0,1.0,2.7,10.7
472,Shai Gilgeous-Alexander,23,56,56,34.7,8.5,18.8,.453,1.6,5.3,.300,6.9,13.5,.514,.496,5.9,7.2,.810,0.7,4.3,5.0,5.9,1.3,0.8,2.8,2.5,24.5
473,Jaylen Hoard,22,7,5,34.3,6.3,12.9,.489,1.3,3.6,.360,5.0,9.3,.538,.539,0.9,2.0,.429,4.3,7.7,12.0,2.4,0.9,0.7,1.1,2.0,14.7
474,Luguentz Dort,22,51,51,32.6,5.7,14.2,.404,2.5,7.7,.332,3.2,6.6,.487,.493,3.2,3.7,.843,0.7,3.4,4.2,1.7,0.9,0.4,1.7,2.9,17.2
475,Josh Giddey,19,54,54,31.5,5.2,12.4,.419,1.0,3.9,.263,4.2,8.5,.492,.461,1.0,1.5,.709,1.8,6.0,7.8,6.4,0.9,0.4,3.2,1.6,12.5
476,Darius Bazley,21,69,53,27.9,4.0,9.4,.422,1.2,3.9,.297,2.8,5.5,.511,.484,1.7,2.5,.688,1.0,5.3,6.3,1.4,0.8,1.0,1.3,1.0,10.8
477,Aaron Wiggins,23,50,35,24.2,3.1,6.7,.463,0.8,2.8,.304,2.3,4.0,.573,.525,1.2,1.7,.729,1.0,2.5,3.6,1.4,0.6,0.2,1.1,1.9,8.3
478,Vit Krejci,21,30,8,23.0,2.3,5.6,.407,1.1,3.3,.327,1.2,2.3,.522,.503,0.6,0.7,.864,0.6,2.8,3.4,1.9,0.6,0.3,1.0,2.2,6.2
479,Tre Mann,20,60,26,22.8,3.9,9.8,.393,1.6,4.5,.360,2.2,5.3,.421,.476,1.1,1.4,.793,0.4,2.4,2.9,1.5,0.8,0.2,1.2,1.7,10.4
480,Jeremiah Robinson-Earl,21,49,36,22.2,2.7,6.6,.414,1.2,3.4,.352,1.6,3.2,.478,.503,0.8,1.1,.741,1.5,4.1,5.6,1.0,0.6,0.3,0.8,1.5,7.5
481,Kenrich Williams,27,49,0,21.9,3.0,6.5,.461,0.8,2.5,.339,2.1,4.0,.536,.525,0.6,1.1,.545,1.5,3.0,4.5,2.2,0.9,0.2,0.9,1.7,7.4
482,Isaiah Roby,23,45,28,21.1,3.7,7.2,.514,1.0,2.2,.444,2.7,5.0,.545,.582,1.7,2.6,.672,1.7,3.2,4.8,1.6,0.8,0.8,1.0,2.4,10.1
483,Aleksej Pokusevski,20,61,12,20.2,3.0,7.5,.408,0.9,3.2,.289,2.1,4.2,.498,.470,0.6,0.8,.700,1.2,4.0,5.2,2.1,0.6,0.6,1.5,1.4,7.6
484,Olivier Sarr,22,22,2,19.1,2.6,4.6,.574,0.6,1.3,.448,2.0,3.3,.625,.639,1.1,1.3,.828,1.5,2.7,4.2,0.9,0.3,0.7,1.0,2.4,7.0
485,Lindy Waters III,24,25,1,18.6,2.8,7.0,.406,2.1,5.8,.363,0.7,1.2,.621,.557,0.2,0.2,.800,0.2,2.7,2.9,1.0,0.8,0.3,0.4,1.2,8.0
486,Scotty Hopson,32,1,0,18.0,2.0,4.0,.500,0.0,1.0,.000,2.0,3.0,.667,.500,0.0,0.0,,0.0,1.0,1.0,1.0,0.0,0.0,2.0,1.0,4.0
487,Théo Maledon,20,51,7,17.8,2.3,6.2,.375,0.9,2.9,.293,1.5,3.3,.449,.445,1.5,2.0,.790,0.4,2.2,2.6,2.2,0.6,0.2,1.3,1.3,7.1
488,Paul Watson,27,9,3,17.3,1.3,3.9,.343,0.7,2.9,.231,0.7,1.0,.667,.429,0.1,0.2,.500,0.3,2.7,3.0,0.9,0.3,0.3,0.4,1.1,3.4
489,Ty Jerome,24,48,4,16.7,2.6,6.8,.378,1.1,3.9,.290,1.5,3.0,.493,.460,0.8,1.0,.809,0.4,1.2,1.6,2.3,0.6,0.1,0.8,1.5,7.1
490,Derrick Favors,30,39,18,16.7,2.4,4.7,.516,0.1,0.4,.125,2.4,4.3,.554,.522,0.4,0.6,.640,1.5,3.2,4.7,0.6,0.4,0.3,0.2,1.6,5.3
491,Mamadi Diakite,25,13,3,14.5,1.9,3.6,.532,0.0,0.4,.000,1.9,3.2,.595,.532,0.5,0.8,.545,1.3,3.2,4.5,0.2,0.4,0.7,0.5,2.5,4.3
492,Mike Muscala,30,43,0,13.8,2.6,5.8,.456,1.6,3.8,.429,1.0,2.0,.506,.597,1.1,1.3,.842,0.5,2.5,3.0,0.5,0.4,0.6,0.3,1.3,8.0
493,Gabriel Deck,26,7,0,8.0,1.1,2.0,.571,0.3,0.6,.500,0.9,1.4,.600,.643,0.0,0.0,,0.1,0.7,0.9,0.7,0.1,0.0,0.3,0.3,2.6
494,Rob Edwards,25,2,0,5.5,0.5,2.0,.250,0.5,2.0,.250,0.0,0.0,,.375,0.0,0.0,,0.0,1.5,1.5,0.0,0.0,0.0,0.5,0.0,1.5
495,Cole Anthony,21,65,65,31.7,5.5,14.0,.391,2.0,6.0,.338,3.5,8.0,.432,.464,3.3,3.9,.854,0.5,4.9,5.4,5.7,0.7,0.3,2.6,2.6,16.3
496,Franz Wagner,20,79,79,30.7,5.8,12.3,.468,1.2,3.4,.354,4.6,8.9,.511,.517,2.4,2.8,.863,1.1,3.4,4.5,2.9,0.9,0.4,1.5,2.1,15.2
497,Wendell Carter Jr.,22,62,61,29.9,5.8,11.0,.525,1.1,3.5,.327,4.7,7.6,.615,.576,2.3,3.3,.691,2.2,8.2,10.5,2.8,0.6,0.7,1.9,2.7,15.0
498,Devin Cannady,25,5,0,29.0,3.0,8.8,.341,3.0,7.4,.405,0.0,1.4,.000,.511,1.0,1.4,.714,0.2,1.0,1.2,2.0,1.0,0.6,1.0,1.8,10.0
499,Gary Harris,27,61,30,28.4,3.9,9.1,.434,1.9,5.0,.384,2.0,4.1,.494,.539,1.4,1.6,.874,0.6,1.4,2.0,1.8,1.0,0.1,1.0,1.8,11.1
500,Jalen Suggs,20,48,45,27.2,4.1,11.4,.361,0.9,4.1,.214,3.3,7.3,.443,.400,2.6,3.4,.773,0.5,3.0,3.6,4.4,1.2,0.4,3.0,3.0,11.8
501,Mo Bamba,23,71,69,25.7,4.2,8.7,.480,1.5,4.0,.381,2.7,4.7,.563,.566,0.8,1.0,.781,2.1,6.0,8.1,1.2,0.5,1.7,1.1,2.6,10.6
502,Chuma Okeke,23,70,20,25.0,3.1,8.2,.376,1.7,5.3,.318,1.4,2.9,.480,.478,0.8,0.9,.846,0.7,4.3,5.0,1.7,1.4,0.6,0.8,1.4,8.6
503,Terrence Ross,30,63,0,23.0,3.5,8.8,.397,1.2,4.2,.292,2.3,4.6,.493,.467,1.8,2.1,.862,0.3,2.2,2.6,1.8,0.4,0.2,1.2,1.1,10.0
504,R.J. Hampton,20,64,14,21.9,2.7,7.1,.383,1.0,2.9,.350,1.7,4.3,.405,.453,1.2,1.8,.641,0.4,2.7,3.0,2.5,0.7,0.2,1.4,1.6,7.6
505,Hassani Gravett,25,8,3,21.4,2.3,4.8,.474,1.4,3.3,.423,0.9,1.5,.583,.618,0.4,0.5,.750,0.1,2.5,2.6,2.5,0.6,0.1,1.1,1.6,6.3
506,Markelle Fultz,23,18,3,20.0,4.6,9.7,.474,0.2,0.9,.235,4.4,8.8,.500,.486,1.4,1.7,.806,0.2,2.5,2.7,5.5,1.1,0.3,2.2,1.2,10.8
507,Tim Frazier,31,10,3,20.0,1.3,4.3,.302,0.6,1.7,.353,0.7,2.6,.269,.372,0.5,0.9,.556,0.5,1.4,1.9,3.3,0.3,0.1,1.3,2.4,3.7
508,Jeff Dowtin,24,4,0,19.3,1.3,4.8,.263,0.3,1.8,.143,1.0,3.0,.333,.289,0.5,0.5,1.000,1.8,1.0,2.8,1.8,1.3,0.0,1.0,0.8,3.3
509,Robin Lopez,33,36,9,17.0,3.1,5.5,.553,0.1,0.2,.333,3.0,5.4,.560,.558,0.9,1.5,.593,1.9,1.6,3.5,1.5,0.1,0.5,1.2,1.9,7.1
510,B.J. Johnson,26,4,0,16.3,2.8,6.3,.440,1.0,2.5,.400,1.8,3.8,.467,.520,0.0,0.0,,1.5,2.3,3.8,0.0,0.0,0.3,0.0,1.0,6.5
511,Moritz Wagner,24,63,3,15.2,3.1,6.3,.497,1.0,3.2,.328,2.1,3.1,.672,.581,1.7,2.0,.806,0.7,3.0,3.7,1.4,0.3,0.2,0.9,2.0,9.0
512,Aleem Ford,24,5,0,14.8,1.2,4.0,.300,0.4,3.0,.133,0.8,1.0,.800,.350,0.0,0.0,,0.4,2.6,3.0,0.4,0.2,0.0,0.8,1.4,2.8
513,Freddie Gillespie,24,9,2,13.2,1.0,2.4,.409,0.0,0.1,.000,1.0,2.3,.429,.409,0.3,0.8,.429,1.4,2.6,4.0,0.6,0.3,1.0,0.6,2.0,2.3
514,Mychal Mulder,27,15,2,13.0,1.3,4.5,.299,0.9,3.1,.283,0.5,1.4,.333,.396,0.1,0.1,1.000,0.1,1.3,1.4,0.2,0.3,0.1,0.5,0.8,3.7
515,Ignas Brazdeikis,23,42,1,12.8,1.9,4.5,.431,0.6,2.1,.310,1.3,2.4,.535,.503,0.5,0.8,.656,0.5,1.2,1.7,0.9,0.2,0.1,0.4,1.1,5.0
516,Admiral Schofield,24,38,1,12.3,1.4,3.4,.419,0.7,2.1,.329,0.7,1.3,.560,.519,0.3,0.4,.800,0.4,1.9,2.3,0.7,0.1,0.1,0.6,1.5,3.8
517,James Harden,32,21,21,37.7,5.5,13.6,.402,2.2,6.7,.326,3.3,6.9,.476,.483,7.9,8.9,.892,0.6,6.5,7.1,10.5,1.2,0.2,3.4,2.3,21.0
518,Tyrese Maxey,21,75,74,35.3,6.4,13.3,.485,1.8,4.1,.427,4.7,9.1,.512,.552,2.8,3.3,.866,0.3,2.9,3.2,4.3,0.7,0.4,1.2,2.1,17.5
519,Seth Curry,31,45,45,34.8,5.7,11.7,.485,2.2,5.6,.400,3.5,6.2,.561,.580,1.4,1.6,.877,0.4,3.0,3.4,4.0,0.8,0.2,1.9,2.2,15.0
520,Tobias Harris,29,73,73,34.8,6.8,14.0,.482,1.4,3.8,.367,5.4,10.2,.525,.532,2.3,2.8,.842,1.1,5.7,6.8,3.5,0.6,0.6,1.6,2.2,17.2
521,Joel Embiid,27,68,68,33.8,9.8,19.6,.499,1.4,3.7,.371,8.4,15.9,.529,.534,9.6,11.8,.814,2.1,9.6,11.7,4.2,1.1,1.5,3.1,2.7,30.6
522,Matisse Thybulle,24,66,50,25.5,2.3,4.5,.500,0.7,2.2,.313,1.6,2.4,.673,.575,0.5,0.7,.791,0.6,1.7,2.3,1.1,1.7,1.1,0.6,2.4,5.7
523,Georges Niang,28,76,7,22.8,3.2,7.4,.437,2.1,5.1,.403,1.2,2.3,.511,.575,0.7,0.8,.881,0.3,2.3,2.7,1.3,0.4,0.2,0.8,2.5,9.2
524,Danny Green,34,62,28,21.8,2.0,5.2,.394,1.7,4.4,.380,0.4,0.8,.469,.555,0.2,0.2,.786,0.5,2.0,2.5,1.0,1.0,0.6,0.7,1.7,5.9
525,Shake Milton,25,55,6,21.4,3.1,7.3,.429,0.8,2.4,.323,2.4,4.9,.481,.483,1.1,1.3,.836,0.5,2.0,2.6,2.5,0.5,0.3,0.8,1.8,8.2
526,Furkan Korkmaz,24,67,19,21.1,2.7,7.0,.387,1.1,4.0,.289,1.6,3.0,.515,.469,1.0,1.3,.810,0.3,2.3,2.6,1.9,0.5,0.1,0.7,0.9,7.6
527,Andre Drummond,28,49,12,18.4,2.6,4.9,.538,0.0,0.0,.000,2.6,4.8,.542,.538,0.9,1.7,.512,2.8,6.1,8.8,2.0,1.1,0.9,1.6,2.5,6.1
528,DeAndre Jordan,33,16,1,13.4,2.0,3.4,.593,0.0,0.0,,2.0,3.4,.593,.593,0.6,0.9,.714,2.0,3.8,5.8,0.5,0.1,0.6,1.0,1.3,4.6
529,Tyler Johnson,29,3,0,12.7,1.3,3.3,.400,1.0,2.3,.429,0.3,1.0,.333,.550,0.0,0.0,,0.3,1.7,2.0,0.7,0.3,0.3,0.3,1.3,3.7
530,Paul Millsap,36,9,1,11.8,1.4,3.3,.433,0.2,0.9,.250,1.2,2.4,.500,.467,0.6,0.8,.714,1.3,1.4,2.8,0.6,0.6,0.2,0.9,2.1,3.7
531,Isaiah Joe,22,55,1,11.1,1.1,3.2,.350,0.8,2.5,.333,0.3,0.8,.405,.477,0.5,0.6,.935,0.1,0.9,1.0,0.6,0.3,0.1,0.3,0.9,3.6
532,Charlie Brown Jr.,24,19,2,8.5,0.5,1.8,.265,0.1,0.5,.111,0.4,1.3,.320,.279,0.5,0.5,.900,0.7,0.9,1.6,0.3,0.4,0.2,0.3,0.8,1.5
533,Paul Reed,22,38,2,7.9,1.4,2.5,.563,0.1,0.2,.250,1.4,2.3,.591,.573,0.2,0.4,.429,1.2,1.3,2.4,0.4,0.9,0.4,0.3,1.5,3.1
534,Charles Bassey,21,23,0,7.3,1.3,2.0,.638,0.0,0.2,.000,1.3,1.9,.698,.638,0.4,0.5,.750,1.0,1.7,2.7,0.3,0.2,0.7,0.3,1.4,3.0
535,Myles Powell,24,11,0,4.7,0.5,1.5,.294,0.1,0.5,.167,0.4,1.0,.364,.324,0.2,0.2,1.000,0.1,0.5,0.5,0.3,0.1,0.0,0.3,0.7,1.2
536,Braxton Key,24,2,0,3.0,0.5,1.0,.500,0.0,0.5,.000,0.5,0.5,1.000,.500,0.0,0.0,,0.5,0.5,1.0,0.5,0.5,0.0,1.0,0.5,1.0
537,Willie Cauley-Stein,28,2,0,3.0,0.0,0.0,,0.0,0.0,,0.0,0.0,,,0.0,0.0,,0.0,1.0,1.0,0.5,0.0,0.0,0.0,1.0,0.0
538,Jaden Springer,19,2,0,3.0,0.5,0.5,1.000,0.0,0.0,,0.5,0.5,1.000,1.000,0.0,0.0,,0.5,0.5,1.0,0.0,0.0,1.0,0.5,0.0,1.0
539,Aaron Henry,22,6,0,2.8,0.2,0.8,.200,0.0,0.2,.000,0.2,0.7,.250,.200,0.0,0.0,,0.0,0.2,0.2,0.0,0.0,0.3,0.3,0.3,0.3
540,Mikal Bridges,25,82,82,34.8,5.6,10.5,.534,1.4,3.8,.369,4.2,6.7,.628,.601,1.6,1.9,.834,0.9,3.3,4.2,2.3,1.2,0.4,0.8,1.8,14.2
541,Devin Booker,25,68,68,34.5,9.7,20.9,.466,2.7,7.0,.383,7.0,13.9,.508,.530,4.6,5.3,.868,0.7,4.4,5.0,4.8,1.1,0.4,2.4,2.6,26.8
542,Chris Paul,36,65,65,32.9,5.6,11.3,.493,1.0,3.1,.317,4.6,8.3,.559,.536,2.6,3.1,.837,0.3,4.0,4.4,10.8,1.9,0.3,2.4,2.1,14.7
543,Deandre Ayton,23,58,58,29.5,7.6,12.0,.634,0.1,0.3,.368,7.5,11.7,.642,.639,1.8,2.4,.746,2.6,7.7,10.2,1.4,0.7,0.7,1.6,2.4,17.2
544,Jae Crowder,31,67,67,28.1,3.2,8.1,.399,1.9,5.4,.348,1.3,2.7,.503,.516,1.1,1.3,.789,0.4,4.8,5.3,1.9,1.4,0.4,0.8,2.6,9.4
545,Cameron Johnson,25,66,16,26.2,4.2,9.2,.460,2.5,5.9,.425,1.7,3.3,.523,.596,1.5,1.7,.860,0.6,3.5,4.1,1.5,0.9,0.2,0.7,1.7,12.5
546,Cameron Payne,27,58,12,22.0,4.1,10.1,.409,1.2,3.6,.336,2.9,6.5,.449,.469,1.3,1.5,.843,0.4,2.6,3.0,4.9,0.7,0.3,1.8,2.1,10.8
547,Torrey Craig,31,27,2,20.8,2.7,5.9,.450,1.1,3.6,.323,1.5,2.4,.641,.547,0.4,0.6,.706,1.0,3.3,4.3,1.2,0.8,0.6,1.0,2.1,6.9
548,Landry Shamet,24,69,14,20.8,2.8,7.0,.394,1.8,4.8,.368,1.0,2.2,.450,.521,1.0,1.2,.840,0.2,1.6,1.8,1.6,0.4,0.1,0.6,1.3,8.3
549,Frank Kaminsky,28,9,0,20.1,4.0,7.3,.545,0.6,1.7,.333,3.4,5.7,.608,.583,2.0,2.2,.900,1.2,3.3,4.6,1.4,0.9,0.8,0.6,1.6,10.6
550,Aaron Holiday,25,22,1,16.3,2.3,5.6,.411,0.7,1.6,.444,1.6,4.0,.398,.476,1.4,1.5,.939,0.7,1.8,2.5,3.4,0.8,0.0,1.3,1.5,6.8
551,JaVale McGee,34,74,17,15.8,3.9,6.2,.629,0.0,0.1,.222,3.9,6.1,.637,.631,1.4,2.0,.699,2.2,4.5,6.7,0.6,0.3,1.1,1.3,2.4,9.2
552,Bismack Biyombo,29,36,3,14.1,2.4,4.0,.593,0.0,0.0,,2.4,4.0,.593,.593,1.1,2.0,.535,1.8,2.9,4.6,0.6,0.3,0.7,0.7,1.9,5.8
553,Jalen Smith,21,29,4,13.2,2.2,4.7,.460,0.3,1.3,.231,1.9,3.4,.551,.493,1.4,1.8,.769,1.9,2.9,4.8,0.2,0.2,0.6,0.8,1.8,6.0
554,Gabriel Lundberg,27,4,0,11.0,1.3,4.8,.263,0.8,2.0,.375,0.5,2.8,.182,.342,0.0,0.0,,0.5,1.3,1.8,2.8,0.8,0.0,0.8,1.8,3.3
555,Elfrid Payton,27,50,1,11.0,1.3,3.5,.383,0.1,0.4,.222,1.3,3.1,.401,.394,0.2,0.6,.375,0.4,1.3,1.8,2.0,0.5,0.1,0.9,0.8,3.0
556,Abdel Nader,28,14,0,10.4,0.9,2.5,.343,0.3,1.0,.286,0.6,1.5,.381,.400,0.4,0.7,.600,0.3,1.6,1.9,0.5,0.6,0.3,0.8,1.4,2.4
557,Ish Wainright,27,45,0,8.0,0.9,2.3,.394,0.4,1.3,.322,0.5,1.0,.489,.486,0.2,0.3,.583,0.6,0.6,1.2,0.3,0.4,0.1,0.3,1.1,2.4
558,Emanuel Terry,25,3,0,6.0,0.0,1.7,.000,0.0,0.0,,0.0,1.7,.000,.000,0.0,0.0,,2.7,2.3,5.0,0.7,0.3,0.0,1.7,1.3,0.0
559,Justin Jackson,26,6,0,5.8,0.8,2.3,.357,0.5,1.5,.333,0.3,0.8,.400,.464,0.0,0.0,,0.2,1.0,1.2,0.3,0.0,0.0,0.2,0.5,2.2
560,M.J. Walker,23,2,0,4.0,0.0,2.0,.000,0.0,1.0,.000,0.0,1.0,.000,.000,0.0,0.0,,0.0,0.5,0.5,0.5,1.0,0.0,0.0,0.5,0.0
561,Chandler Hutchison,25,6,0,3.7,0.2,0.3,.500,0.0,0.0,,0.2,0.3,.500,.500,0.3,0.3,1.000,0.0,0.8,0.8,0.3,0.0,0.0,0.7,0.2,0.7
562,Paris Bass,26,2,0,3.5,1.0,3.0,.333,0.0,1.0,.000,1.0,2.0,.500,.333,1.0,1.0,1.000,1.0,1.0,2.0,0.0,0.5,0.0,1.0,1.0,3.0
563,Damian Lillard,31,29,29,36.4,7.7,19.0,.402,3.2,9.8,.324,4.5,9.2,.485,.486,5.5,6.2,.878,0.4,3.7,4.1,7.3,0.6,0.4,2.9,1.3,24.0
564,CJ McCollum,30,36,36,35.2,8.1,18.5,.436,3.1,8.0,.384,5.0,10.4,.476,.520,1.3,1.9,.706,0.9,3.3,4.3,4.5,1.0,0.6,1.9,2.1,20.5
565,Norman Powell,28,40,39,33.3,6.2,13.6,.456,2.3,5.7,.406,3.9,7.8,.492,.542,4.0,5.0,.803,0.4,2.9,3.3,2.1,1.0,0.4,1.6,2.3,18.7
566,Josh Hart,26,13,13,32.1,7.1,14.1,.503,2.4,6.4,.373,4.7,7.7,.610,.587,3.4,4.4,.772,0.7,4.7,5.4,4.3,1.2,0.2,2.5,2.5,19.9
567,Robert Covington,31,48,40,29.8,2.7,7.0,.381,1.6,4.8,.343,1.0,2.2,.462,.499,0.6,0.8,.833,0.9,4.9,5.7,1.4,1.5,1.3,1.2,2.8,7.6
568,Drew Eubanks,24,22,22,29.5,6.2,9.6,.646,0.2,0.7,.267,6.0,9.0,.675,.656,1.8,2.3,.784,3.0,5.5,8.5,1.6,0.8,0.5,1.6,2.8,14.5
569,Anfernee Simons,22,57,30,29.5,6.2,14.0,.443,3.1,7.8,.405,3.1,6.2,.490,.555,1.8,2.0,.888,0.5,2.2,2.6,3.9,0.5,0.1,2.0,1.9,17.3
570,Jusuf Nurkić,27,56,56,28.2,5.7,10.7,.535,0.3,1.0,.268,5.5,9.7,.563,.548,3.3,4.8,.690,3.0,8.1,11.1,2.8,1.1,0.6,2.6,3.4,15.0
571,Justise Winslow,25,11,10,26.8,4.3,10.5,.405,0.9,3.4,.270,3.4,7.2,.468,.448,1.3,2.3,.560,1.8,4.5,6.3,2.9,1.3,0.6,1.1,1.9,10.7
572,Brandon Williams,22,24,16,26.7,4.4,11.8,.372,1.3,4.4,.292,3.1,7.3,.420,.427,2.8,4.0,.701,0.8,2.3,3.1,3.9,1.0,0.4,2.4,2.2,12.9
573,Nassir Little,21,42,23,25.9,3.5,7.5,.460,1.2,3.7,.331,2.2,3.8,.584,.541,1.6,2.2,.734,1.4,4.2,5.6,1.3,0.6,0.9,1.0,2.0,9.8
574,Keon Johnson,19,22,12,25.5,3.6,10.0,.357,1.4,4.0,.348,2.2,6.0,.364,.428,1.1,1.4,.833,0.8,1.9,2.7,2.9,1.0,0.5,1.8,2.2,9.7
575,Kris Dunn,27,14,3,24.0,3.1,7.3,.431,0.1,0.8,.091,3.1,6.5,.473,.436,1.2,1.3,.944,0.6,2.9,3.5,5.6,1.6,0.2,2.3,2.7,7.6
576,Larry Nance Jr.,29,37,11,23.2,2.8,5.4,.515,0.5,1.7,.306,2.2,3.7,.610,.563,0.9,1.3,.653,1.6,4.1,5.6,2.0,1.0,0.4,0.7,1.8,6.9
577,CJ Elleby,21,58,28,20.2,2.1,5.3,.393,0.6,2.2,.294,1.4,3.1,.462,.453,1.0,1.4,.714,1.1,2.8,3.9,1.5,0.6,0.3,1.0,2.0,5.8
578,Ben McLemore,28,64,6,20.1,3.4,8.4,.401,2.4,6.5,.362,1.0,1.9,.533,.541,1.1,1.4,.818,0.2,1.4,1.6,0.9,0.6,0.2,0.9,1.6,10.2
579,Reggie Perry,21,9,1,19.7,4.3,8.7,.500,0.3,1.8,.188,4.0,6.9,.581,.519,1.0,1.7,.600,1.7,3.4,5.1,1.3,1.0,0.7,1.2,3.3,10.0
580,Trendon Watford,21,48,10,18.1,3.0,5.6,.532,0.2,0.8,.237,2.8,4.8,.581,.549,1.5,2.0,.755,1.2,3.0,4.1,1.7,0.5,0.6,0.9,2.4,7.6
581,Didi Louzada,22,7,1,17.4,1.7,4.3,.400,1.3,2.9,.450,0.4,1.4,.300,.550,0.3,0.3,1.000,0.4,1.7,2.1,0.6,0.3,0.3,0.7,1.9,5.0
582,Dennis Smith Jr.,24,37,4,17.2,2.1,5.1,.418,0.2,0.7,.222,2.0,4.4,.451,.434,1.1,1.7,.656,0.5,1.8,2.4,3.6,1.2,0.3,1.4,1.4,5.6
583,Cameron McGriff,24,3,0,15.3,1.7,4.7,.357,0.7,2.0,.333,1.0,2.7,.375,.429,0.7,0.7,1.000,2.0,3.0,5.0,1.0,0.0,0.3,0.0,2.3,4.7
584,Elijah Hughes,23,22,3,14.6,1.5,4.9,.296,0.7,3.0,.224,0.8,1.9,.415,.366,0.2,0.3,.667,0.2,1.7,1.9,0.7,0.5,0.3,0.5,1.5,3.8
585,Tony Snell,30,38,10,14.4,0.9,2.6,.371,0.6,2.0,.320,0.3,0.6,.545,.495,0.1,0.1,1.000,0.3,1.6,1.9,0.5,0.2,0.2,0.3,1.2,2.6
586,Greg Brown III,20,48,6,13.3,1.7,4.0,.426,0.4,1.3,.311,1.3,2.7,.481,.476,0.9,1.4,.677,0.8,2.0,2.8,0.7,0.5,0.5,0.8,1.9,4.7
587,Cody Zeller,29,27,0,13.1,1.9,3.3,.567,0.0,0.1,.000,1.9,3.2,.593,.567,1.4,1.8,.776,1.9,2.8,4.6,0.8,0.3,0.2,0.7,2.1,5.2
588,Keljin Blevins,26,31,1,11.3,1.1,3.6,.306,0.7,2.3,.292,0.4,1.3,.333,.401,0.2,0.4,.545,0.5,0.9,1.5,0.6,0.4,0.0,0.5,0.9,3.1
589,Jarron Cumberland,24,3,0,4.0,0.3,0.7,.500,0.0,0.3,.000,0.3,0.3,1.000,.500,0.0,0.0,,0.3,0.7,1.0,0.3,0.0,0.0,0.0,0.7,0.7
590,De'Aaron Fox,24,59,59,35.3,8.7,18.5,.473,1.3,4.2,.297,7.5,14.3,.524,.506,4.4,5.9,.750,0.4,3.5,3.9,5.6,1.2,0.4,2.8,2.9,23.2
591,Tyrese Haliburton,21,51,51,34.5,5.3,11.5,.457,2.0,4.9,.413,3.2,6.5,.491,.546,1.7,2.0,.837,0.8,3.1,3.9,7.4,1.7,0.7,2.3,1.4,14.3
592,Harrison Barnes,29,77,77,33.6,5.1,10.8,.469,1.8,4.7,.394,3.2,6.2,.525,.554,4.4,5.4,.826,1.1,4.5,5.6,2.4,0.7,0.2,1.5,1.2,16.4
593,Domantas Sabonis,25,15,15,33.6,7.5,13.5,.554,0.3,1.1,.235,7.2,12.3,.584,.564,3.7,4.9,.743,3.1,9.3,12.3,5.8,0.9,0.3,3.5,3.8,18.9
594,Buddy Hield,29,55,6,28.6,4.8,12.6,.382,3.3,9.0,.368,1.5,3.6,.419,.514,1.5,1.7,.870,0.8,3.2,4.0,1.9,0.9,0.3,1.6,2.1,14.4
595,Davion Mitchell,23,75,19,27.7,4.7,11.2,.418,1.3,4.3,.316,3.3,7.0,.480,.477,0.7,1.1,.659,0.4,1.8,2.2,4.2,0.7,0.3,1.5,1.9,11.5
596,Donte DiVincenzo,25,25,1,26.6,3.2,8.7,.362,2.1,5.8,.368,1.0,3.0,.351,.484,1.9,2.2,.839,0.9,3.5,4.4,3.6,1.5,0.2,1.8,1.7,10.3
597,Justin Holiday,32,25,25,25.6,2.8,8.2,.348,2.0,5.8,.342,0.8,2.3,.362,.471,0.6,0.8,.762,0.4,1.8,2.2,1.5,0.8,0.6,0.8,2.0,8.3
598,Richaun Holmes,28,45,37,23.9,4.4,6.7,.660,0.0,0.1,.400,4.4,6.6,.664,.663,1.6,2.0,.778,2.1,5.0,7.0,1.1,0.4,0.9,1.2,2.8,10.4
599,Trey Lyles,26,24,20,22.8,3.6,7.4,.489,1.0,2.6,.365,2.7,4.8,.557,.553,2.4,2.8,.851,1.2,4.4,5.6,1.3,0.3,0.3,0.8,1.3,10.6
600,Marvin Bagley III,22,30,17,21.9,3.8,8.2,.463,0.5,2.1,.242,3.3,6.1,.538,.494,1.2,1.6,.745,2.2,4.9,7.2,0.6,0.3,0.4,0.7,1.7,9.3
601,Chimezie Metu,24,60,20,21.3,3.4,7.5,.452,1.0,3.1,.306,2.4,4.4,.555,.516,1.2,1.5,.780,0.6,5.0,5.6,1.0,0.9,0.5,1.0,1.6,8.9
602,Jeremy Lamb,29,17,0,18.9,2.8,7.0,.403,0.9,3.1,.302,1.9,3.9,.485,.471,1.3,1.5,.846,0.6,2.9,3.5,1.8,0.5,0.5,0.8,0.9,7.9
603,Maurice Harkless,28,47,24,18.4,1.8,3.9,.459,0.7,2.1,.307,1.1,1.7,.650,.544,0.4,0.6,.714,0.3,2.1,2.4,0.5,0.6,0.5,0.7,1.6,4.6
604,Damian Jones,26,56,15,18.2,3.1,4.8,.658,0.2,0.5,.345,2.9,4.2,.696,.677,1.7,2.3,.718,1.3,3.1,4.4,1.2,0.5,0.8,1.1,2.3,8.1
605,Terence Davis,24,30,11,17.9,3.8,8.9,.423,1.6,5.0,.329,2.1,3.9,.542,.515,1.2,1.5,.818,0.4,2.8,3.1,1.3,0.8,0.4,1.1,2.3,10.4
606,Alex Len,28,39,10,15.9,2.4,4.5,.534,0.2,0.5,.286,2.3,4.0,.568,.551,1.1,1.6,.651,1.3,2.8,4.1,1.2,0.3,0.6,1.1,2.6,6.0
607,Tristan Thompson,30,30,3,15.2,2.5,5.0,.503,0.0,0.0,1.000,2.5,5.0,.500,.507,1.1,2.0,.533,2.4,3.0,5.4,0.6,0.4,0.4,1.0,1.7,6.2
608,Louis King,22,10,0,10.4,1.5,4.7,.319,0.8,2.7,.296,0.7,2.0,.350,.404,0.7,1.0,.700,0.0,1.2,1.2,0.9,0.2,0.1,0.0,1.4,4.5
609,Josh Jackson,24,12,0,10.3,1.4,4.1,.347,0.3,1.4,.176,1.2,2.7,.438,.378,1.3,1.8,.714,0.3,1.2,1.5,0.4,0.4,0.3,0.8,1.4,4.3
610,Neemias Queta,22,15,0,8.0,1.1,2.5,.447,0.0,0.0,,1.1,2.5,.447,.447,0.7,1.1,.647,0.9,1.1,2.1,0.4,0.1,0.5,0.4,1.2,3.0
611,Jahmi'us Ramsey,20,19,0,7.1,1.3,3.1,.414,0.3,0.9,.278,1.0,2.1,.475,.457,0.4,0.7,.500,0.2,0.5,0.7,0.4,0.1,0.1,0.3,0.5,3.2
612,Emmanuel Mudiay,25,2,0,5.5,0.0,1.0,.000,0.0,0.0,,0.0,1.0,.000,.000,1.5,2.0,.750,0.0,0.0,0.0,2.0,0.5,0.0,0.5,0.5,1.5
613,Justin Robinson,24,3,0,5.0,0.3,2.7,.125,0.0,1.0,.000,0.3,1.7,.200,.125,0.0,0.0,,0.0,0.3,0.3,0.7,0.0,0.0,0.3,0.7,0.7
614,Robert Woodard II,22,12,0,3.5,0.2,1.3,.125,0.1,0.3,.250,0.1,1.0,.083,.156,0.2,0.2,1.000,0.4,0.5,0.9,0.3,0.1,0.1,0.1,0.3,0.6
615,Ade Murkey,24,1,0,1.0,0.0,0.0,,0.0,0.0,,0.0,0.0,,,0.0,0.0,,0.0,0.0,0.0,0.0,0.0,0.0,0.0,0.0,0.0
616,Dejounte Murray,25,68,68,34.8,8.4,18.3,.462,1.4,4.3,.327,7.0,13.9,.504,.500,2.9,3.6,.794,1.2,7.1,8.3,9.2,2.0,0.3,2.6,2.0,21.1
617,Keldon Johnson,22,75,74,31.9,6.3,13.5,.466,2.1,5.3,.398,4.2,8.2,.510,.545,2.4,3.1,.756,1.1,5.0,6.1,2.1,0.8,0.2,1.2,2.0,17.0
618,Derrick White,27,49,48,30.3,5.0,11.6,.426,1.7,5.3,.314,3.3,6.4,.519,.497,2.8,3.3,.869,0.5,3.0,3.5,5.6,1.0,0.9,1.8,2.4,14.4
619,Jakob Poeltl,26,68,67,29.0,6.0,9.8,.618,0.0,0.0,1.000,6.0,9.7,.618,.619,1.4,2.8,.495,3.9,5.5,9.3,2.8,0.7,1.7,1.6,3.1,13.5
620,Devin Vassell,21,71,32,27.3,4.6,10.8,.427,1.9,5.4,.361,2.7,5.4,.492,.516,1.2,1.4,.838,0.6,3.7,4.3,1.9,1.1,0.6,0.8,2.0,12.3
621,Josh Richardson,28,21,7,24.4,3.9,9.1,.429,1.9,4.3,.444,2.0,4.8,.416,.534,1.7,1.8,.946,0.8,2.1,2.9,2.3,1.0,0.3,1.3,1.6,11.4
622,Doug McDermott,30,51,51,24.0,4.2,9.1,.462,2.1,5.0,.422,2.1,4.1,.512,.578,0.8,1.0,.784,0.4,1.9,2.3,1.3,0.3,0.1,0.8,1.5,11.3
623,Lonnie Walker IV,23,70,6,23.0,4.4,10.9,.407,1.6,5.0,.314,2.9,5.9,.487,.480,1.7,2.1,.784,0.3,2.3,2.6,2.2,0.6,0.3,1.0,1.4,12.1
624,Joshua Primo,19,50,16,19.3,2.0,5.4,.374,0.8,2.7,.307,1.2,2.7,.444,.452,0.9,1.2,.746,0.6,1.6,2.3,1.6,0.4,0.5,1.1,1.6,5.8
625,Zach Collins,24,28,4,17.9,2.7,5.5,.490,0.5,1.5,.341,2.2,4.1,.544,.535,1.9,2.3,.800,1.6,3.8,5.5,2.2,0.5,0.8,1.6,2.4,7.8
626,Tyler Johnson,29,3,0,17.7,0.7,3.3,.200,0.7,2.0,.333,0.0,1.3,.000,.300,0.0,0.0,,0.7,1.3,2.0,1.7,0.7,0.7,0.3,1.0,2.0
627,Bryn Forbes,28,40,1,16.9,3.2,7.4,.432,1.6,3.8,.417,1.6,3.6,.448,.539,1.1,1.2,.898,0.1,1.5,1.6,1.0,0.4,0.1,0.8,1.1,9.1
628,Tre Jones,22,69,11,16.6,2.4,4.9,.490,0.1,0.7,.196,2.3,4.2,.542,.504,1.0,1.3,.780,0.4,1.8,2.2,3.4,0.6,0.1,0.7,1.1,6.0
629,Keita Bates-Diop,26,59,14,16.2,2.3,4.5,.517,0.3,0.9,.309,2.0,3.5,.572,.549,0.8,1.0,.754,1.1,2.9,3.9,0.7,0.5,0.2,0.8,1.0,5.7
630,Thaddeus Young,33,26,1,14.2,2.8,4.9,.578,0.0,0.2,.000,2.8,4.7,.602,.578,0.4,0.8,.455,1.5,2.0,3.6,2.3,0.9,0.3,1.2,1.5,6.1
631,Drew Eubanks,24,49,9,12.1,1.7,3.2,.528,0.0,0.2,.125,1.7,3.1,.550,.531,1.2,1.6,.747,1.3,2.7,4.0,1.0,0.3,0.6,0.9,1.2,4.7
632,Jock Landale,26,54,1,10.9,1.9,3.8,.495,0.5,1.6,.326,1.3,2.1,.626,.566,0.6,0.8,.829,1.2,1.4,2.6,0.8,0.2,0.3,0.6,1.0,4.9
633,Romeo Langford,22,4,0,10.8,1.0,1.8,.571,0.0,0.5,.000,1.0,1.3,.800,.571,0.8,2.0,.375,0.0,1.0,1.0,0.5,0.3,0.0,0.0,0.3,2.8
634,Juancho Hernangómez,26,5,0,10.2,0.4,1.2,.333,0.0,0.6,.000,0.4,0.6,.667,.333,0.6,0.8,.750,0.8,2.2,3.0,0.6,0.2,0.2,0.4,0.0,1.4
635,Tomáš Satoranský,30,1,0,9.0,0.0,0.0,,0.0,0.0,,0.0,0.0,,,3.0,4.0,.750,0.0,1.0,1.0,0.0,0.0,0.0,0.0,0.0,3.0
636,Devontae Cacok,25,15,0,8.1,1.4,2.1,.677,0.0,0.0,,1.4,2.1,.677,.677,0.3,0.5,.571,0.5,2.3,2.8,0.4,0.5,0.5,0.2,1.1,3.1
637,Joe Wieskamp,22,29,0,7.1,0.7,1.9,.357,0.5,1.5,.326,0.2,0.4,.462,.482,0.2,0.4,.538,0.1,0.3,0.5,0.3,0.1,0.1,0.1,0.5,2.1
638,Jaylen Morris,26,3,0,5.3,0.0,2.0,.000,0.0,0.7,.000,0.0,1.3,.000,.000,0.7,1.3,.500,0.0,0.7,0.7,0.7,0.0,0.0,0.3,0.7,0.7
639,Anthony Lamb,24,2,0,4.0,0.0,1.0,.000,0.0,1.0,.000,0.0,0.0,,.000,0.0,0.0,,0.0,0.5,0.5,1.0,0.0,0.0,0.0,0.0,0.0
640,Fred VanVleet,27,65,65,37.9,6.8,16.9,.403,3.7,9.9,.377,3.1,7.0,.440,.513,3.0,3.4,.874,0.7,3.8,4.4,6.7,1.7,0.5,2.6,2.5,20.3
641,Pascal Siakam,27,68,68,37.9,8.8,17.8,.494,1.1,3.2,.344,7.7,14.5,.527,.525,4.2,5.6,.749,1.9,6.6,8.5,5.3,1.3,0.6,2.7,3.3,22.8
642,OG Anunoby,24,48,48,36.0,6.4,14.5,.443,2.4,6.6,.363,4.0,7.9,.511,.526,1.9,2.5,.754,1.5,4.0,5.5,2.6,1.5,0.5,1.7,2.7,17.1
643,Scottie Barnes,20,74,74,35.4,6.2,12.6,.492,0.8,2.6,.301,5.4,10.0,.543,.524,2.1,2.9,.735,2.6,4.9,7.5,3.5,1.1,0.7,1.8,2.6,15.3
644,Gary Trent Jr.,23,70,69,35.0,6.4,15.5,.414,3.0,7.8,.383,3.4,7.7,.445,.511,2.5,2.9,.853,0.4,2.4,2.7,2.0,1.7,0.3,1.0,2.1,18.3
645,Juwan Morgan,24,1,0,27.0,2.0,3.0,.667,1.0,2.0,.500,1.0,1.0,1.000,.833,0.0,0.0,,2.0,2.0,4.0,1.0,0.0,0.0,0.0,3.0,5.0
646,Precious Achiuwa,22,73,28,23.6,3.6,8.3,.439,0.8,2.1,.359,2.9,6.1,.468,.486,1.1,1.8,.595,2.0,4.5,6.5,1.1,0.5,0.6,1.2,2.1,9.1
647,Chris Boucher,29,80,9,21.1,3.4,7.2,.464,0.9,2.9,.297,2.5,4.4,.575,.523,1.9,2.4,.777,2.2,3.9,6.2,0.3,0.6,0.9,0.5,2.2,9.4
648,Tremont Waters,24,2,0,21.0,1.5,6.0,.250,1.0,4.5,.222,0.5,1.5,.333,.333,0.0,0.0,,0.0,2.0,2.0,3.5,2.0,0.0,2.0,1.0,4.0
649,Thaddeus Young,33,26,0,18.3,2.6,5.5,.465,0.7,1.7,.395,1.9,3.9,.495,.524,0.5,1.0,.481,1.5,2.9,4.4,1.7,1.2,0.4,0.8,1.7,6.3
650,Goran Dragić,35,5,2,18.0,2.6,6.8,.382,0.8,2.8,.286,1.8,4.0,.450,.441,2.0,2.0,1.000,0.4,2.4,2.8,1.8,1.0,0.2,0.2,1.6,8.0
651,Khem Birch,29,55,28,18.0,1.8,3.6,.485,0.0,0.3,.000,1.8,3.4,.522,.485,1.0,1.3,.746,2.2,2.1,4.3,1.0,0.5,0.5,0.5,1.9,4.5
652,D.J. Wilson,25,4,1,13.5,2.8,3.8,.733,0.0,0.5,.000,2.8,3.3,.846,.733,2.0,2.5,.800,0.3,3.8,4.0,1.3,1.3,0.3,0.5,1.5,7.5
653,Svi Mykhailiuk,24,56,5,12.8,1.6,4.2,.389,0.7,2.4,.306,0.9,1.8,.500,.476,0.6,0.7,.865,0.4,1.3,1.6,0.8,0.5,0.1,0.6,1.0,4.6
654,Malachi Flynn,23,44,5,12.2,1.6,4.2,.393,0.7,2.0,.333,1.0,2.1,.452,.475,0.3,0.5,.625,0.2,1.2,1.4,1.6,0.5,0.1,0.3,1.0,4.3
655,Armoni Brooks,23,13,3,11.8,0.8,2.9,.289,0.8,2.8,.278,0.1,0.2,.500,.421,0.2,0.2,1.000,0.6,1.1,1.7,1.0,0.5,0.2,0.3,1.1,2.6
656,Yuta Watanabe,27,38,4,11.7,1.5,3.6,.406,0.7,2.1,.342,0.8,1.6,.492,.504,0.6,1.1,.600,0.5,1.9,2.4,0.6,0.3,0.4,0.5,1.0,4.3
657,Dalano Banton,22,64,1,10.9,1.3,3.2,.411,0.2,0.8,.255,1.1,2.4,.464,.443,0.4,0.7,.591,0.6,1.3,1.9,1.5,0.4,0.2,0.8,1.1,3.2
658,Daniel Oturu,22,3,0,9.0,1.0,2.0,.500,0.0,0.3,.000,1.0,1.7,.600,.500,1.0,1.7,.600,0.3,1.3,1.7,0.0,0.0,0.7,0.0,0.3,3.0
659,Justin Champagnie,20,36,0,7.8,0.9,1.9,.463,0.3,0.8,.357,0.6,1.1,.538,.537,0.3,0.3,1.000,1.0,1.0,2.0,0.3,0.2,0.1,0.2,0.9,2.3
660,Isaac Bonga,22,15,0,4.6,0.2,0.9,.231,0.1,0.3,.250,0.1,0.6,.222,.269,0.3,0.5,.625,0.3,0.2,0.5,0.3,0.5,0.1,0.1,0.7,0.8
661,David Johnson,20,2,0,1.0,0.0,0.5,.000,0.0,0.5,.000,0.0,0.0,,.000,0.0,0.0,,0.0,0.0,0.0,0.0,0.0,0.0,0.0,0.0,0.0
662,Sam Dekker,27,1,0,1.0,0.0,0.0,,0.0,0.0,,0.0,0.0,,,0.0,0.0,,0.0,0.0,0.0,0.0,0.0,0.0,0.0,0.0,0.0
663,Donovan Mitchell,25,67,67,33.8,9.2,20.5,.448,3.5,9.8,.355,5.7,10.8,.533,.533,4.0,4.7,.853,0.8,3.4,4.2,5.3,1.5,0.2,3.0,2.4,25.9
664,Rudy Gobert,29,66,66,32.1,5.5,7.7,.713,0.0,0.1,.000,5.5,7.6,.718,.713,4.6,6.7,.690,3.7,11.0,14.7,1.1,0.7,2.1,1.8,2.7,15.6
665,Royce O'Neale,28,77,77,31.2,2.6,5.8,.457,1.5,4.0,.389,1.1,1.8,.609,.591,0.6,0.7,.804,0.8,3.9,4.8,2.5,1.1,0.4,1.0,2.4,7.4
666,Bojan Bogdanović,32,69,69,30.9,6.1,13.4,.455,2.6,6.8,.387,3.5,6.7,.524,.552,3.2,3.8,.858,0.8,3.4,4.3,1.7,0.5,0.0,1.7,1.7,18.1
667,Mike Conley,34,72,72,28.6,4.8,11.0,.435,2.3,5.8,.408,2.4,5.2,.464,.542,1.8,2.3,.796,0.7,2.4,3.0,5.3,1.3,0.3,1.7,2.0,13.7
668,Jordan Clarkson,29,79,1,27.1,5.9,14.1,.419,2.4,7.6,.318,3.5,6.5,.535,.504,1.8,2.2,.828,0.8,2.6,3.5,2.5,0.8,0.2,1.6,1.9,16.0
669,Joe Ingles,34,45,15,24.9,2.6,6.3,.404,1.7,5.0,.347,0.8,1.3,.617,.540,0.4,0.5,.773,0.3,2.6,2.9,3.5,0.5,0.1,1.0,1.8,7.2
670,Danuel House Jr.,28,25,6,19.6,2.2,4.9,.447,1.4,3.3,.415,0.8,1.6,.512,.585,1.1,1.6,.692,0.6,2.2,2.7,1.0,0.6,0.5,0.6,1.4,6.8
671,Rudy Gay,35,55,1,18.9,2.9,6.9,.414,1.3,3.7,.345,1.6,3.2,.494,.507,1.1,1.4,.785,1.0,3.4,4.4,1.0,0.5,0.3,0.9,1.7,8.1
672,Hassan Whiteside,32,65,8,17.9,3.3,5.1,.652,0.0,0.0,,3.3,5.1,.652,.652,1.6,2.6,.623,2.6,5.0,7.6,0.4,0.3,1.6,0.8,2.8,8.2
673,Juancho Hernangómez,26,17,9,17.5,2.2,4.3,.507,1.2,2.8,.438,0.9,1.5,.640,.651,0.6,1.2,.476,0.9,2.6,3.5,0.8,0.5,0.4,0.5,1.1,6.2
674,Trent Forrest,23,60,6,12.8,1.3,2.6,.490,0.1,0.5,.185,1.2,2.1,.555,.506,0.6,0.8,.792,0.4,1.3,1.7,1.8,0.5,0.1,0.8,0.7,3.3
675,Eric Paschall,25,58,3,12.7,2.0,4.1,.485,0.7,1.9,.370,1.3,2.2,.583,.570,1.1,1.5,.767,0.5,1.3,1.8,0.6,0.2,0.1,0.5,0.9,5.8
676,Udoka Azubuike,22,17,6,11.5,2.2,2.9,.755,0.0,0.0,,2.2,2.9,.755,.755,0.4,0.6,.545,1.1,3.1,4.2,0.0,0.1,0.6,0.7,1.5,4.7
677,Nickeil Alexander-Walker,23,15,2,9.9,1.1,3.2,.333,0.7,2.2,.303,0.4,1.0,.400,.438,0.7,0.8,.917,0.1,1.5,1.5,1.1,0.3,0.3,0.5,1.0,3.5
678,Denzel Valentine,28,2,0,9.0,1.0,2.0,.500,0.5,1.5,.333,0.5,0.5,1.000,.625,0.0,0.0,,0.0,2.0,2.0,0.0,0.5,0.0,1.0,1.5,2.5
679,Greg Monroe,31,3,0,8.7,1.3,1.7,.800,0.0,0.0,,1.3,1.7,.800,.800,1.3,2.3,.571,2.0,1.0,3.0,1.0,0.0,0.3,0.0,2.0,4.0
680,Jared Butler,21,42,1,8.6,1.5,3.6,.404,0.7,2.1,.318,0.8,1.5,.524,.497,0.3,0.4,.688,0.1,1.0,1.1,1.5,0.4,0.2,0.8,1.1,3.8
681,Elijah Hughes,23,14,1,8.0,1.1,2.6,.417,0.7,2.0,.357,0.4,0.6,.625,.556,0.2,0.2,1.000,0.1,1.1,1.2,0.4,0.3,0.1,0.5,0.5,3.1
682,Norvel Pelle,28,3,0,6.3,1.0,1.7,.600,0.0,0.0,,1.0,1.7,.600,.600,0.0,0.0,,1.0,1.0,2.0,0.0,0.0,0.3,0.7,0.3,2.0
683,Malik Fitts,24,7,0,5.0,0.3,1.3,.222,0.3,0.6,.500,0.0,0.7,.000,.333,0.0,0.0,,0.0,1.4,1.4,0.0,0.0,0.0,0.3,0.4,0.9
684,Zylan Cheatham,26,1,0,5.0,0.0,3.0,.000,0.0,2.0,.000,0.0,1.0,.000,.000,0.0,0.0,,0.0,0.0,0.0,0.0,0.0,0.0,0.0,0.0,0.0
685,Xavier Sneed,24,7,0,4.4,0.3,1.1,.250,0.1,0.9,.167,0.1,0.3,.500,.313,0.0,0.0,,0.1,0.4,0.6,0.1,0.0,0.0,0.0,0.0,0.7
686,Miye Oni,24,16,0,2.8,0.1,0.6,.222,0.1,0.5,.125,0.1,0.1,1.000,.278,0.0,0.1,.000,0.1,0.4,0.4,0.3,0.0,0.0,0.1,0.4,0.3
687,Bradley Beal,28,40,40,36.0,8.7,19.3,.451,1.6,5.3,.300,7.1,14.0,.508,.492,4.2,5.1,.833,1.0,3.8,4.7,6.6,0.9,0.4,3.4,2.4,23.2
688,Kyle Kuzma,26,66,66,33.4,6.4,14.2,.452,1.9,5.7,.341,4.5,8.5,.526,.520,2.4,3.3,.712,1.1,7.4,8.5,3.5,0.6,0.9,2.6,1.9,17.1
689,Kentavious Caldwell-Pope,28,77,77,30.2,4.7,10.8,.435,2.1,5.3,.390,2.6,5.5,.480,.531,1.8,2.0,.890,0.5,2.9,3.4,1.9,1.1,0.3,1.3,1.8,13.2
690,Spencer Dinwiddie,28,44,44,30.2,4.2,11.2,.376,1.6,5.1,.310,2.6,6.0,.432,.447,2.6,3.3,.811,0.8,3.9,4.7,5.8,0.6,0.2,1.7,2.4,12.6
691,Kristaps Porziņģis,26,17,17,28.2,7.2,15.2,.475,1.7,4.6,.367,5.5,10.6,.522,.531,5.9,6.8,.871,2.2,6.6,8.8,2.9,0.7,1.5,1.6,2.9,22.1
692,Brad Wanamaker,32,1,1,27.0,2.0,5.0,.400,0.0,0.0,,2.0,5.0,.400,.400,3.0,3.0,1.000,0.0,4.0,4.0,7.0,2.0,0.0,0.0,3.0,7.0
693,Montrezl Harrell,28,46,3,24.3,5.4,8.3,.645,0.1,0.3,.267,5.3,8.0,.660,.650,3.2,4.5,.727,2.1,4.6,6.7,2.1,0.4,0.7,1.1,1.9,14.1
694,Deni Avdija,21,82,8,24.2,3.0,7.1,.432,1.0,3.2,.317,2.0,3.9,.525,.503,1.3,1.7,.757,0.6,4.5,5.2,2.0,0.7,0.5,1.1,2.3,8.4
695,Corey Kispert,22,77,36,23.4,3.0,6.7,.455,1.5,4.2,.350,1.6,2.5,.629,.564,0.7,0.8,.871,0.7,2.0,2.7,1.1,0.5,0.3,0.6,1.2,8.2
696,Rui Hachimura,23,42,13,22.5,4.5,9.1,.491,1.3,2.9,.447,3.1,6.1,.512,.563,1.1,1.6,.697,0.6,3.2,3.8,1.1,0.5,0.2,0.8,1.3,11.3
697,Ish Smith,33,28,0,22.0,4.0,8.8,.457,0.5,1.5,.357,3.5,7.3,.478,.488,0.1,0.2,.600,0.5,2.5,3.0,5.2,1.0,0.5,1.5,1.6,8.6
698,Daniel Gafford,23,72,53,20.1,4.0,5.7,.693,0.0,0.0,.000,4.0,5.7,.695,.693,1.5,2.1,.699,2.2,3.5,5.7,0.9,0.4,1.4,0.9,2.4,9.4
699,Raul Neto,29,70,19,19.6,2.9,6.3,.463,0.5,1.7,.292,2.4,4.6,.526,.502,1.2,1.5,.769,0.2,1.7,1.9,3.1,0.8,0.0,1.1,1.5,7.5
700,Tomáš Satoranský,30,22,10,18.9,1.8,3.8,.476,0.3,1.0,.273,1.5,2.8,.548,.512,1.0,1.1,.840,0.4,2.4,2.8,4.9,0.7,0.2,1.0,1.7,4.9
701,Thomas Bryant,24,27,9,16.3,2.9,5.5,.520,0.4,1.6,.286,2.4,3.9,.613,.561,1.3,1.5,.875,1.0,3.0,4.0,0.9,0.2,0.8,0.7,1.6,7.4
702,Aaron Holiday,25,41,14,16.2,2.4,5.2,.467,0.6,1.6,.343,1.9,3.6,.524,.521,0.7,0.9,.800,0.2,1.4,1.6,1.9,0.6,0.2,1.0,1.5,6.1
703,Dāvis Bertāns,29,34,0,14.7,1.8,5.0,.351,1.4,4.2,.319,0.4,0.8,.519,.485,0.8,0.9,.933,0.2,1.6,1.8,0.5,0.3,0.2,0.4,1.6,5.7
704,Anthony Gill,29,44,0,10.5,1.4,2.5,.569,0.3,0.6,.538,1.1,1.9,.578,.633,1.0,1.2,.808,0.8,1.2,1.9,0.6,0.1,0.3,0.4,1.3,4.1
705,Greg Monroe,31,2,0,9.0,2.0,4.0,.500,0.0,0.0,,2.0,4.0,.500,.500,0.0,0.0,,3.5,1.5,5.0,0.5,0.5,0.5,1.0,1.0,4.0
706,Vernon Carey Jr.,20,3,0,9.0,1.3,2.3,.571,0.0,0.0,,1.3,2.3,.571,.571,1.3,3.3,.400,1.7,0.7,2.3,0.0,0.3,0.3,0.7,1.0,4.0
707,Tremont Waters,24,1,0,8.0,1.0,2.0,.500,0.0,0.0,,1.0,2.0,.500,.500,0.0,0.0,,0.0,0.0,0.0,0.0,1.0,0.0,0.0,2.0,2.0
708,Jordan Schakel,23,4,0,7.5,0.3,2.8,.091,0.3,1.5,.167,0.0,1.3,.000,.136,0.5,0.5,1.000,0.5,1.5,2.0,0.0,0.3,0.0,0.3,0.0,1.3
709,Craig Sword,28,3,0,6.3,1.0,1.3,.750,0.0,0.3,.000,1.0,1.0,1.000,.750,0.0,0.0,,0.0,0.0,0.0,0.3,1.3,0.0,0.3,2.3,2.0
710,Isaiah Todd,20,12,0,6.2,0.6,2.2,.269,0.3,1.3,.250,0.3,0.8,.300,.346,0.2,0.5,.333,0.3,0.8,1.0,0.3,0.3,0.2,0.3,0.3,1.7
711,Alize Johnson,25,3,0,6.0,0.7,2.0,.333,0.0,0.7,.000,0.7,1.3,.500,.333,0.0,0.3,.000,1.7,2.3,4.0,0.0,0.0,0.0,1.0,0.0,1.3
712,Cassius Winston,23,7,0,5.6,0.6,1.6,.364,0.3,0.9,.333,0.3,0.7,.400,.455,0.6,0.6,1.000,0.0,0.1,0.1,1.0,0.0,0.0,0.4,1.3,2.0
713,Jordan Goodwin,23,2,0,3.0,0.0,1.5,.000,0.0,0.5,.000,0.0,1.0,.000,.000,0.0,0.0,,0.0,0.5,0.5,0.0,0.0,0.0,0.0,0.5,0.0
714,Jaime Echenique,24,1,0,3.0,0.0,0.0,,0.0,0.0,,0.0,0.0,,,0.0,0.0,,0.0,0.0,0.0,0.0,0.0,0.0,0.0,0.0,0.0
715,Joel Ayayi,21,7,0,2.9,0.1,0.9,.167,0.0,0.1,.000,0.1,0.7,.200,.167,0.0,0.0,,0.1,0.3,0.4,0.6,0.0,0.0,0.0,0.0,0.3
