"","X","Player","Age","G","GS","MP","FG","FGA","FG.","X3P","X3PA","X3P.","X2P","X2PA","X2P.","eFG.","FT","FTA","FT.","ORB","DRB","TRB","AST","STL","BLK","TOV","PF","PTS","Tm","fix"
"1",1,"Trae Young",23,76,76,2652,711,1544,0.46,233,610,0.382,478,934,0.512,0.536,500,553,0.904,50,234,284,737,72,7,303,128,2155,"ATL","traeyoung"
"2",2,"Kevin Huerter",23,74,60,2188,345,760,0.454,160,411,0.389,185,349,0.53,0.559,42,52,0.808,32,222,254,203,55,26,91,185,892,"ATL","kevinhuerter"
"3",3,"Clint Capela",27,74,73,2042,370,604,0.613,0,1,0,370,603,0.614,0.613,80,169,0.473,279,598,877,92,55,93,44,166,820,"ATL","clintcapela"
"4",4,"Bogdan Bogdanović",29,63,27,1848,342,794,0.431,169,459,0.368,173,335,0.516,0.537,97,115,0.843,29,221,250,194,68,14,70,132,950,"ATL","bogdanbogdanovi"
"5",5,"Danilo Gallinari",33,66,18,1672,259,597,0.434,112,294,0.381,147,303,0.485,0.528,141,156,0.904,35,273,308,101,28,12,38,93,771,"ATL","danilogallinari"
"6",6,"John Collins",24,54,53,1663,339,644,0.526,64,176,0.364,275,468,0.588,0.576,134,169,0.793,93,329,422,98,33,56,60,164,876,"ATL","johncollins"
"7",7,"De'Andre Hunter",24,53,52,1577,254,575,0.442,74,195,0.379,180,380,0.474,0.506,127,166,0.765,26,150,176,68,36,21,69,155,709,"ATL","deandrehunter"
"8",8,"Delon Wright",29,77,8,1452,122,269,0.454,44,116,0.379,78,153,0.51,0.535,54,63,0.857,50,170,220,188,93,19,45,56,342,"ATL","delonwright"
"9",9,"Onyeka Okongwu",21,48,6,992,156,226,0.69,0,0,NA,156,226,0.69,0.69,80,110,0.727,115,168,283,53,31,60,44,149,392,"ATL","onyekaokongwu"
"10",10,"Lou Williams",35,56,0,799,125,320,0.391,37,102,0.363,88,218,0.404,0.448,67,78,0.859,16,71,87,105,28,3,43,48,354,"ATL","louwilliams"
"11",12,"Timothé Luwawu-Cabarrot",26,52,18,685,74,186,0.398,44,122,0.361,30,64,0.469,0.516,35,41,0.854,17,65,82,40,18,6,20,76,227,"ATL","timothluwawucabarrot"
"12",13,"Gorgui Dieng",32,44,3,371,53,112,0.473,29,68,0.426,24,44,0.545,0.603,19,26,0.731,32,89,121,34,11,13,20,52,154,"ATL","gorguidieng"
"13",14,"Skylar Mays",24,28,5,220,32,64,0.5,8,25,0.32,24,39,0.615,0.563,8,9,0.889,5,20,25,17,7,0,10,9,80,"ATL","skylarmays"
"14",15,"Solomon Hill",30,13,1,139,3,20,0.15,2,13,0.154,1,7,0.143,0.2,0,0,NA,6,17,23,12,4,2,1,16,8,"ATL","solomonhill"
"15",16,"Jalen Johnson",20,22,0,120,22,41,0.537,3,13,0.231,19,28,0.679,0.573,5,7,0.714,2,24,26,3,3,2,9,9,52,"ATL","jalenjohnson"
"16",19,"Wes Iwundu",27,3,1,82,8,18,0.444,3,5,0.6,5,13,0.385,0.528,3,4,0.75,3,10,13,0,1,0,1,8,22,"ATL","wesiwundu"
"17",22,"Cameron Oliver",25,2,0,43,10,15,0.667,1,3,0.333,9,12,0.75,0.7,2,3,0.667,2,4,6,3,1,1,0,5,23,"ATL","cameronoliver"
"18",23,"Sharife Cooper",20,13,0,39,3,14,0.214,1,6,0.167,2,8,0.25,0.25,0,0,NA,0,5,5,5,0,0,5,1,7,"ATL","sharifecooper"
"19",24,"Cat Barber",27,3,0,13,0,4,0,0,0,NA,0,4,0,0,0,4,0,1,2,3,3,0,0,1,1,0,"ATL","catbarber"
"20",25,"Jayson Tatum",23,76,76,2731,708,1564,0.453,230,651,0.353,478,913,0.524,0.526,400,469,0.853,85,524,609,334,75,49,217,174,2046,"BOS","jaysontatum"
"21",26,"Marcus Smart",27,71,71,2296,300,718,0.418,119,360,0.331,181,358,0.506,0.501,142,179,0.793,42,228,270,417,119,18,159,160,861,"BOS","marcussmart"
"22",27,"Jaylen Brown",25,66,66,2220,576,1217,0.473,166,464,0.358,410,753,0.544,0.541,241,318,0.758,53,351,404,231,70,18,178,163,1559,"BOS","jaylenbrown"
"23",28,"Al Horford",35,69,69,2005,266,569,0.467,89,265,0.336,177,304,0.582,0.546,80,95,0.842,108,422,530,232,49,92,65,130,701,"BOS","alhorford"
"24",29,"Grant Williams",23,77,21,1875,205,432,0.475,106,258,0.411,99,174,0.569,0.597,86,95,0.905,64,210,274,78,38,57,62,186,602,"BOS","grantwilliams"
"25",30,"Robert Williams",24,61,61,1804,271,368,0.736,0,1,0,271,367,0.738,0.736,65,90,0.722,238,350,588,121,56,134,63,137,607,"BOS","robertwilliams"
"26",33,"Payton Pritchard",24,71,2,1001,160,373,0.429,101,245,0.412,59,128,0.461,0.564,21,21,1,32,102,134,139,25,6,41,61,442,"BOS","paytonpritchard"
"27",36,"Aaron Nesmith",22,52,3,574,72,182,0.396,31,115,0.27,41,67,0.612,0.481,21,26,0.808,15,74,89,22,20,5,31,70,196,"BOS","aaronnesmith"
"28",37,"Enes Freedom",29,35,1,411,51,97,0.526,2,5,0.4,49,92,0.533,0.536,24,28,0.857,61,99,160,8,5,14,20,42,128,"BOS","enesfreedom"
"29",39,"Sam Hauser",24,26,0,158,23,50,0.46,19,44,0.432,4,6,0.667,0.65,0,0,NA,5,24,29,10,1,2,2,7,65,"BOS","samhauser"
"30",40,"Jabari Parker",26,12,0,112,18,38,0.474,8,16,0.5,10,22,0.455,0.579,9,9,1,5,23,28,6,4,1,8,13,53,"BOS","jabariparker"
"31",43,"Brodric Thomas",25,12,0,60,8,18,0.444,2,9,0.222,6,9,0.667,0.5,3,5,0.6,2,8,10,11,1,1,6,7,21,"BOS","brodricthomas"
"32",48,"Matt Ryan",24,1,0,5,1,5,0.2,1,5,0.2,0,0,NA,0.3,0,0,NA,0,0,0,0,1,0,0,0,3,"BOS","mattryan"
"33",50,"C.J. Miles",34,1,0,2,0,0,NA,0,0,NA,0,0,NA,NA,0,0,NA,0,0,0,0,0,0,0,1,0,"BOS","cjmiles"
"34",51,"Joe Johnson",40,1,0,2,1,1,1,0,0,NA,1,1,1,1,0,0,NA,0,0,0,0,0,0,0,0,2,"BOS","joejohnson"
"35",53,"Patty Mills",33,81,48,2346,324,794,0.408,227,568,0.4,97,226,0.429,0.551,48,59,0.814,18,138,156,183,51,17,73,112,923,"BRK","pattymills"
"36",54,"Kevin Durant",33,55,55,2047,578,1115,0.518,115,300,0.383,463,815,0.568,0.57,372,409,0.91,29,378,407,351,48,52,191,113,1643,"BRK","kevindurant"
"37",55,"Bruce Brown",25,72,45,1774,256,506,0.506,38,94,0.404,218,412,0.529,0.543,97,128,0.758,100,245,345,148,77,52,56,176,647,"BRK","brucebrown"
"38",57,"James Johnson",34,62,10,1191,144,307,0.469,23,85,0.271,121,222,0.545,0.507,29,55,0.527,51,164,215,130,30,34,48,162,340,"BRK","jamesjohnson"
"39",58,"Cam Thomas",20,67,2,1176,218,503,0.433,47,174,0.27,171,329,0.52,0.48,87,105,0.829,16,145,161,78,33,8,55,66,570,"BRK","camthomas"
"40",59,"Kyrie Irving",29,29,29,1091,289,616,0.469,100,239,0.418,189,377,0.501,0.55,118,129,0.915,16,111,127,167,41,17,73,81,796,"BRK","kyrieirving"
"41",60,"LaMarcus Aldridge",36,47,12,1050,252,458,0.55,14,46,0.304,238,412,0.578,0.566,89,102,0.873,73,185,258,42,14,47,44,78,607,"BRK","lamarcusaldridge"
"42",61,"Kessler Edwards",21,48,23,987,110,267,0.412,48,136,0.353,62,131,0.473,0.502,16,19,0.842,44,128,172,31,29,24,42,85,284,"BRK","kessleredwards"
"43",62,"Nic Claxton",22,47,19,974,178,264,0.674,0,0,NA,178,264,0.674,0.674,54,93,0.581,91,173,264,43,24,51,38,110,410,"BRK","nicclaxton"
"44",63,"Blake Griffin",32,56,24,958,133,313,0.425,38,145,0.262,95,168,0.565,0.486,55,76,0.724,60,168,228,105,27,14,31,95,359,"BRK","blakegriffin"
"45",68,"Joe Harris",30,14,14,423,56,124,0.452,41,88,0.466,15,36,0.417,0.617,5,6,0.833,5,51,56,14,7,2,16,31,158,"BRK","joeharris"
"46",70,"Day'Ron Sharpe",20,32,8,391,86,149,0.577,2,7,0.286,84,142,0.592,0.584,24,41,0.585,81,79,160,17,10,15,30,60,198,"BRK","dayronsharpe"
"47",71,"David Duke Jr.",22,22,7,341,39,108,0.361,9,37,0.243,30,71,0.423,0.403,17,21,0.81,30,37,67,17,14,7,9,36,104,"BRK","daviddukejr"
"48",74,"Shaquille Harrison",28,2,0,23,2,6,0.333,0,2,0,2,4,0.5,0.333,0,0,NA,1,3,4,3,1,1,2,3,4,"BRK","shaquilleharrison"
"49",77,"Miles Bridges",23,80,80,2837,596,1214,0.491,154,465,0.331,442,749,0.59,0.554,267,333,0.802,90,469,559,300,74,67,150,193,1613,"CHO","milesbridges"
"50",78,"Terry Rozier",27,73,73,2458,518,1167,0.444,222,593,0.374,296,574,0.516,0.539,150,176,0.852,56,259,315,326,93,25,96,119,1408,"CHO","terryrozier"
"51",79,"LaMelo Ball",20,75,75,2422,538,1254,0.429,220,565,0.389,318,689,0.462,0.517,212,243,0.872,108,393,501,571,119,30,245,237,1508,"CHO","lameloball"
"52",80,"Kelly Oubre Jr.",26,76,13,1999,410,932,0.44,191,553,0.345,219,379,0.578,0.542,126,189,0.667,79,223,302,84,77,31,67,189,1137,"CHO","kellyoubrejr"
"53",81,"Cody Martin",26,71,11,1866,204,423,0.482,61,159,0.384,143,264,0.542,0.554,75,107,0.701,82,203,285,179,88,32,61,116,544,"CHO","codymartin"
"54",82,"Mason Plumlee",31,73,73,1793,205,320,0.641,0,2,0,205,318,0.645,0.641,67,171,0.392,176,389,565,226,61,52,100,224,477,"CHO","masonplumlee"
"55",83,"P.J. Washington",23,65,28,1768,250,532,0.47,110,301,0.365,140,231,0.606,0.573,58,81,0.716,82,255,337,147,57,61,82,152,668,"CHO","pjwashington"
"56",84,"Gordon Hayward",31,49,48,1564,283,617,0.459,86,220,0.391,197,397,0.496,0.528,126,149,0.846,38,186,224,177,47,22,81,85,778,"CHO","gordonhayward"
"57",85,"Jalen McDaniels",24,55,2,895,123,254,0.484,41,108,0.38,82,146,0.562,0.565,53,72,0.736,37,133,170,58,26,22,36,93,340,"CHO","jalenmcdaniels"
"58",88,"Nick Richards",24,50,5,367,60,90,0.667,0,0,NA,60,90,0.667,0.667,30,43,0.698,34,52,86,13,9,21,24,51,150,"CHO","nickrichards"
"59",89,"James Bouknight",21,31,0,304,49,141,0.348,17,49,0.347,32,92,0.348,0.408,27,31,0.871,22,30,52,26,7,1,15,29,142,"CHO","jamesbouknight"
"60",90,"JT Thor",19,33,0,262,24,55,0.436,7,27,0.259,17,28,0.607,0.5,12,20,0.6,11,32,43,19,8,11,10,26,67,"CHO","jtthor"
"61",92,"Kai Jones",21,21,0,63,9,14,0.643,1,2,0.5,8,12,0.667,0.679,3,8,0.375,3,8,11,4,1,2,6,8,22,"CHO","kaijones"
"62",94,"Scottie Lewis",21,2,0,7,0,0,NA,0,0,NA,0,0,NA,NA,1,2,0.5,0,0,0,1,1,0,0,0,1,"CHO","scottielewis"
"63",95,"Arnoldas Kulboka",24,2,0,5,0,1,0,0,1,0,0,0,NA,0,0,0,NA,0,0,0,0,0,0,0,1,0,"CHO","arnoldaskulboka"
"64",96,"DeMar DeRozan",32,76,76,2743,774,1535,0.504,50,142,0.352,724,1393,0.52,0.521,520,593,0.877,56,336,392,374,68,24,181,178,2118,"CHI","demarderozan"
"65",97,"Nikola Vučević",31,73,73,2418,546,1154,0.473,104,331,0.314,442,823,0.537,0.518,92,121,0.76,142,662,804,236,70,71,136,181,1288,"CHI","nikolavuevi"
"66",98,"Zach LaVine",26,67,67,2328,565,1186,0.476,185,475,0.389,380,711,0.534,0.554,320,375,0.853,22,286,308,303,41,23,171,120,1635,"CHI","zachlavine"
"67",99,"Ayo Dosunmu",22,77,40,2110,278,535,0.52,70,186,0.376,208,349,0.596,0.585,53,78,0.679,27,187,214,256,60,29,108,182,679,"CHI","ayodosunmu"
"68",100,"Coby White",21,61,17,1675,279,644,0.433,136,353,0.385,143,291,0.491,0.539,78,91,0.857,17,165,182,176,29,11,70,137,772,"CHI","cobywhite"
"69",101,"Javonte Green",28,65,45,1519,176,325,0.542,36,101,0.356,140,224,0.625,0.597,80,96,0.833,91,185,276,60,67,32,30,132,468,"CHI","javontegreen"
"70",102,"Lonzo Ball",24,35,35,1212,162,383,0.423,110,260,0.423,52,123,0.423,0.567,21,28,0.75,35,155,190,178,64,31,82,85,455,"CHI","lonzoball"
"71",103,"Alex Caruso",27,41,18,1147,102,256,0.398,42,126,0.333,60,130,0.462,0.48,58,73,0.795,33,115,148,165,71,15,57,106,304,"CHI","alexcaruso"
"72",104,"Troy Brown Jr.",22,66,7,1055,108,258,0.419,47,133,0.353,61,125,0.488,0.51,20,26,0.769,39,164,203,66,36,5,26,62,283,"CHI","troybrownjr"
"73",105,"Derrick Jones Jr.",24,51,8,899,105,195,0.538,20,61,0.328,85,134,0.634,0.59,56,70,0.8,60,109,169,30,25,33,30,105,286,"CHI","derrickjonesjr"
"74",106,"Tony Bradley",24,55,7,549,72,123,0.585,0,0,NA,72,123,0.585,0.585,19,29,0.655,67,119,186,27,10,33,34,62,163,"CHI","tonybradley"
"75",107,"Matt Thomas",27,40,0,459,55,134,0.41,35,91,0.385,20,43,0.465,0.541,16,20,0.8,3,47,50,20,8,3,8,18,161,"CHI","mattthomas"
"76",108,"Patrick Williams",20,17,9,422,54,102,0.529,15,29,0.517,39,73,0.534,0.603,30,41,0.732,17,52,69,15,9,9,16,28,153,"CHI","patrickwilliams"
"77",110,"Alfonzo McKinnie",29,17,3,206,24,61,0.393,9,27,0.333,15,34,0.441,0.467,2,8,0.25,13,20,33,5,2,3,7,26,59,"CHI","alfonzomckinnie"
"78",111,"Tyler Cook",24,20,2,200,23,38,0.605,0,0,NA,23,38,0.605,0.605,21,32,0.656,16,37,53,3,4,4,7,28,67,"CHI","tylercook"
"79",114,"Devon Dotson",22,11,0,85,11,23,0.478,2,9,0.222,9,14,0.643,0.522,5,9,0.556,1,8,9,15,1,0,5,11,29,"CHI","devondotson"
"80",115,"Marko Simonovic",22,9,0,35,4,15,0.267,1,5,0.2,3,10,0.3,0.3,8,11,0.727,5,5,10,0,1,1,2,6,17,"CHI","markosimonovic"
"81",117,"Jordan Bell",27,1,0,2,0,0,NA,0,0,NA,0,0,NA,NA,0,0,NA,1,0,1,0,1,0,0,2,0,"CHI","jordanbell"
"82",118,"Darius Garland",22,68,68,2430,542,1173,0.462,174,454,0.383,368,719,0.512,0.536,215,241,0.892,39,185,224,583,89,7,248,115,1473,"CLE","dariusgarland"
"83",119,"Evan Mobley",20,69,69,2331,422,830,0.508,23,92,0.25,399,738,0.541,0.522,167,252,0.663,143,427,570,174,56,115,133,147,1034,"CLE","evanmobley"
"84",120,"Isaac Okoro",21,67,61,1981,207,431,0.48,55,157,0.35,152,274,0.555,0.544,119,155,0.768,72,129,201,121,56,22,58,164,588,"CLE","isaacokoro"
"85",121,"Lauri Markkanen",24,61,61,1878,313,703,0.445,136,380,0.358,177,323,0.548,0.542,138,159,0.868,59,286,345,81,45,30,54,130,900,"CLE","laurimarkkanen"
"86",122,"Jarrett Allen",23,56,56,1809,369,545,0.677,1,10,0.1,368,535,0.688,0.678,165,233,0.708,192,410,602,92,44,75,94,97,904,"CLE","jarrettallen"
"87",123,"Kevin Love",33,74,4,1665,327,761,0.43,187,477,0.392,140,284,0.493,0.553,166,198,0.838,87,449,536,160,26,18,98,101,1007,"CLE","kevinlove"
"88",124,"Cedi Osman",26,66,3,1462,247,572,0.432,128,359,0.357,119,213,0.559,0.544,87,131,0.664,25,121,146,135,52,10,67,127,709,"CLE","cediosman"
"89",125,"Lamar Stevens",24,63,13,1015,156,319,0.489,18,65,0.277,138,254,0.543,0.517,53,75,0.707,47,117,164,44,31,18,41,106,383,"CLE","lamarstevens"
"90",126,"Dean Wade",25,51,28,980,99,217,0.456,51,142,0.359,48,75,0.64,0.574,20,30,0.667,31,119,150,52,29,7,16,88,269,"CLE","deanwade"
"91",127,"Ricky Rubio",31,34,8,970,149,411,0.363,59,174,0.339,90,237,0.38,0.434,88,103,0.854,15,126,141,225,49,7,90,75,445,"CLE","rickyrubio"
"92",129,"Brandon Goodwin",26,36,5,502,64,154,0.416,19,55,0.345,45,99,0.455,0.477,24,38,0.632,14,53,67,91,25,1,36,39,171,"CLE","brandongoodwin"
"93",130,"Dylan Windler",25,50,0,459,37,98,0.378,21,70,0.3,16,28,0.571,0.485,15,18,0.833,21,68,89,34,14,3,16,47,110,"CLE","dylanwindler"
"94",132,"Collin Sexton",23,11,11,316,68,151,0.45,11,45,0.244,57,106,0.538,0.487,29,39,0.744,13,23,36,23,10,0,31,25,176,"CLE","collinsexton"
"95",134,"Ed Davis",32,31,3,201,11,16,0.688,0,0,NA,11,16,0.688,0.688,6,14,0.429,14,50,64,7,3,9,5,33,28,"CLE","eddavis"
"96",136,"Kevin Pangos",29,24,3,166,15,46,0.326,6,26,0.231,9,20,0.45,0.391,3,4,0.75,2,9,11,30,3,0,7,11,39,"CLE","kevinpangos"
"97",137,"RJ Nembhard Jr.",22,14,0,63,6,18,0.333,0,2,0,6,16,0.375,0.333,3,4,0.75,3,4,7,12,1,0,3,2,15,"CLE","rjnembhardjr"
"98",138,"Tacko Fall",26,11,1,59,5,12,0.417,0,0,NA,5,12,0.417,0.417,2,7,0.286,7,16,23,2,0,6,3,3,12,"CLE","tackofall"
"99",141,"Tre Scott",25,2,0,11,3,6,0.5,0,1,0,3,5,0.6,0.5,0,0,NA,1,1,2,0,1,1,0,2,6,"CLE","trescott"
"100",142,"Malik Newman",24,1,0,8,3,5,0.6,0,1,0,3,4,0.75,0.6,2,2,1,0,1,1,1,0,0,1,0,8,"CLE","maliknewman"
"101",144,"Dorian Finney-Smith",28,80,80,2644,326,692,0.471,172,435,0.395,154,257,0.599,0.595,56,83,0.675,122,253,375,150,88,39,80,183,880,"DAL","dorianfinneysmith"
"102",145,"Jalen Brunson",25,79,61,2524,506,1008,0.502,94,252,0.373,412,756,0.545,0.549,179,213,0.84,43,266,309,377,66,3,124,151,1285,"DAL","jalenbrunson"
"103",146,"Luka Dončić",22,65,65,2301,641,1403,0.457,201,569,0.353,440,834,0.528,0.529,364,489,0.744,56,537,593,568,75,36,292,145,1847,"DAL","lukadoni"
"104",147,"Reggie Bullock",30,68,37,1902,201,501,0.401,141,392,0.36,60,109,0.55,0.542,40,48,0.833,33,208,241,83,41,14,40,111,583,"DAL","reggiebullock"
"105",148,"Dwight Powell",30,82,71,1798,269,401,0.671,13,37,0.351,256,364,0.703,0.687,166,212,0.783,173,231,404,97,37,39,64,220,717,"DAL","dwightpowell"
"106",149,"Maxi Kleber",30,59,21,1450,141,354,0.398,83,255,0.325,58,99,0.586,0.516,46,65,0.708,70,280,350,68,30,58,47,137,411,"DAL","maxikleber"
"107",150,"Tim Hardaway Jr.",29,42,20,1245,209,530,0.394,102,304,0.336,107,226,0.473,0.491,78,103,0.757,13,143,156,92,38,6,34,74,598,"DAL","timhardawayjr"
"108",151,"Josh Green",21,67,3,1039,130,256,0.508,28,78,0.359,102,178,0.573,0.563,31,45,0.689,52,109,161,79,45,14,44,115,319,"DAL","joshgreen"
"109",153,"Frank Ntilikina",23,58,5,685,89,223,0.399,38,111,0.342,51,112,0.455,0.484,24,25,0.96,12,67,79,69,27,7,31,61,240,"DAL","frankntilikina"
"110",155,"Sterling Brown",26,49,3,628,59,155,0.381,28,92,0.304,31,63,0.492,0.471,14,15,0.933,26,123,149,34,14,7,23,56,160,"DAL","sterlingbrown"
"111",156,"Trey Burke",29,42,0,441,84,215,0.391,26,82,0.317,58,133,0.436,0.451,20,23,0.87,4,29,33,57,12,0,26,39,214,"DAL","treyburke"
"112",157,"Marquese Chriss",24,34,0,346,62,134,0.463,8,25,0.32,54,109,0.495,0.493,22,33,0.667,33,70,103,17,13,12,17,64,154,"DAL","marquesechriss"
"113",161,"Theo Pinson",26,19,0,148,14,39,0.359,10,30,0.333,4,9,0.444,0.487,10,10,1,2,19,21,17,5,2,5,12,48,"DAL","theopinson"
"114",162,"Boban Marjanović",33,23,0,128,42,70,0.6,1,4,0.25,41,66,0.621,0.607,13,22,0.591,8,31,39,3,0,3,15,24,98,"DAL","bobanmarjanovi"
"115",163,"Brandon Knight",30,5,0,65,10,25,0.4,4,17,0.235,6,8,0.75,0.48,8,8,1,0,8,8,8,1,0,4,5,32,"DAL","brandonknight"
"116",165,"George King",28,4,0,19,0,5,0,0,4,0,0,1,0,0,1,2,0.5,0,5,5,0,0,0,1,4,1,"DAL","georgeking"
"117",166,"Eugene Omoruyi",24,4,0,18,2,5,0.4,1,2,0.5,1,3,0.333,0.5,2,4,0.5,2,5,7,2,0,0,0,2,7,"DAL","eugeneomoruyi"
"118",170,"JaQuori McLaughlin",24,4,0,11,0,2,0,0,1,0,0,1,0,0,0,0,NA,0,0,0,2,0,0,0,1,0,"DAL","jaquorimclaughlin"
"119",171,"Nikola Jokić",26,74,74,2476,764,1311,0.583,97,288,0.337,667,1023,0.652,0.62,379,468,0.81,206,813,1019,584,109,63,281,191,2004,"DEN","nikolajoki"
"120",172,"Aaron Gordon",26,75,75,2376,434,834,0.52,87,260,0.335,347,574,0.605,0.573,171,230,0.743,125,314,439,188,44,44,133,148,1126,"DEN","aarongordon"
"121",173,"Will Barton",31,71,71,2277,392,896,0.438,157,430,0.365,235,466,0.504,0.525,102,127,0.803,44,296,340,276,55,31,127,114,1043,"DEN","willbarton"
"122",174,"Monte Morris",26,75,74,2239,374,773,0.484,124,314,0.395,250,459,0.545,0.564,73,84,0.869,27,199,226,333,56,14,78,92,945,"DEN","montemorris"
"123",175,"Jeff Green",35,75,63,1849,277,529,0.524,53,168,0.315,224,361,0.62,0.574,165,198,0.833,41,190,231,96,28,27,71,151,772,"DEN","jeffgreen"
"124",176,"Austin Rivers",29,67,18,1480,146,350,0.417,79,231,0.342,67,119,0.563,0.53,32,44,0.727,19,95,114,90,51,6,54,121,403,"DEN","austinrivers"
"125",177,"Bones Hyland",21,69,4,1310,230,571,0.403,131,358,0.366,99,213,0.465,0.518,107,125,0.856,14,174,188,191,41,20,86,153,698,"DEN","boneshyland"
"126",178,"Facundo Campazzo",30,65,4,1184,107,296,0.361,58,193,0.301,49,103,0.476,0.459,60,78,0.769,23,94,117,220,63,23,67,124,332,"DEN","facundocampazzo"
"127",179,"JaMychal Green",31,67,8,1085,159,327,0.486,33,124,0.266,126,203,0.621,0.537,81,93,0.871,81,200,281,59,43,26,57,158,432,"DEN","jamychalgreen"
"128",180,"Zeke Nnaji",21,41,1,698,96,186,0.516,37,80,0.463,59,106,0.557,0.616,41,65,0.631,56,91,147,17,16,13,23,79,270,"DEN","zekennaji"
"129",181,"Davon Reed",26,48,5,668,81,161,0.503,37,86,0.43,44,75,0.587,0.618,10,15,0.667,14,94,108,53,24,9,16,63,209,"DEN","davonreed"
"130",184,"PJ Dozier",25,18,0,340,36,99,0.364,15,48,0.313,21,51,0.412,0.439,10,13,0.769,14,49,63,29,11,6,13,33,97,"DEN","pjdozier"
"131",185,"Michael Porter Jr.",23,9,9,265,37,103,0.359,10,48,0.208,27,55,0.491,0.408,5,9,0.556,9,50,59,17,10,2,12,16,89,"DEN","michaelporterjr"
"132",186,"Vlatko Čančar",24,15,1,176,23,41,0.561,7,12,0.583,16,29,0.552,0.646,9,14,0.643,8,23,31,17,2,3,9,18,62,"DEN","vlatkoanar"
"133",187,"Markus Howard",22,31,0,176,39,101,0.386,28,70,0.4,11,31,0.355,0.525,20,23,0.87,2,10,12,7,9,0,7,17,126,"DEN","markushoward"
"134",188,"Bol Bol",22,14,0,81,15,27,0.556,1,4,0.25,14,23,0.609,0.574,2,5,0.4,4,16,20,5,1,2,4,4,33,"DEN","bolbol"
"135",189,"Petr Cornelie",26,13,0,38,5,15,0.333,1,8,0.125,4,7,0.571,0.367,3,4,0.75,7,7,14,3,1,1,4,7,14,"DEN","petrcornelie"
"136",193,"Saddiq Bey",22,82,82,2704,450,1136,0.396,211,610,0.346,239,526,0.454,0.489,210,254,0.827,107,334,441,233,73,16,96,128,1321,"DET","saddiqbey"
"137",194,"Cade Cunningham",20,64,64,2088,429,1031,0.416,114,363,0.314,315,668,0.472,0.471,142,168,0.845,58,296,354,356,78,43,234,200,1114,"DET","cadecunningham"
"138",195,"Isaiah Stewart",20,71,71,1816,250,490,0.51,15,46,0.326,235,444,0.529,0.526,74,103,0.718,226,391,617,82,22,78,85,211,589,"DET","isaiahstewart"
"139",196,"Killian Hayes",20,66,40,1647,176,459,0.383,44,167,0.263,132,292,0.452,0.431,57,74,0.77,36,174,210,277,78,35,111,183,453,"DET","killianhayes"
"140",197,"Cory Joseph",30,65,39,1600,178,400,0.445,65,157,0.414,113,243,0.465,0.526,100,113,0.885,29,145,174,237,42,17,85,147,521,"DET","coryjoseph"
"141",198,"Jerami Grant",27,47,47,1500,298,699,0.426,91,254,0.358,207,445,0.465,0.491,217,259,0.838,28,163,191,111,44,49,85,107,904,"DET","jeramigrant"
"142",199,"Hamidou Diallo",23,58,29,1269,261,526,0.496,23,93,0.247,238,433,0.55,0.518,91,140,0.65,69,208,277,73,71,17,58,143,636,"DET","hamidoudiallo"
"143",200,"Frank Jackson",23,53,7,1164,194,483,0.402,86,279,0.308,108,204,0.529,0.491,86,104,0.827,19,68,87,55,27,9,38,89,560,"DET","frankjackson"
"144",202,"Kelly Olynyk",30,40,1,764,128,286,0.448,40,119,0.336,88,167,0.527,0.517,69,89,0.775,54,123,177,111,31,19,58,100,365,"DET","kellyolynyk"
"145",203,"Rodney McGruder",30,51,2,754,98,225,0.436,58,146,0.397,40,79,0.506,0.564,19,26,0.731,31,80,111,48,21,7,24,58,273,"DET","rodneymcgruder"
"146",205,"Saben Lee",22,37,0,604,69,177,0.39,14,60,0.233,55,117,0.47,0.429,56,71,0.789,18,69,87,107,36,12,36,44,208,"DET","sabenlee"
"147",207,"Luka Garza",23,32,5,389,66,147,0.449,16,49,0.327,50,98,0.51,0.503,38,61,0.623,58,42,100,20,9,6,18,55,186,"DET","lukagarza"
"148",208,"Isaiah Livers",23,19,5,383,41,90,0.456,27,64,0.422,14,26,0.538,0.606,12,14,0.857,15,42,57,21,13,7,15,37,121,"DET","isaiahlivers"
"149",210,"Jamorko Pickett",24,13,0,176,18,50,0.36,13,39,0.333,5,11,0.455,0.49,1,2,0.5,6,26,32,7,0,7,5,12,50,"DET","jamorkopickett"
"150",211,"Cassius Stanley",22,9,1,155,19,46,0.413,4,17,0.235,15,29,0.517,0.457,10,10,1,5,14,19,4,5,2,6,17,52,"DET","cassiusstanley"
"151",212,"Derrick Walton",26,3,3,108,6,26,0.231,3,13,0.231,3,13,0.231,0.288,4,4,1,2,8,10,21,7,4,11,8,19,"DET","derrickwalton"
"152",214,"Carsen Edwards",23,4,0,79,9,30,0.3,4,16,0.25,5,14,0.357,0.367,1,1,1,2,4,6,14,2,0,5,4,23,"DET","carsenedwards"
"153",215,"Micah Potter",23,3,0,31,5,11,0.455,0,2,0,5,9,0.556,0.455,2,2,1,4,5,9,0,1,1,1,4,12,"DET","micahpotter"
"154",216,"Cheick Diallo",25,3,0,31,3,8,0.375,0,0,NA,3,8,0.375,0.375,5,6,0.833,4,8,12,0,1,0,1,6,11,"DET","cheickdiallo"
"155",217,"Deividas Sirvydis",21,3,0,27,1,10,0.1,1,7,0.143,0,3,0,0.15,0,0,NA,0,6,6,1,3,1,0,4,3,"DET","deividassirvydis"
"156",218,"Trayvon Palmer",27,1,0,17,0,1,0,0,0,NA,0,1,0,0,0,0,NA,0,2,2,0,0,0,1,2,0,"DET","trayvonpalmer"
"157",219,"Jaysean Paige",27,1,0,7,0,3,0,0,2,0,0,1,0,0,0,0,NA,0,1,1,1,0,0,1,2,0,"DET","jayseanpaige"
"158",220,"Andrew Wiggins",26,73,73,2329,475,1019,0.466,157,399,0.393,318,620,0.513,0.543,149,235,0.634,85,240,325,161,76,51,111,158,1256,"GSW","andrewwiggins"
"159",221,"Jordan Poole",22,76,51,2283,474,1058,0.448,211,580,0.364,263,478,0.55,0.548,246,266,0.925,34,226,260,304,60,23,187,206,1405,"GSW","jordanpoole"
"160",222,"Stephen Curry",33,64,64,2211,535,1224,0.437,285,750,0.38,250,474,0.527,0.554,275,298,0.923,34,301,335,404,85,23,206,130,1630,"GSW","stephencurry"
"161",223,"Kevon Looney",25,82,80,1732,208,364,0.571,0,1,0,208,363,0.573,0.571,75,125,0.6,208,388,596,165,50,52,67,215,491,"GSW","kevonlooney"
"162",224,"Otto Porter Jr.",28,63,15,1396,193,416,0.464,80,216,0.37,113,200,0.565,0.56,49,61,0.803,86,276,362,94,68,29,37,83,515,"GSW","ottoporterjr"
"163",225,"Draymond Green",31,46,44,1329,135,257,0.525,16,54,0.296,119,203,0.586,0.556,60,91,0.659,45,291,336,320,61,50,139,136,346,"GSW","draymondgreen"
"164",226,"Damion Lee",29,63,5,1256,169,383,0.441,63,187,0.337,106,196,0.541,0.523,66,75,0.88,27,176,203,63,39,6,38,95,467,"GSW","damionlee"
"165",227,"Gary Payton II",29,71,16,1247,212,344,0.616,43,120,0.358,169,224,0.754,0.679,35,58,0.603,72,175,247,64,96,22,40,131,502,"GSW","garypaytonii"
"166",228,"Jonathan Kuminga",19,70,12,1185,236,460,0.513,50,149,0.336,186,311,0.598,0.567,130,190,0.684,54,180,234,64,31,22,74,146,652,"GSW","jonathankuminga"
"167",229,"Nemanja Bjelica",33,71,0,1142,160,342,0.468,54,149,0.362,106,193,0.549,0.547,59,81,0.728,62,232,294,159,41,26,87,128,433,"GSW","nemanjabjelica"
"168",230,"Juan Toscano-Anderson",28,73,6,994,115,235,0.489,28,87,0.322,87,148,0.588,0.549,40,70,0.571,28,148,176,127,48,17,68,115,298,"GSW","juantoscanoanderson"
"169",231,"Klay Thompson",31,32,32,941,246,573,0.429,114,296,0.385,132,277,0.477,0.529,46,51,0.902,15,110,125,88,16,17,43,54,652,"GSW","klaythompson"
"170",232,"Moses Moody",19,52,11,607,80,183,0.437,40,110,0.364,40,73,0.548,0.546,28,36,0.778,17,63,80,23,7,10,13,43,228,"GSW","mosesmoody"
"171",233,"Andre Iguodala",38,31,0,603,46,121,0.38,17,74,0.23,29,47,0.617,0.45,15,20,0.75,21,79,100,114,27,22,28,34,124,"GSW","andreiguodala"
"172",234,"Chris Chiozza",26,34,1,372,24,81,0.296,17,53,0.321,7,28,0.25,0.401,2,3,0.667,9,27,36,65,13,0,32,32,67,"GSW","chrischiozza"
"173",235,"Quinndary Weatherspoon",25,11,0,73,12,21,0.571,1,5,0.2,11,16,0.688,0.595,5,5,1,2,12,14,5,1,1,3,15,30,"GSW","quinndaryweatherspoon"
"174",237,"Jalen Green",19,67,67,2138,406,954,0.426,157,458,0.343,249,496,0.502,0.508,188,236,0.797,33,193,226,176,44,18,135,103,1157,"HOU","jalengreen"
"175",238,"Christian Wood",26,68,67,2094,440,878,0.501,131,336,0.39,309,542,0.57,0.576,207,332,0.623,110,576,686,155,54,65,126,171,1218,"HOU","christianwood"
"176",239,"Jae'Sean Tate",26,78,77,2056,363,729,0.498,63,202,0.312,300,527,0.569,0.541,130,184,0.707,135,285,420,222,72,41,139,286,919,"HOU","jaeseantate"
"177",240,"Kevin Porter Jr.",21,61,61,1907,335,808,0.415,155,413,0.375,180,395,0.456,0.511,124,193,0.642,43,224,267,376,69,22,192,156,949,"HOU","kevinporterjr"
"178",241,"Garrison Mathews",25,65,33,1712,184,461,0.399,139,386,0.36,45,75,0.6,0.55,143,180,0.794,32,158,190,64,57,24,41,168,650,"HOU","garrisonmathews"
"179",242,"Eric Gordon",33,57,46,1669,268,564,0.475,124,301,0.412,144,263,0.548,0.585,105,135,0.778,15,98,113,154,28,18,107,63,765,"HOU","ericgordon"
"180",243,"Kenyon Martin Jr.",21,79,2,1656,279,523,0.533,60,168,0.357,219,355,0.617,0.591,78,123,0.634,80,217,297,101,34,40,60,113,696,"HOU","kenyonmartinjr"
"181",244,"Alperen Şengün",19,72,13,1489,249,525,0.474,29,117,0.248,220,408,0.539,0.502,165,232,0.711,138,255,393,185,59,68,145,214,692,"HOU","alperenengn"
"182",245,"Josh Christopher",20,74,2,1334,224,500,0.448,56,189,0.296,168,311,0.54,0.504,83,113,0.735,52,134,186,150,65,13,114,97,587,"HOU","joshchristopher"
"183",247,"David Nwaba",29,46,4,609,85,176,0.483,15,49,0.306,70,127,0.551,0.526,48,67,0.716,41,110,151,35,28,20,21,55,233,"HOU","davidnwaba"
"184",251,"Daishen Nix",19,24,0,261,27,67,0.403,7,26,0.269,20,41,0.488,0.455,16,30,0.533,7,26,33,40,15,0,26,21,77,"HOU","daishennix"
"185",252,"Usman Garuba",19,24,2,239,19,44,0.432,5,20,0.25,14,24,0.583,0.489,5,7,0.714,21,62,83,17,10,11,6,28,48,"HOU","usmangaruba"
"186",255,"Trevelin Queen",24,10,0,74,15,33,0.455,9,24,0.375,6,9,0.667,0.591,4,4,1,7,9,16,4,5,1,7,6,43,"HOU","trevelinqueen"
"187",257,"Oshae Brissett",23,67,25,1564,208,506,0.411,83,237,0.35,125,269,0.465,0.493,114,164,0.695,108,250,358,72,44,29,54,116,613,"IND","oshaebrissett"
"188",258,"Chris Duarte",24,55,39,1541,268,621,0.432,94,255,0.369,174,366,0.475,0.507,90,112,0.804,41,185,226,114,56,10,90,95,720,"IND","chrisduarte"
"189",260,"Myles Turner",25,42,42,1235,200,393,0.509,61,183,0.333,139,210,0.662,0.587,79,105,0.752,65,232,297,44,28,118,54,119,540,"IND","mylesturner"
"190",262,"Malcolm Brogdon",29,36,36,1206,243,543,0.448,58,186,0.312,185,357,0.518,0.501,143,167,0.856,33,152,185,212,30,14,77,71,687,"IND","malcolmbrogdon"
"191",264,"Duane Washington Jr.",21,48,7,968,173,427,0.405,81,215,0.377,92,212,0.434,0.5,46,61,0.754,4,79,83,85,26,3,57,66,473,"IND","duanewashingtonjr"
"192",268,"Goga Bitadze",22,50,16,729,131,252,0.52,23,80,0.288,108,172,0.628,0.565,64,94,0.681,79,98,177,55,21,42,46,107,349,"IND","gogabitadze"
"193",269,"Terry Taylor",22,33,7,714,135,220,0.614,12,38,0.316,123,182,0.676,0.641,36,51,0.706,95,77,172,41,14,8,23,61,318,"IND","terrytaylor"
"194",270,"T.J. McConnell",29,27,8,652,100,208,0.481,10,33,0.303,90,175,0.514,0.505,19,23,0.826,20,70,90,131,29,10,29,53,229,"IND","tjmcconnell"
"195",272,"Keifer Sykes",28,32,11,566,69,190,0.363,27,90,0.3,42,100,0.42,0.434,15,17,0.882,8,37,45,62,12,4,33,51,180,"IND","keifersykes"
"196",274,"Isaiah Jackson",20,36,15,541,116,206,0.563,5,16,0.313,111,190,0.584,0.575,60,88,0.682,60,89,149,10,25,52,40,92,297,"IND","isaiahjackson"
"197",279,"Gabe York",28,2,0,21,2,7,0.286,1,6,0.167,1,1,1,0.357,3,5,0.6,0,2,2,4,2,1,1,4,8,"IND","gabeyork"
"198",281,"Nate Hinton",22,2,0,2,0,1,0,0,0,NA,0,1,0,0,0,0,NA,0,0,0,0,0,0,1,0,0,"IND","natehinton"
"199",282,"DeJon Jarreau",24,1,0,1,0,0,NA,0,0,NA,0,0,NA,NA,0,0,NA,0,0,0,0,0,0,0,0,0,"IND","dejonjarreau"
"200",283,"Ahmad Caver",25,1,0,1,1,1,1,0,0,NA,1,1,1,1,0,0,NA,0,0,0,0,0,0,0,0,2,"IND","ahmadcaver"
"201",284,"Reggie Jackson",31,75,75,2337,479,1222,0.392,167,512,0.326,312,710,0.439,0.46,138,163,0.847,39,232,271,359,55,15,173,159,1263,"LAC","reggiejackson"
"202",285,"Terance Mann",25,81,33,2317,334,690,0.484,76,208,0.365,258,482,0.535,0.539,128,164,0.78,104,321,425,209,55,21,84,178,872,"LAC","terancemann"
"203",286,"Luke Kennard",25,70,13,1919,287,639,0.449,190,423,0.449,97,216,0.449,0.598,69,77,0.896,20,209,229,146,42,6,60,101,833,"LAC","lukekennard"
"204",287,"Ivica Zubac",24,76,76,1852,310,495,0.626,0,0,NA,310,495,0.626,0.626,165,227,0.727,217,427,644,120,36,77,114,203,785,"LAC","ivicazubac"
"205",288,"Amir Coffey",24,69,30,1567,211,466,0.453,96,254,0.378,115,212,0.542,0.556,101,117,0.863,26,171,197,124,38,15,45,87,619,"LAC","amircoffey"
"206",289,"Marcus Morris",32,54,54,1564,300,691,0.434,101,275,0.367,199,416,0.478,0.507,129,148,0.872,26,213,239,113,28,18,69,115,830,"LAC","marcusmorris"
"207",290,"Nicolas Batum",33,59,54,1462,179,387,0.463,108,270,0.4,71,117,0.607,0.602,25,38,0.658,29,225,254,100,58,42,40,80,491,"LAC","nicolasbatum"
"208",291,"Eric Bledsoe",32,54,29,1361,197,468,0.421,51,163,0.313,146,305,0.479,0.475,89,117,0.761,28,154,182,225,69,19,116,85,534,"LAC","ericbledsoe"
"209",292,"Isaiah Hartenstein",23,68,0,1216,229,366,0.626,14,30,0.467,215,336,0.64,0.645,91,132,0.689,117,215,332,160,50,77,84,167,563,"LAC","isaiahhartenstein"
"210",293,"Paul George",31,31,31,1077,268,636,0.421,91,257,0.354,177,379,0.467,0.493,127,148,0.858,12,201,213,176,67,13,126,74,754,"LAC","paulgeorge"
"211",294,"Brandon Boston Jr.",20,51,0,760,125,325,0.385,34,111,0.306,91,214,0.425,0.437,59,72,0.819,17,94,111,51,26,13,31,43,343,"LAC","brandonbostonjr"
"212",298,"Xavier Moon",27,10,0,137,25,51,0.49,5,14,0.357,20,37,0.541,0.539,3,5,0.6,2,12,14,24,7,3,6,9,58,"LAC","xaviermoon"
"213",302,"Jay Scrubb",21,18,0,121,18,46,0.391,6,21,0.286,12,25,0.48,0.457,7,10,0.7,2,14,16,8,4,3,7,9,49,"LAC","jayscrubb"
"214",307,"Russell Westbrook",33,78,78,2678,548,1233,0.444,79,265,0.298,469,968,0.485,0.476,266,399,0.667,110,470,580,550,75,20,295,235,1441,"LAL","russellwestbrook"
"215",308,"Malik Monk",23,76,37,2139,391,826,0.473,173,442,0.391,218,384,0.568,0.578,93,117,0.795,37,219,256,218,61,29,122,138,1048,"LAL","malikmonk"
"216",309,"LeBron James",37,56,56,2084,640,1221,0.524,161,448,0.359,479,773,0.62,0.59,254,336,0.756,63,396,459,349,73,59,196,121,1695,"LAL","lebronjames"
"217",310,"Carmelo Anthony",37,69,3,1793,319,723,0.441,149,397,0.375,170,326,0.521,0.544,132,159,0.83,62,226,288,68,47,52,59,166,919,"LAL","carmeloanthony"
"218",311,"Talen Horton-Tucker",21,60,19,1511,224,538,0.416,49,182,0.269,175,356,0.492,0.462,100,125,0.8,37,156,193,159,59,29,82,148,597,"LAL","talenhortontucker"
"219",312,"Austin Reaves",23,61,19,1418,146,318,0.459,53,167,0.317,93,151,0.616,0.542,99,118,0.839,45,148,193,110,29,20,40,87,444,"LAL","austinreaves"
"220",313,"Avery Bradley",31,62,45,1406,148,350,0.423,82,210,0.39,66,140,0.471,0.54,16,18,0.889,31,105,136,47,53,9,38,118,394,"LAL","averybradley"
"221",314,"Anthony Davis",28,40,40,1404,370,695,0.532,13,70,0.186,357,625,0.571,0.542,174,244,0.713,106,288,394,122,49,90,82,97,927,"LAL","anthonydavis"
"222",315,"Stanley Johnson",25,48,27,1094,117,251,0.466,33,105,0.314,84,146,0.575,0.532,53,74,0.716,34,121,155,80,43,14,35,109,320,"LAL","stanleyjohnson"
"223",316,"Dwight Howard",36,60,27,971,134,219,0.612,8,15,0.533,126,204,0.618,0.63,96,146,0.658,118,238,356,35,34,36,47,115,372,"LAL","dwighthoward"
"224",317,"Wayne Ellington",34,43,9,810,98,237,0.414,82,211,0.389,16,26,0.615,0.586,9,11,0.818,10,67,77,30,23,5,19,42,287,"LAL","wayneellington"
"225",318,"Kent Bazemore",32,39,14,545,45,139,0.324,29,80,0.363,16,59,0.271,0.428,13,17,0.765,13,56,69,34,25,9,21,70,132,"LAL","kentbazemore"
"226",319,"Trevor Ariza",36,24,11,462,33,99,0.333,20,74,0.27,13,25,0.52,0.434,10,18,0.556,10,72,82,27,13,6,11,20,96,"LAL","trevorariza"
"227",325,"Mason Jones",23,4,0,51,7,15,0.467,1,4,0.25,6,11,0.545,0.5,12,15,0.8,1,9,10,4,2,0,1,8,27,"LAL","masonjones"
"228",326,"Darren Collison",34,3,0,37,2,7,0.286,0,3,0,2,4,0.5,0.286,0,0,NA,0,4,4,2,1,0,1,5,4,"LAL","darrencollison"
"229",329,"Jay Huff",23,4,0,20,0,3,0,0,2,0,0,1,0,0,0,0,NA,1,3,4,1,1,1,1,1,0,"LAL","jayhuff"
"230",330,"Sekou Doumbouya",21,2,0,16,5,8,0.625,1,2,0.5,4,6,0.667,0.688,3,4,0.75,2,4,6,0,3,2,2,1,14,"LAL","sekoudoumbouya"
"231",331,"Jemerrio Jones",26,2,0,15,2,3,0.667,0,0,NA,2,3,0.667,0.667,0,0,NA,2,1,3,0,1,0,0,2,4,"LAL","jemerriojones"
"232",332,"Desmond Bane",23,76,76,2266,508,1101,0.461,228,523,0.436,280,578,0.484,0.565,140,155,0.903,46,288,334,208,92,29,111,196,1384,"MEM","desmondbane"
"233",333,"Jaren Jackson Jr.",22,78,78,2126,430,1036,0.415,128,401,0.319,302,635,0.476,0.477,284,345,0.823,119,335,454,86,73,177,130,272,1272,"MEM","jarenjacksonjr"
"234",334,"Steven Adams",28,76,75,1999,210,384,0.547,0,1,0,210,383,0.548,0.547,108,199,0.543,349,411,760,256,65,60,115,153,528,"MEM","stevenadams"
"235",335,"Ja Morant",22,57,57,1889,580,1177,0.493,88,256,0.344,492,921,0.534,0.53,316,415,0.761,77,248,325,384,66,22,196,86,1564,"MEM","jamorant"
"236",336,"De'Anthony Melton",23,73,15,1657,281,695,0.404,139,372,0.374,142,323,0.44,0.504,90,120,0.75,64,264,328,194,104,39,112,128,791,"MEM","deanthonymelton"
"237",337,"Tyus Jones",25,73,23,1549,249,552,0.451,80,205,0.39,169,347,0.487,0.524,54,66,0.818,17,159,176,324,66,2,46,32,632,"MEM","tyusjones"
"238",338,"Kyle Anderson",28,69,11,1484,209,469,0.446,36,109,0.33,173,360,0.481,0.484,67,105,0.638,69,299,368,183,77,45,71,108,521,"MEM","kyleanderson"
"239",339,"Ziaire Williams",20,62,31,1346,191,424,0.45,76,242,0.314,115,182,0.632,0.54,43,55,0.782,26,103,129,65,35,12,41,113,501,"MEM","ziairewilliams"
"240",340,"John Konchar",25,72,7,1292,135,262,0.515,52,126,0.413,83,136,0.61,0.615,27,49,0.551,87,242,329,109,45,22,29,90,349,"MEM","johnkonchar"
"241",341,"Brandon Clarke",25,64,1,1246,288,447,0.644,5,22,0.227,283,425,0.666,0.65,85,130,0.654,135,207,342,86,39,68,34,122,666,"MEM","brandonclarke"
"242",342,"Dillon Brooks",26,32,31,885,227,526,0.432,46,149,0.309,181,377,0.48,0.475,90,106,0.849,29,73,102,88,36,8,50,105,590,"MEM","dillonbrooks"
"243",343,"Xavier Tillman Sr.",23,53,2,701,98,216,0.454,10,49,0.204,88,167,0.527,0.477,46,71,0.648,66,95,161,62,49,15,34,63,252,"MEM","xaviertillmansr"
"244",344,"Killian Tillie",23,36,3,461,43,127,0.339,27,86,0.314,16,41,0.39,0.445,5,8,0.625,21,39,60,22,23,15,13,58,118,"MEM","killiantillie"
"245",345,"Santi Aldama",21,32,0,360,53,132,0.402,6,48,0.125,47,84,0.56,0.424,20,32,0.625,33,54,87,21,6,10,16,36,132,"MEM","santialdama"
"246",346,"Jarrett Culver",22,37,0,338,51,135,0.378,12,47,0.255,39,88,0.443,0.422,16,34,0.471,13,35,48,33,20,5,20,42,130,"MEM","jarrettculver"
"247",347,"Yves Pons",22,12,0,71,5,16,0.313,3,9,0.333,2,7,0.286,0.406,0,2,0,5,7,12,1,1,4,1,6,13,"MEM","yvespons"
"248",348,"Sam Merrill",25,6,0,58,8,24,0.333,7,23,0.304,1,1,1,0.479,2,4,0.5,1,6,7,4,0,0,2,3,25,"MEM","sammerrill"
"249",349,"Dakota Mathias",26,6,0,16,2,6,0.333,2,6,0.333,0,0,NA,0.5,0,0,NA,0,2,2,1,1,0,0,1,6,"MEM","dakotamathias"
"250",350,"Shaq Buchanan",25,2,0,10,1,4,0.25,0,2,0,1,2,0.5,0.25,0,0,NA,1,1,2,2,1,0,2,1,2,"MEM","shaqbuchanan"
"251",351,"DaQuan Jeffries",24,3,0,9,1,2,0.5,0,1,0,1,1,1,0.5,0,0,NA,0,2,2,1,0,0,0,1,2,"MEM","daquanjeffries"
"252",353,"Jon Teske",24,3,0,8,0,1,0,0,0,NA,0,1,0,0,0,2,0,0,2,2,1,1,0,0,1,0,"MEM","jonteske"
"253",354,"Tyrell Terry",21,2,0,3,1,1,1,0,0,NA,1,1,1,1,0,0,NA,0,0,0,0,0,0,0,1,2,"MEM","tyrellterry"
"254",355,"Tyler Herro",22,66,10,2151,501,1122,0.447,175,439,0.399,326,683,0.477,0.525,190,219,0.868,32,297,329,263,44,8,174,95,1367,"MIA","tylerherro"
"255",356,"Kyle Lowry",35,63,63,2133,276,627,0.44,144,382,0.377,132,245,0.539,0.555,148,174,0.851,33,249,282,474,67,17,168,177,844,"MIA","kylelowry"
"256",357,"Duncan Robinson",27,79,68,2043,290,726,0.399,232,624,0.372,58,102,0.569,0.559,51,61,0.836,24,179,203,129,42,14,60,201,863,"MIA","duncanrobinson"
"257",358,"P.J. Tucker",36,71,70,1981,207,428,0.484,80,193,0.415,127,235,0.54,0.577,45,61,0.738,100,287,387,149,58,15,66,161,539,"MIA","pjtucker"
"258",359,"Jimmy Butler",32,57,57,1931,398,829,0.48,27,116,0.233,371,713,0.52,0.496,396,455,0.87,102,234,336,312,94,27,121,88,1219,"MIA","jimmybutler"
"259",360,"Bam Adebayo",24,56,56,1825,406,729,0.557,0,6,0,406,723,0.562,0.557,256,340,0.753,137,427,564,190,80,44,148,171,1068,"MIA","bamadebayo"
"260",361,"Gabe Vincent",25,68,27,1589,214,513,0.417,119,323,0.368,95,190,0.5,0.533,44,54,0.815,22,104,126,210,62,12,98,158,591,"MIA","gabevincent"
"261",362,"Max Strus",25,68,16,1587,249,564,0.441,181,442,0.41,68,122,0.557,0.602,42,53,0.792,24,178,202,92,28,16,57,116,721,"MIA","maxstrus"
"262",363,"Caleb Martin",26,60,12,1372,208,410,0.507,64,155,0.413,144,255,0.565,0.585,71,93,0.763,70,160,230,64,58,30,52,104,551,"MIA","calebmartin"
"263",364,"Dewayne Dedmon",32,67,15,1065,164,290,0.566,19,47,0.404,145,243,0.597,0.598,75,100,0.75,105,281,386,47,24,42,70,174,422,"MIA","dewaynededmon"
"264",365,"Omer Yurtseven",23,56,12,706,130,247,0.526,1,11,0.091,129,236,0.547,0.528,38,61,0.623,85,209,294,49,17,20,41,84,299,"MIA","omeryurtseven"
"265",366,"Markieff Morris",32,17,1,298,54,114,0.474,13,39,0.333,41,75,0.547,0.531,8,9,0.889,17,28,45,23,6,1,20,33,129,"MIA","markieffmorris"
"266",367,"KZ Okpala",22,21,0,244,30,69,0.435,9,26,0.346,21,43,0.488,0.5,8,11,0.727,11,30,41,14,4,7,5,25,77,"MIA","kzokpala"
"267",368,"Kyle Guy",24,19,0,186,26,65,0.4,14,40,0.35,12,25,0.48,0.508,8,12,0.667,4,13,17,17,7,1,13,12,74,"MIA","kyleguy"
"268",369,"Victor Oladipo",29,8,1,173,35,73,0.479,15,36,0.417,20,37,0.541,0.582,14,19,0.737,3,20,23,28,5,1,16,13,99,"MIA","victoroladipo"
"269",370,"Haywood Highsmith",25,19,1,163,16,46,0.348,9,28,0.321,7,18,0.389,0.446,2,5,0.4,10,16,26,6,2,3,3,13,43,"MIA","haywoodhighsmith"
"270",371,"Marcus Garrett",23,12,0,128,5,21,0.238,1,4,0.25,4,17,0.235,0.262,2,5,0.4,9,14,23,7,5,3,2,16,13,"MIA","marcusgarrett"
"271",373,"Udonis Haslem",41,13,0,83,14,31,0.452,1,4,0.25,13,27,0.481,0.468,3,3,1,4,21,25,4,1,1,5,15,32,"MIA","udonishaslem"
"272",377,"Jrue Holiday",31,67,64,2207,478,954,0.501,132,321,0.411,346,633,0.547,0.57,137,180,0.761,69,232,301,457,108,29,183,133,1225,"MIL","jrueholiday"
"273",378,"Giannis Antetokounmpo",27,67,67,2204,689,1245,0.553,71,242,0.293,618,1003,0.616,0.582,553,766,0.722,134,644,778,388,72,91,219,212,2002,"MIL","giannisantetokounmpo"
"274",379,"Khris Middleton",30,66,66,2141,452,1021,0.443,162,434,0.373,290,587,0.494,0.522,259,291,0.89,41,315,356,358,76,18,190,160,1325,"MIL","khrismiddleton"
"275",380,"Bobby Portis",26,72,59,2028,417,871,0.479,133,338,0.393,284,533,0.533,0.555,85,113,0.752,180,477,657,86,53,51,90,174,1052,"MIL","bobbyportis"
"276",381,"Grayson Allen",26,66,61,1805,255,569,0.448,159,389,0.409,96,180,0.533,0.588,64,74,0.865,32,190,222,100,46,18,43,96,733,"MIL","graysonallen"
"277",382,"Pat Connaughton",29,65,19,1691,227,496,0.458,146,370,0.395,81,126,0.643,0.605,45,54,0.833,45,228,273,82,59,15,35,86,645,"MIL","patconnaughton"
"278",383,"George Hill",35,54,17,1253,118,275,0.429,41,134,0.306,77,141,0.546,0.504,57,62,0.919,38,117,155,120,42,6,41,70,334,"MIL","georgehill"
"279",384,"Jordan Nwora",23,62,13,1185,186,462,0.403,79,227,0.348,107,235,0.455,0.488,36,43,0.837,37,184,221,59,25,17,57,78,487,"MIL","jordannwora"
"280",385,"Wesley Matthews",35,49,14,1002,87,220,0.395,53,157,0.338,34,63,0.54,0.516,22,28,0.786,30,62,92,36,23,8,18,87,249,"MIL","wesleymatthews"
"281",387,"Thanasis Antetokounmpo",29,48,6,473,70,128,0.547,2,14,0.143,68,114,0.596,0.555,29,46,0.63,40,61,101,22,16,12,26,68,171,"MIL","thanasisantetokounmpo"
"282",388,"Sandro Mamukelashvili",22,41,3,407,57,115,0.496,22,52,0.423,35,63,0.556,0.591,18,22,0.818,35,47,82,22,9,9,15,28,154,"MIL","sandromamukelashvili"
"283",393,"Brook Lopez",33,13,11,298,61,131,0.466,19,53,0.358,42,78,0.538,0.538,20,23,0.87,19,34,53,6,8,15,12,34,161,"MIL","brooklopez"
"284",395,"Lindell Wigginton",23,19,0,199,26,61,0.426,9,26,0.346,17,35,0.486,0.5,19,35,0.543,3,22,25,23,5,1,12,17,80,"MIL","lindellwigginton"
"285",405,"Javin DeLaurier",23,1,0,3,0,0,NA,0,0,NA,0,0,NA,NA,0,0,NA,0,1,1,0,1,0,0,1,0,"MIL","javindelaurier"
"286",406,"Karl-Anthony Towns",26,74,74,2476,642,1214,0.529,150,366,0.41,492,848,0.58,0.591,384,467,0.822,194,533,727,269,72,83,226,267,1818,"MIN","karlanthonytowns"
"287",407,"Anthony Edwards",20,72,72,2466,549,1245,0.441,215,602,0.357,334,643,0.519,0.527,220,280,0.786,62,281,343,275,105,46,190,164,1533,"MIN","anthonyedwards"
"288",408,"D'Angelo Russell",25,65,65,2077,401,975,0.411,176,518,0.34,225,457,0.492,0.502,198,240,0.825,25,191,216,460,62,22,165,130,1176,"MIN","dangelorussell"
"289",409,"Malik Beasley",25,79,18,1976,332,850,0.391,240,637,0.377,92,213,0.432,0.532,49,60,0.817,26,201,227,116,43,12,43,88,953,"MIN","malikbeasley"
"290",410,"Jarred Vanderbilt",22,74,67,1880,212,361,0.587,2,14,0.143,210,347,0.605,0.59,86,131,0.656,215,409,624,94,99,46,73,181,512,"MIN","jarredvanderbilt"
"291",411,"Jaden McDaniels",21,70,31,1803,255,554,0.46,80,252,0.317,175,302,0.579,0.532,57,71,0.803,76,217,293,79,52,54,75,224,647,"MIN","jadenmcdaniels"
"292",412,"Patrick Beverley",33,58,54,1476,177,436,0.406,83,242,0.343,94,194,0.485,0.501,96,133,0.722,62,178,240,268,67,52,73,174,533,"MIN","patrickbeverley"
"293",413,"Naz Reid",22,77,6,1215,233,476,0.489,57,166,0.343,176,310,0.568,0.549,114,149,0.765,102,199,301,71,40,71,82,172,637,"MIN","nazreid"
"294",414,"Taurean Prince",27,69,8,1177,177,390,0.454,86,229,0.376,91,161,0.565,0.564,62,82,0.756,26,148,174,68,47,23,53,116,502,"MIN","taureanprince"
"295",415,"Jaylen Nowell",22,62,1,975,196,413,0.475,63,160,0.394,133,253,0.526,0.551,72,92,0.783,22,101,123,130,27,10,36,73,527,"MIN","jaylennowell"
"296",416,"Jordan McLaughlin",25,62,3,902,88,200,0.44,27,85,0.318,61,115,0.53,0.508,30,40,0.75,22,72,94,180,57,10,38,54,233,"MIN","jordanmclaughlin"
"297",417,"Josh Okogie",23,49,6,516,42,104,0.404,14,47,0.298,28,57,0.491,0.471,35,51,0.686,29,41,70,25,26,12,23,53,133,"MIN","joshokogie"
"298",418,"Nathan Knight",24,37,2,267,45,88,0.511,4,13,0.308,41,75,0.547,0.534,44,60,0.733,32,53,85,22,7,8,18,42,138,"MIN","nathanknight"
"299",419,"Leandro Bolmaro",21,35,2,241,17,54,0.315,5,18,0.278,12,36,0.333,0.361,11,13,0.846,16,27,43,21,6,0,13,26,50,"MIN","leandrobolmaro"
"300",420,"Jake Layman",27,34,1,231,30,73,0.411,8,35,0.229,22,38,0.579,0.466,13,18,0.722,6,30,36,9,7,5,10,12,81,"MIN","jakelayman"
"301",422,"McKinley Wright IV",23,5,0,19,2,3,0.667,1,2,0.5,1,1,1,0.833,0,0,NA,0,0,0,3,0,0,1,1,5,"MIN","mckinleywrightiv"
"302",424,"Herbert Jones",23,78,69,2335,274,576,0.476,57,169,0.337,217,407,0.533,0.525,137,163,0.84,98,198,296,167,130,60,100,238,742,"NOP","herbertjones"
"303",425,"Jonas Valančiūnas",29,74,74,2240,510,938,0.544,57,158,0.361,453,780,0.581,0.574,237,289,0.82,226,617,843,190,41,60,179,247,1314,"NOP","jonasvalaninas"
"304",426,"Devonte' Graham",26,76,63,2162,296,815,0.363,192,563,0.341,104,252,0.413,0.481,118,140,0.843,37,140,177,316,71,12,105,95,902,"NOP","devontegraham"
"305",427,"Brandon Ingram",24,55,55,1869,453,983,0.461,74,226,0.327,379,757,0.501,0.498,266,322,0.826,35,285,320,307,34,26,151,119,1246,"NOP","brandoningram"
"306",428,"Jaxson Hayes",21,70,28,1398,245,398,0.616,20,57,0.351,225,341,0.66,0.641,144,188,0.766,115,200,315,43,33,55,54,155,654,"NOP","jaxsonhayes"
"307",431,"Garrett Temple",35,59,16,1098,111,295,0.376,59,185,0.319,52,110,0.473,0.476,28,41,0.683,29,114,143,74,43,23,42,81,309,"NOP","garretttemple"
"308",433,"Trey Murphy III",21,62,1,864,109,277,0.394,71,186,0.382,38,91,0.418,0.522,45,51,0.882,47,100,147,38,23,7,16,60,334,"NOP","treymurphyiii"
"309",434,"Willy Hernangómez",27,50,8,839,170,327,0.52,4,12,0.333,166,315,0.527,0.526,109,141,0.773,143,195,338,63,21,19,51,97,453,"NOP","willyhernangmez"
"310",435,"Jose Alvarado",23,54,1,834,131,294,0.446,32,110,0.291,99,184,0.538,0.5,36,53,0.679,25,75,100,152,71,7,40,73,330,"NOP","josealvarado"
"311",436,"Naji Marshall",24,55,4,735,109,269,0.405,21,105,0.2,88,164,0.537,0.444,74,93,0.796,38,104,142,62,33,8,46,69,313,"NOP","najimarshall"
"312",438,"Gary Clark",27,38,1,378,33,88,0.375,28,70,0.4,5,18,0.278,0.534,7,10,0.7,23,67,90,18,13,7,10,20,101,"NOP","garyclark"
"313",439,"Kira Lewis Jr.",20,24,0,341,59,146,0.404,13,58,0.224,46,88,0.523,0.449,10,12,0.833,9,30,39,49,11,1,26,17,141,"NOP","kiralewisjr"
"314",442,"Tyrone Wallace",27,6,0,75,7,20,0.35,2,8,0.25,5,12,0.417,0.4,1,5,0.2,0,8,8,1,3,1,2,7,17,"NOP","tyronewallace"
"315",443,"Jared Harper",24,5,0,43,14,26,0.538,5,12,0.417,9,14,0.643,0.635,4,4,1,2,0,2,14,4,1,2,5,37,"NOP","jaredharper"
"316",446,"Julius Randle",27,72,72,2544,512,1246,0.411,120,390,0.308,392,856,0.458,0.459,303,401,0.756,125,591,716,370,53,39,245,205,1447,"NYK","juliusrandle"
"317",447,"RJ Barrett",21,70,70,2417,487,1194,0.408,138,404,0.342,349,790,0.442,0.466,290,406,0.714,66,342,408,208,43,16,151,142,1402,"NYK","rjbarrett"
"318",448,"Evan Fournier",29,80,80,2358,402,965,0.417,241,619,0.389,161,346,0.465,0.541,80,113,0.708,34,176,210,171,79,20,105,180,1125,"NYK","evanfournier"
"319",449,"Alec Burks",30,81,44,2318,285,728,0.391,157,389,0.404,128,339,0.378,0.499,217,264,0.822,47,350,397,239,85,26,91,215,944,"NYK","alecburks"
"320",450,"Mitchell Robinson",23,72,62,1848,261,343,0.761,0,0,NA,261,343,0.761,0.761,88,181,0.486,295,322,617,38,58,133,60,195,610,"NYK","mitchellrobinson"
"321",451,"Immanuel Quickley",22,78,3,1802,284,724,0.392,137,396,0.346,147,328,0.448,0.487,177,201,0.881,31,216,247,275,54,3,99,167,882,"NYK","immanuelquickley"
"322",452,"Obi Toppin",23,72,10,1230,251,473,0.531,52,169,0.308,199,304,0.655,0.586,94,124,0.758,69,199,268,77,25,33,56,102,648,"NYK","obitoppin"
"323",453,"Kemba Walker",31,37,37,948,149,370,0.403,73,199,0.367,76,171,0.444,0.501,60,71,0.845,14,97,111,131,26,7,48,37,431,"NYK","kembawalker"
"324",454,"Taj Gibson",36,52,4,946,86,166,0.518,15,38,0.395,71,128,0.555,0.563,42,52,0.808,88,141,229,32,22,40,27,137,229,"NYK","tajgibson"
"325",455,"Quentin Grimes",21,46,6,786,95,235,0.404,72,189,0.381,23,46,0.5,0.557,13,19,0.684,24,70,94,44,31,11,28,72,275,"NYK","quentingrimes"
"326",456,"Derrick Rose",33,26,4,636,122,274,0.445,37,92,0.402,85,182,0.467,0.513,30,31,0.968,21,57,78,103,22,12,39,15,311,"NYK","derrickrose"
"327",457,"Nerlens Noel",27,25,11,562,32,60,0.533,0,3,0,32,57,0.561,0.533,21,30,0.7,48,93,141,23,30,31,20,67,85,"NYK","nerlensnoel"
"328",458,"Jericho Sims",23,41,5,555,39,54,0.722,0,0,NA,39,54,0.722,0.722,12,29,0.414,61,108,169,21,11,22,20,66,90,"NYK","jerichosims"
"329",459,"Miles McBride",21,40,2,372,32,108,0.296,17,68,0.25,15,40,0.375,0.375,8,12,0.667,4,38,42,41,14,1,5,45,89,"NYK","milesmcbride"
"330",462,"Ryan Arcidiacono",27,10,0,76,6,12,0.5,4,9,0.444,2,3,0.667,0.667,0,0,NA,0,8,8,4,1,0,3,5,16,"NYK","ryanarcidiacono"
"331",463,"Damyean Dotson",27,2,0,21,2,4,0.5,0,1,0,2,3,0.667,0.5,0,0,NA,0,2,2,1,0,0,0,0,4,"NYK","damyeandotson"
"332",464,"Wayne Selden",27,3,0,19,1,4,0.25,1,2,0.5,0,2,0,0.375,2,4,0.5,0,1,1,1,0,0,0,1,5,"NYK","wayneselden"
"333",465,"Feron Hunt",22,2,0,8,0,2,0,0,0,NA,0,2,0,0,0,0,NA,1,0,1,1,1,0,1,1,0,"NYK","feronhunt"
"334",467,"Matt Mooney",24,1,0,2,0,1,0,0,1,0,0,0,NA,0,0,0,NA,0,0,0,0,1,0,1,0,0,"NYK","mattmooney"
"335",468,"Tyler Hall",24,1,0,2,0,0,NA,0,0,NA,0,0,NA,NA,0,0,NA,0,0,0,0,0,0,0,0,0,"NYK","tylerhall"
"336",469,"Shai Gilgeous-Alexander",23,56,56,1942,477,1052,0.453,89,297,0.3,388,755,0.514,0.496,328,405,0.81,37,241,278,331,71,46,154,142,1371,"OKC","shaigilgeousalexander"
"337",470,"Darius Bazley",21,69,53,1924,274,649,0.422,80,269,0.297,194,380,0.511,0.484,117,170,0.688,71,365,436,97,58,70,90,68,745,"OKC","dariusbazley"
"338",471,"Josh Giddey",19,54,54,1700,281,670,0.419,56,213,0.263,225,457,0.492,0.461,56,79,0.709,98,323,421,345,51,20,171,88,674,"OKC","joshgiddey"
"339",472,"Luguentz Dort",22,51,51,1665,293,726,0.404,130,391,0.332,163,335,0.487,0.493,161,191,0.843,38,174,212,88,46,18,88,149,877,"OKC","luguentzdort"
"340",473,"Tre Mann",20,60,26,1367,231,588,0.393,98,272,0.36,133,316,0.421,0.476,65,82,0.793,25,146,171,91,47,12,71,102,625,"OKC","tremann"
"341",474,"Aleksej Pokusevski",20,61,12,1233,186,456,0.408,57,197,0.289,129,259,0.498,0.47,35,50,0.7,73,245,318,131,39,38,94,88,464,"OKC","aleksejpokusevski"
"342",475,"Aaron Wiggins",23,50,35,1209,156,337,0.463,42,138,0.304,114,199,0.573,0.525,62,85,0.729,51,127,178,68,30,10,54,93,416,"OKC","aaronwiggins"
"343",476,"Jeremiah Robinson-Earl",21,49,36,1087,134,324,0.414,58,165,0.352,76,159,0.478,0.503,40,54,0.741,75,199,274,49,29,15,39,75,366,"OKC","jeremiahrobinsonearl"
"344",477,"Kenrich Williams",27,49,0,1072,146,317,0.461,41,121,0.339,105,196,0.536,0.525,30,55,0.545,75,145,220,108,44,10,46,81,363,"OKC","kenrichwilliams"
"345",478,"Isaiah Roby",23,45,28,948,166,323,0.514,44,99,0.444,122,224,0.545,0.582,78,116,0.672,75,142,217,71,36,34,43,109,454,"OKC","isaiahroby"
"346",479,"Théo Maledon",20,51,7,908,119,317,0.375,44,150,0.293,75,167,0.449,0.445,79,100,0.79,20,111,131,111,31,11,65,67,361,"OKC","thomaledon"
"347",480,"Ty Jerome",24,48,4,801,124,328,0.378,54,186,0.29,70,142,0.493,0.46,38,47,0.809,19,59,78,109,30,5,37,73,340,"OKC","tyjerome"
"348",481,"Vit Krejci",21,30,8,690,68,167,0.407,32,98,0.327,36,69,0.522,0.503,19,22,0.864,18,83,101,57,19,8,29,65,187,"OKC","vitkrejci"
"349",482,"Derrick Favors",30,39,18,653,94,182,0.516,2,16,0.125,92,166,0.554,0.522,16,25,0.64,58,126,184,25,17,12,9,62,206,"OKC","derrickfavors"
"350",483,"Mike Muscala",30,43,0,592,113,248,0.456,70,163,0.429,43,85,0.506,0.597,48,57,0.842,21,108,129,22,18,26,14,58,344,"OKC","mikemuscala"
"351",484,"Lindy Waters III",24,25,1,465,71,175,0.406,53,146,0.363,18,29,0.621,0.557,4,5,0.8,6,67,73,24,19,8,11,31,199,"OKC","lindywatersiii"
"352",485,"Olivier Sarr",22,22,2,421,58,101,0.574,13,29,0.448,45,72,0.625,0.639,24,29,0.828,34,59,93,19,6,15,22,52,153,"OKC","oliviersarr"
"353",486,"Jaylen Hoard",22,7,5,240,44,90,0.489,9,25,0.36,35,65,0.538,0.539,6,14,0.429,30,54,84,17,6,5,8,14,103,"OKC","jaylenhoard"
"354",487,"Mamadi Diakite",25,13,3,188,25,47,0.532,0,5,0,25,42,0.595,0.532,6,11,0.545,17,42,59,2,5,9,7,33,56,"OKC","mamadidiakite"
"355",488,"Zavier Simpson",24,4,4,174,19,52,0.365,1,8,0.125,18,44,0.409,0.375,5,5,1,2,19,21,30,5,4,10,15,44,"OKC","zaviersimpson"
"356",490,"Paul Watson",27,9,3,156,12,35,0.343,6,26,0.231,6,9,0.667,0.429,1,2,0.5,3,24,27,8,3,3,4,10,31,"OKC","paulwatson"
"357",491,"Melvin Frazier",25,3,0,120,13,48,0.271,1,21,0.048,12,27,0.444,0.281,5,7,0.714,5,8,13,1,1,0,3,8,32,"OKC","melvinfrazier"
"358",492,"Gabriel Deck",26,7,0,56,8,14,0.571,2,4,0.5,6,10,0.6,0.643,0,0,NA,1,5,6,5,1,0,2,2,18,"OKC","gabrieldeck"
"359",493,"Scotty Hopson",32,1,0,18,2,4,0.5,0,1,0,2,3,0.667,0.5,0,0,NA,0,1,1,1,0,0,2,1,4,"OKC","scottyhopson"
"360",494,"Rob Edwards",25,2,0,11,1,4,0.25,1,4,0.25,0,0,NA,0.375,0,0,NA,0,3,3,0,0,0,1,0,3,"OKC","robedwards"
"361",495,"Franz Wagner",20,79,79,2429,456,975,0.468,96,271,0.354,360,704,0.511,0.517,189,219,0.863,84,272,356,231,68,34,119,164,1197,"ORL","franzwagner"
"362",496,"Cole Anthony",21,65,65,2059,357,912,0.391,132,391,0.338,225,521,0.432,0.464,216,253,0.854,32,316,348,369,46,17,170,171,1062,"ORL","coleanthony"
"363",497,"Wendell Carter Jr.",22,62,61,1852,359,684,0.525,70,214,0.327,289,470,0.615,0.576,143,207,0.691,139,509,648,171,36,43,117,169,931,"ORL","wendellcarterjr"
"364",498,"Mo Bamba",23,71,69,1824,296,617,0.48,107,281,0.381,189,336,0.563,0.566,57,73,0.781,148,424,572,85,38,118,77,182,756,"ORL","mobamba"
"365",499,"Chuma Okeke",23,70,20,1749,216,575,0.376,118,371,0.318,98,204,0.48,0.478,55,65,0.846,47,300,347,118,97,42,57,95,605,"ORL","chumaokeke"
"366",500,"Gary Harris",27,61,30,1730,240,553,0.434,116,302,0.384,124,251,0.494,0.539,83,95,0.874,36,86,122,108,59,9,61,112,679,"ORL","garyharris"
"367",501,"Terrence Ross",30,63,0,1448,220,554,0.397,77,264,0.292,143,290,0.493,0.467,112,130,0.862,20,141,161,116,28,12,75,68,629,"ORL","terrenceross"
"368",502,"R.J. Hampton",20,64,14,1402,175,457,0.383,64,183,0.35,111,274,0.405,0.453,75,117,0.641,23,171,194,158,42,13,87,101,489,"ORL","rjhampton"
"369",503,"Jalen Suggs",20,48,45,1307,198,548,0.361,42,196,0.214,156,352,0.443,0.4,126,163,0.773,26,145,171,209,59,19,143,142,564,"ORL","jalensuggs"
"370",504,"Moritz Wagner",24,63,3,960,197,396,0.497,66,201,0.328,131,195,0.672,0.581,104,129,0.806,42,190,232,87,20,13,56,123,564,"ORL","moritzwagner"
"371",505,"Robin Lopez",33,36,9,612,110,199,0.553,2,6,0.333,108,193,0.56,0.558,32,54,0.593,68,58,126,54,2,18,44,67,254,"ORL","robinlopez"
"372",506,"Ignas Brazdeikis",23,42,1,536,81,188,0.431,27,87,0.31,54,101,0.535,0.503,21,32,0.656,23,49,72,37,10,3,17,48,210,"ORL","ignasbrazdeikis"
"373",507,"Admiral Schofield",24,38,1,469,54,129,0.419,26,79,0.329,28,50,0.56,0.519,12,15,0.8,17,72,89,25,4,5,21,58,146,"ORL","admiralschofield"
"374",508,"Markelle Fultz",23,18,3,360,83,175,0.474,4,17,0.235,79,158,0.5,0.486,25,31,0.806,4,45,49,99,20,5,40,22,195,"ORL","markellefultz"
"375",511,"Hassani Gravett",25,8,3,171,18,38,0.474,11,26,0.423,7,12,0.583,0.618,3,4,0.75,1,20,21,20,5,1,9,13,50,"ORL","hassanigravett"
"376",512,"Devin Cannady",25,5,0,145,15,44,0.341,15,37,0.405,0,7,0,0.511,5,7,0.714,1,5,6,10,5,3,5,9,50,"ORL","devincannady"
"377",513,"Freddie Gillespie",24,9,2,119,9,22,0.409,0,1,0,9,21,0.429,0.409,3,7,0.429,13,23,36,5,3,9,5,18,21,"ORL","freddiegillespie"
"378",515,"Aleem Ford",24,5,0,74,6,20,0.3,2,15,0.133,4,5,0.8,0.35,0,0,NA,2,13,15,2,1,0,4,7,14,"ORL","aleemford"
"379",516,"B.J. Johnson",26,4,0,65,11,25,0.44,4,10,0.4,7,15,0.467,0.52,0,0,NA,6,9,15,0,0,1,0,4,26,"ORL","bjjohnson"
"380",517,"Tyrese Maxey",21,75,74,2650,483,995,0.485,132,309,0.427,351,686,0.512,0.552,213,246,0.866,26,214,240,321,55,32,88,156,1311,"PHI","tyresemaxey"
"381",518,"Tobias Harris",29,73,73,2543,493,1022,0.482,101,275,0.367,392,747,0.525,0.532,170,202,0.842,77,419,496,252,47,43,116,164,1257,"PHI","tobiasharris"
"382",519,"Joel Embiid",27,68,68,2297,666,1334,0.499,93,251,0.371,573,1083,0.529,0.534,654,803,0.814,146,650,796,284,77,99,214,181,2079,"PHI","joelembiid"
"383",520,"Georges Niang",28,76,7,1736,246,563,0.437,156,387,0.403,90,176,0.511,0.575,52,59,0.881,25,178,203,102,30,13,59,190,700,"PHI","georgesniang"
"384",521,"Matisse Thybulle",24,66,50,1685,150,300,0.5,45,144,0.313,105,156,0.673,0.575,34,43,0.791,42,109,151,75,115,71,39,158,379,"PHI","matissethybulle"
"385",523,"Furkan Korkmaz",24,67,19,1414,182,470,0.387,77,266,0.289,105,204,0.515,0.469,68,84,0.81,22,153,175,127,33,9,48,58,509,"PHI","furkankorkmaz"
"386",524,"Danny Green",34,62,28,1353,126,320,0.394,103,271,0.38,23,49,0.469,0.555,11,14,0.786,32,125,157,64,60,37,45,105,366,"PHI","dannygreen"
"387",525,"Shake Milton",25,55,6,1179,173,403,0.429,43,133,0.323,130,270,0.481,0.483,61,73,0.836,30,112,142,139,28,17,44,99,450,"PHI","shakemilton"
"388",528,"Isaiah Joe",22,55,1,609,62,177,0.35,45,135,0.333,17,42,0.405,0.477,29,31,0.935,6,50,56,35,14,3,19,47,198,"PHI","isaiahjoe"
"389",529,"Paul Reed",22,38,2,302,54,96,0.563,2,8,0.25,52,88,0.591,0.573,6,14,0.429,44,48,92,16,33,14,10,57,116,"PHI","paulreed"
"390",531,"Charles Bassey",21,23,0,168,30,47,0.638,0,4,0,30,43,0.698,0.638,9,12,0.75,22,40,62,7,5,17,8,32,69,"PHI","charlesbassey"
"391",534,"Myles Powell",24,11,0,52,5,17,0.294,1,6,0.167,4,11,0.364,0.324,2,2,1,1,5,6,3,1,0,3,8,13,"PHI","mylespowell"
"392",536,"Aaron Henry",22,6,0,17,1,5,0.2,0,1,0,1,4,0.25,0.2,0,0,NA,0,1,1,0,0,2,2,2,2,"PHI","aaronhenry"
"393",538,"Jaden Springer",19,2,0,6,1,1,1,0,0,NA,1,1,1,1,0,0,NA,1,1,2,0,0,2,1,0,2,"PHI","jadenspringer"
"394",540,"Mikal Bridges",25,82,82,2854,458,858,0.534,115,312,0.369,343,546,0.628,0.601,131,157,0.834,74,273,347,185,96,36,68,150,1162,"PHO","mikalbridges"
"395",541,"Devin Booker",25,68,68,2345,662,1421,0.466,183,478,0.383,479,943,0.508,0.53,315,363,0.868,45,297,342,329,77,26,162,180,1822,"PHO","devinbooker"
"396",542,"Chris Paul",36,65,65,2139,363,736,0.493,63,199,0.317,300,537,0.559,0.536,169,202,0.837,22,261,283,702,121,20,153,134,958,"PHO","chrispaul"
"397",543,"Jae Crowder",31,67,67,1886,217,544,0.399,127,365,0.348,90,179,0.503,0.516,71,90,0.789,30,324,354,124,95,30,55,173,632,"PHO","jaecrowder"
"398",544,"Cameron Johnson",25,66,16,1730,279,607,0.46,166,391,0.425,113,216,0.523,0.596,98,114,0.86,42,231,273,99,57,16,47,113,822,"PHO","cameronjohnson"
"399",545,"Deandre Ayton",23,58,58,1713,442,697,0.634,7,19,0.368,435,678,0.642,0.639,106,142,0.746,149,444,593,84,40,40,91,142,997,"PHO","deandreayton"
"400",546,"Landry Shamet",24,69,14,1437,191,485,0.394,123,334,0.368,68,151,0.45,0.521,68,81,0.84,16,110,126,108,28,9,41,92,573,"PHO","landryshamet"
"401",547,"Cameron Payne",27,58,12,1278,240,587,0.409,71,211,0.336,169,376,0.449,0.469,75,89,0.843,24,151,175,282,40,17,103,119,626,"PHO","cameronpayne"
"402",548,"JaVale McGee",34,74,17,1172,288,458,0.629,2,9,0.222,286,449,0.637,0.631,102,146,0.699,163,333,496,42,22,81,98,181,680,"PHO","javalemcgee"
"403",550,"Elfrid Payton",27,50,1,549,67,175,0.383,4,18,0.222,63,157,0.401,0.394,12,32,0.375,21,67,88,99,25,6,47,38,150,"PHO","elfridpayton"
"404",551,"Bismack Biyombo",29,36,3,506,86,145,0.593,0,0,NA,86,145,0.593,0.593,38,71,0.535,63,104,167,23,12,26,25,70,210,"PHO","bismackbiyombo"
"405",553,"Ish Wainright",27,45,0,359,41,104,0.394,19,59,0.322,22,45,0.489,0.486,7,12,0.583,27,27,54,15,20,6,13,49,108,"PHO","ishwainright"
"406",555,"Frank Kaminsky",28,9,0,181,36,66,0.545,5,15,0.333,31,51,0.608,0.583,18,20,0.9,11,30,41,13,8,7,5,14,95,"PHO","frankkaminsky"
"407",556,"Abdel Nader",28,14,0,145,12,35,0.343,4,14,0.286,8,21,0.381,0.4,6,10,0.6,4,23,27,7,8,4,11,20,34,"PHO","abdelnader"
"408",557,"Gabriel Lundberg",27,4,0,44,5,19,0.263,3,8,0.375,2,11,0.182,0.342,0,0,NA,2,5,7,11,3,0,3,7,13,"PHO","gabriellundberg"
"409",559,"Chandler Hutchison",25,6,0,22,1,2,0.5,0,0,NA,1,2,0.5,0.5,2,2,1,0,5,5,2,0,0,4,1,4,"PHO","chandlerhutchison"
"410",560,"Emanuel Terry",25,3,0,18,0,5,0,0,0,NA,0,5,0,0,0,0,NA,8,7,15,2,1,0,5,4,0,"PHO","emanuelterry"
"411",561,"M.J. Walker",23,2,0,8,0,4,0,0,2,0,0,2,0,0,0,0,NA,0,1,1,1,2,0,0,1,0,"PHO","mjwalker"
"412",562,"Paris Bass",26,2,0,7,2,6,0.333,0,2,0,2,4,0.5,0.333,2,2,1,2,2,4,0,1,0,2,2,6,"PHO","parisbass"
"413",563,"Anfernee Simons",22,57,30,1681,353,797,0.443,179,442,0.405,174,355,0.49,0.555,103,116,0.888,26,125,151,221,30,6,115,110,988,"POR","anferneesimons"
"414",564,"Jusuf Nurkić",27,56,56,1579,321,600,0.535,15,56,0.268,306,544,0.563,0.548,185,268,0.69,167,452,619,157,62,34,143,189,842,"POR","jusufnurki"
"415",567,"Ben McLemore",28,64,6,1285,216,539,0.401,151,417,0.362,65,122,0.533,0.541,72,88,0.818,12,91,103,59,38,10,55,103,655,"POR","benmclemore"
"416",569,"CJ Elleby",21,58,28,1174,121,308,0.393,37,126,0.294,84,182,0.462,0.453,60,84,0.714,66,161,227,87,35,19,56,116,339,"POR","cjelleby"
"417",570,"Nassir Little",21,42,23,1088,145,315,0.46,51,154,0.331,94,161,0.584,0.541,69,94,0.734,58,178,236,54,25,36,40,82,410,"POR","nassirlittle"
"418",571,"Damian Lillard",31,29,29,1056,222,552,0.402,92,284,0.324,130,268,0.485,0.486,159,181,0.878,13,107,120,212,17,11,83,37,695,"POR","damianlillard"
"419",572,"Trendon Watford",21,48,10,869,142,267,0.532,9,38,0.237,133,229,0.581,0.549,71,94,0.755,57,142,199,81,25,28,44,116,364,"POR","trendonwatford"
"420",575,"Greg Brown III",20,48,6,640,81,190,0.426,19,61,0.311,62,129,0.481,0.476,44,65,0.677,38,97,135,35,26,24,36,90,225,"POR","gregbrowniii"
"421",576,"Brandon Williams",22,24,16,640,105,282,0.372,31,106,0.292,74,176,0.42,0.427,68,97,0.701,19,55,74,94,24,10,58,52,309,"POR","brandonwilliams"
"422",577,"Dennis Smith Jr.",24,37,4,638,79,189,0.418,6,27,0.222,73,162,0.451,0.434,42,64,0.656,20,68,88,132,45,12,51,52,206,"POR","dennissmithjr"
"423",581,"Cody Zeller",29,27,0,355,51,90,0.567,0,4,0,51,86,0.593,0.567,38,49,0.776,50,75,125,22,8,6,19,56,140,"POR","codyzeller"
"424",582,"Keljin Blevins",26,31,1,349,34,111,0.306,21,72,0.292,13,39,0.333,0.401,6,11,0.545,16,29,45,19,13,1,17,29,95,"POR","keljinblevins"
"425",583,"Kris Dunn",27,14,3,336,44,102,0.431,1,11,0.091,43,91,0.473,0.436,17,18,0.944,9,40,49,79,23,3,32,38,106,"POR","krisdunn"
"426",588,"Cameron McGriff",24,3,0,46,5,14,0.357,2,6,0.333,3,8,0.375,0.429,2,2,1,6,9,15,3,0,1,0,7,14,"POR","cameronmcgriff"
"427",589,"Jarron Cumberland",24,3,0,12,1,2,0.5,0,1,0,1,1,1,0.5,0,0,NA,1,2,3,1,0,0,0,2,2,"POR","jarroncumberland"
"428",590,"Harrison Barnes",29,77,77,2587,391,834,0.469,142,360,0.394,249,474,0.525,0.554,341,413,0.826,82,350,432,186,53,14,118,94,1265,"SAC","harrisonbarnes"
"429",591,"De'Aaron Fox",24,59,59,2083,516,1092,0.473,74,249,0.297,442,843,0.524,0.506,261,348,0.75,25,206,231,330,68,25,168,172,1367,"SAC","deaaronfox"
"430",592,"Davion Mitchell",23,75,19,2076,352,843,0.418,101,320,0.316,251,523,0.48,0.477,56,85,0.659,33,133,166,313,55,24,114,141,861,"SAC","davionmitchell"
"431",595,"Chimezie Metu",24,60,20,1279,203,449,0.452,57,186,0.306,146,263,0.555,0.516,71,91,0.78,34,301,335,60,51,32,61,93,534,"SAC","chimeziemetu"
"432",596,"Richaun Holmes",28,45,37,1074,198,300,0.66,2,5,0.4,196,295,0.664,0.663,70,90,0.778,93,224,317,48,17,41,56,128,468,"SAC","richaunholmes"
"433",597,"Damian Jones",26,56,15,1017,175,266,0.658,10,29,0.345,165,237,0.696,0.677,94,131,0.718,75,171,246,69,26,47,59,130,454,"SAC","damianjones"
"434",598,"Maurice Harkless",28,47,24,863,83,181,0.459,31,101,0.307,52,80,0.65,0.544,20,28,0.714,12,100,112,23,29,24,31,77,217,"SAC","mauriceharkless"
"435",602,"Alex Len",28,39,10,620,94,176,0.534,6,21,0.286,88,155,0.568,0.551,41,63,0.651,52,109,161,45,13,25,43,100,235,"SAC","alexlen"
"436",604,"Terence Davis",24,30,11,536,113,267,0.423,49,149,0.329,64,118,0.542,0.515,36,44,0.818,11,83,94,40,25,11,33,70,311,"SAC","terencedavis"
"437",608,"Jahmi'us Ramsey",20,19,0,134,24,58,0.414,5,18,0.278,19,40,0.475,0.457,7,14,0.5,4,9,13,7,1,1,5,10,60,"SAC","jahmiusramsey"
"438",610,"Neemias Queta",22,15,0,120,17,38,0.447,0,0,NA,17,38,0.447,0.447,11,17,0.647,14,17,31,6,1,8,6,18,45,"SAC","neemiasqueta"
"439",611,"Louis King",22,10,0,104,15,47,0.319,8,27,0.296,7,20,0.35,0.404,7,10,0.7,0,12,12,9,2,1,0,14,45,"SAC","louisking"
"440",612,"Robert Woodard II",22,12,0,42,2,16,0.125,1,4,0.25,1,12,0.083,0.156,2,2,1,5,6,11,3,1,1,1,3,7,"SAC","robertwoodardii"
"441",614,"Emmanuel Mudiay",25,2,0,11,0,2,0,0,0,NA,0,2,0,0,3,4,0.75,0,0,0,4,1,0,1,1,3,"SAC","emmanuelmudiay"
"442",615,"Ade Murkey",24,1,0,1,0,0,NA,0,0,NA,0,0,NA,NA,0,0,NA,0,0,0,0,0,0,0,0,0,"SAC","ademurkey"
"443",616,"Keldon Johnson",22,75,74,2392,471,1011,0.466,159,399,0.398,312,612,0.51,0.545,177,234,0.756,80,377,457,158,58,14,92,148,1278,"SAS","keldonjohnson"
"444",617,"Dejounte Murray",25,68,68,2366,573,1241,0.462,96,294,0.327,477,947,0.504,0.5,196,247,0.794,80,483,563,627,138,23,180,138,1438,"SAS","dejountemurray"
"445",618,"Jakob Poeltl",26,68,67,1970,410,663,0.618,1,1,1,409,662,0.618,0.619,94,190,0.495,262,372,634,189,45,118,109,212,915,"SAS","jakobpoeltl"
"446",619,"Devin Vassell",21,71,32,1937,326,764,0.427,137,380,0.361,189,384,0.492,0.516,83,99,0.838,44,262,306,136,76,41,58,143,872,"SAS","devinvassell"
"447",620,"Lonnie Walker IV",23,70,6,1612,311,764,0.407,111,353,0.314,200,411,0.487,0.48,116,148,0.784,18,163,181,152,44,19,71,98,849,"SAS","lonniewalkeriv"
"448",622,"Doug McDermott",30,51,51,1223,215,465,0.462,108,256,0.422,107,209,0.512,0.578,40,51,0.784,18,97,115,64,13,6,43,79,578,"SAS","dougmcdermott"
"449",623,"Tre Jones",22,69,11,1148,166,339,0.49,10,51,0.196,156,288,0.542,0.504,71,91,0.78,29,126,155,233,42,7,46,78,413,"SAS","trejones"
"450",624,"Joshua Primo",19,50,16,965,101,270,0.374,42,137,0.307,59,133,0.444,0.452,44,59,0.746,32,81,113,81,20,23,57,79,288,"SAS","joshuaprimo"
"451",625,"Keita Bates-Diop",26,59,14,956,136,263,0.517,17,55,0.309,119,208,0.572,0.549,46,61,0.754,62,169,231,41,27,14,45,61,335,"SAS","keitabatesdiop"
"452",628,"Jock Landale",26,54,1,589,101,204,0.495,29,89,0.326,72,115,0.626,0.566,34,41,0.829,63,75,138,45,10,14,31,53,265,"SAS","jocklandale"
"453",630,"Zach Collins",24,28,4,502,76,155,0.49,14,41,0.341,62,114,0.544,0.535,52,65,0.8,46,107,153,61,13,23,45,67,218,"SAS","zachcollins"
"454",632,"Joe Wieskamp",22,29,0,205,20,56,0.357,14,43,0.326,6,13,0.462,0.482,7,13,0.538,4,10,14,9,4,3,2,14,61,"SAS","joewieskamp"
"455",633,"Devontae Cacok",25,15,0,121,21,31,0.677,0,0,NA,21,31,0.677,0.677,4,7,0.571,8,34,42,6,8,7,3,16,46,"SAS","devontaecacok"
"456",637,"Jaylen Morris",26,3,0,16,0,6,0,0,2,0,0,4,0,0,2,4,0.5,0,2,2,2,0,0,1,2,2,"SAS","jaylenmorris"
"457",639,"Anthony Lamb",24,2,0,8,0,2,0,0,2,0,0,0,NA,0,0,0,NA,0,1,1,2,0,0,0,0,0,"SAS","anthonylamb"
"458",640,"Scottie Barnes",20,74,74,2617,459,932,0.492,58,193,0.301,401,739,0.543,0.524,158,215,0.735,195,362,557,256,80,55,136,192,1134,"TOR","scottiebarnes"
"459",641,"Pascal Siakam",27,68,68,2578,596,1207,0.494,75,218,0.344,521,989,0.527,0.525,284,379,0.749,128,452,580,360,85,42,181,225,1551,"TOR","pascalsiakam"
"460",642,"Fred VanVleet",27,65,65,2462,442,1097,0.403,242,642,0.377,200,455,0.44,0.513,194,222,0.874,44,245,289,434,111,35,170,162,1320,"TOR","fredvanvleet"
"461",643,"Gary Trent Jr.",23,70,69,2448,450,1086,0.414,209,545,0.383,241,541,0.445,0.511,174,204,0.853,26,165,191,141,122,19,73,144,1283,"TOR","garytrentjr"
"462",644,"OG Anunoby",24,48,48,1728,309,697,0.443,115,317,0.363,194,380,0.511,0.526,89,118,0.754,74,190,264,125,71,25,80,131,822,"TOR","oganunoby"
"463",645,"Precious Achiuwa",22,73,28,1725,265,603,0.439,56,156,0.359,209,447,0.468,0.486,78,131,0.595,146,327,473,82,37,41,84,151,664,"TOR","preciousachiuwa"
"464",646,"Chris Boucher",29,80,9,1690,268,577,0.464,68,229,0.297,200,348,0.575,0.523,150,193,0.777,179,315,494,25,49,75,42,174,754,"TOR","chrisboucher"
"465",647,"Khem Birch",29,55,28,991,97,200,0.485,0,14,0,97,186,0.522,0.485,53,71,0.746,122,117,239,56,30,26,29,104,247,"TOR","khembirch"
"466",648,"Svi Mykhailiuk",24,56,5,716,91,234,0.389,41,134,0.306,50,100,0.5,0.476,32,37,0.865,20,72,92,45,26,4,32,54,255,"TOR","svimykhailiuk"
"467",649,"Dalano Banton",22,64,1,696,83,202,0.411,13,51,0.255,70,151,0.464,0.443,26,44,0.591,38,86,124,99,28,10,53,68,205,"TOR","dalanobanton"
"468",650,"Malachi Flynn",23,44,5,537,72,183,0.393,30,90,0.333,42,93,0.452,0.475,15,24,0.625,10,53,63,70,20,4,13,45,189,"TOR","malachiflynn"
"469",652,"Yuta Watanabe",27,38,4,445,56,138,0.406,27,79,0.342,29,59,0.492,0.504,24,40,0.6,18,74,92,21,11,16,19,38,163,"TOR","yutawatanabe"
"470",653,"Justin Champagnie",20,36,0,281,31,67,0.463,10,28,0.357,21,39,0.538,0.537,9,9,1,37,35,72,11,8,4,8,32,81,"TOR","justinchampagnie"
"471",656,"Isaac Bonga",22,15,0,69,3,13,0.231,1,4,0.25,2,9,0.222,0.269,5,8,0.625,4,3,7,4,8,2,2,10,12,"TOR","isaacbonga"
"472",657,"D.J. Wilson",25,4,1,54,11,15,0.733,0,2,0,11,13,0.846,0.733,8,10,0.8,1,15,16,5,5,1,2,6,30,"TOR","djwilson"
"473",660,"Daniel Oturu",22,3,0,27,3,6,0.5,0,1,0,3,5,0.6,0.5,3,5,0.6,1,4,5,0,0,2,0,1,9,"TOR","danieloturu"
"474",661,"David Johnson",20,2,0,2,0,1,0,0,1,0,0,0,NA,0,0,0,NA,0,0,0,0,0,0,0,0,0,"TOR","davidjohnson"
"475",662,"Sam Dekker",27,1,0,1,0,0,NA,0,0,NA,0,0,NA,NA,0,0,NA,0,0,0,0,0,0,0,0,0,"TOR","samdekker"
"476",663,"Royce O'Neale",28,77,77,2406,203,444,0.457,119,306,0.389,84,138,0.609,0.591,45,56,0.804,64,304,368,191,86,32,79,183,570,"UTA","royceoneale"
"477",664,"Donovan Mitchell",25,67,67,2266,617,1376,0.448,232,654,0.355,385,722,0.533,0.533,267,313,0.853,55,227,282,358,99,12,200,164,1733,"UTA","donovanmitchell"
"478",665,"Jordan Clarkson",29,79,1,2141,466,1113,0.419,190,597,0.318,276,516,0.535,0.504,144,174,0.828,67,206,273,194,66,16,129,149,1266,"UTA","jordanclarkson"
"479",666,"Bojan Bogdanović",32,69,69,2131,422,928,0.455,181,468,0.387,241,460,0.524,0.552,223,260,0.858,58,238,296,120,34,1,118,116,1248,"UTA","bojanbogdanovi"
"480",667,"Rudy Gobert",29,66,66,2120,362,508,0.713,0,4,0,362,504,0.718,0.713,303,439,0.69,241,727,968,72,45,137,119,176,1027,"UTA","rudygobert"
"481",668,"Mike Conley",34,72,72,2058,344,791,0.435,169,414,0.408,175,377,0.464,0.542,129,162,0.796,47,170,217,385,96,21,123,142,986,"UTA","mikeconley"
"482",669,"Hassan Whiteside",32,65,8,1162,215,330,0.652,0,0,NA,215,330,0.652,0.652,104,167,0.623,166,328,494,26,22,103,53,179,534,"UTA","hassanwhiteside"
"483",670,"Joe Ingles",34,45,15,1122,115,285,0.404,78,225,0.347,37,60,0.617,0.54,17,22,0.773,12,119,131,158,23,5,46,82,325,"UTA","joeingles"
"484",671,"Rudy Gay",35,55,1,1038,157,379,0.414,70,203,0.345,87,176,0.494,0.507,62,79,0.785,55,187,242,56,25,19,47,95,446,"UTA","rudygay"
"485",672,"Trent Forrest",23,60,6,765,76,155,0.49,5,27,0.185,71,128,0.555,0.506,38,48,0.792,23,76,99,106,30,6,48,43,195,"UTA","trentforrest"
"486",673,"Eric Paschall",25,58,3,736,114,235,0.485,40,108,0.37,74,127,0.583,0.57,66,86,0.767,30,76,106,36,9,5,27,51,334,"UTA","ericpaschall"
"487",675,"Jared Butler",21,42,1,360,61,151,0.404,28,88,0.318,33,63,0.524,0.497,11,16,0.688,5,40,45,63,17,8,33,47,161,"UTA","jaredbutler"
"488",677,"Udoka Azubuike",22,17,6,195,37,49,0.755,0,0,NA,37,49,0.755,0.755,6,11,0.545,18,53,71,0,1,11,12,25,80,"UTA","udokaazubuike"
"489",680,"Miye Oni",24,16,0,44,2,9,0.222,1,8,0.125,1,1,1,0.278,0,1,0,1,6,7,5,0,0,1,7,5,"UTA","miyeoni"
"490",684,"Norvel Pelle",28,3,0,19,3,5,0.6,0,0,NA,3,5,0.6,0.6,0,0,NA,3,3,6,0,0,1,2,1,6,"UTA","norvelpelle"
"491",686,"Zylan Cheatham",26,1,0,5,0,3,0,0,2,0,0,1,0,0,0,0,NA,0,0,0,0,0,0,0,0,0,"UTA","zylancheatham"
"492",687,"Kentavious Caldwell-Pope",28,77,77,2329,361,829,0.435,159,408,0.39,202,421,0.48,0.531,137,154,0.89,41,220,261,145,83,26,97,139,1018,"WAS","kentaviouscaldwellpope"
"493",688,"Kyle Kuzma",26,66,66,2204,423,936,0.452,128,375,0.341,295,561,0.526,0.52,156,219,0.712,70,491,561,233,42,57,169,128,1130,"WAS","kylekuzma"
"494",689,"Deni Avdija",21,82,8,1984,250,579,0.432,82,259,0.317,168,320,0.525,0.503,103,136,0.757,52,373,425,167,59,44,87,190,685,"WAS","deniavdija"
"495",690,"Corey Kispert",22,77,36,1801,234,514,0.455,112,320,0.35,122,194,0.629,0.564,54,62,0.871,53,156,209,85,35,22,50,93,634,"WAS","coreykispert"
"496",691,"Daniel Gafford",23,72,53,1444,285,411,0.693,0,1,0,285,410,0.695,0.693,107,153,0.699,155,252,407,68,30,99,65,170,677,"WAS","danielgafford"
"497",692,"Bradley Beal",28,40,40,1439,348,771,0.451,63,210,0.3,285,561,0.508,0.492,169,203,0.833,38,151,189,265,36,15,135,95,928,"WAS","bradleybeal"
"498",693,"Raul Neto",29,70,19,1372,204,441,0.463,35,120,0.292,169,321,0.526,0.502,83,108,0.769,13,121,134,217,55,3,79,104,526,"WAS","raulneto"
"499",696,"Rui Hachimura",23,42,13,943,187,381,0.491,55,123,0.447,132,258,0.512,0.563,46,66,0.697,25,135,160,48,23,9,33,53,475,"WAS","ruihachimura"
"500",701,"Anthony Gill",29,44,0,463,62,109,0.569,14,26,0.538,48,83,0.578,0.633,42,52,0.808,33,52,85,27,5,11,18,58,180,"WAS","anthonygill"
"501",702,"Thomas Bryant",24,27,9,439,77,148,0.52,12,42,0.286,65,106,0.613,0.561,35,40,0.875,26,82,108,23,6,21,19,43,201,"WAS","thomasbryant"
"502",704,"Isaiah Todd",20,12,0,74,7,26,0.269,4,16,0.25,3,10,0.3,0.346,2,6,0.333,3,9,12,4,4,2,4,4,20,"WAS","isaiahtodd"
"503",705,"Cassius Winston",23,7,0,39,4,11,0.364,2,6,0.333,2,5,0.4,0.455,4,4,1,0,1,1,7,0,0,3,9,14,"WAS","cassiuswinston"
"504",706,"Jordan Schakel",23,4,0,30,1,11,0.091,1,6,0.167,0,5,0,0.136,2,2,1,2,6,8,0,1,0,1,0,5,"WAS","jordanschakel"
"505",709,"Joel Ayayi",21,7,0,20,1,6,0.167,0,1,0,1,5,0.2,0.167,0,0,NA,1,2,3,4,0,0,0,0,2,"WAS","joelayayi"
"506",710,"Craig Sword",28,3,0,19,3,4,0.75,0,1,0,3,3,1,0.75,0,0,NA,0,0,0,1,4,0,1,7,6,"WAS","craigsword"
"507",714,"Jordan Goodwin",23,2,0,6,0,3,0,0,1,0,0,2,0,0,0,0,NA,0,1,1,0,0,0,0,1,0,"WAS","jordangoodwin"
"508",715,"Jaime Echenique",24,1,0,3,0,0,NA,0,0,NA,0,0,NA,NA,0,0,NA,0,0,0,0,0,0,0,0,0,"WAS","jaimeechenique"
